symbol,geneticConstraint,hasHighQualityChemicalProbes,expressionAtlas
PSEN1,-0.7674572531715389,1,0.0498809631145068
APP,-0.7845559845559845,,0.0
PSEN2,-0.2050744622173194,,0.0
APOE,0.531053502482074,,0.017251532679053
GRIN1,-0.60419194704909,,0.0
SORL1,-0.6372862658576944,,0.0476803620843015
CDK5,-0.5891891891891892,1,0.0897798679319798
ADAM10,-0.9054605626034198,0,0.020403122422004
GRIN3B,0.8228350799779371,,0.0
ACHE,-0.6356315499172642,0,0.0
ACE,-0.1537782680639823,,0.0
BCHE,0.3825703254274684,,0.0
APH1B,0.5385548814120242,,0.0
GRIN2B,-0.9940430226144512,0,0.0327938938432379
CDK5R1,-0.9352454495311638,,0.0
HFE,0.1274131274131273,,0.0
GRIN2A,-0.9111969111969112,1,0.0193796154633794
CDC25B,-0.5169332597904026,0,0.0
GRIN2D,-0.5156094870380585,,0.0
CR1,-0.3288472145615002,,0.0
EPHA1,0.0353006067291781,,0.0
GRIN3A,-0.506784335355764,,0.0
GRIN2C,0.3366795366795367,,0.034241163161137
GRN,-0.5810259238830667,0,0.0
HMGCR,-0.7436293436293436,1,0.0093647193975708
ABCA7,0.5769442912300056,,0.0
CD33,0.188527302813017,,0.0
FOXO3,-0.9167126309983452,,0.0
TREM2,0.4027578599007171,,0.0
NDUFAB1,-0.5523441809156096,,0.0701512135720814
CDKN2B,0.8688361831218974,,0.0
BIN1,-0.2583563154991726,,0.0
GSK3B,-0.6749034749034749,1,0.0168778653229125
CDKN1A,0.6798676227247655,,0.0
PSAP,-0.6805295091009377,,0.0
PLCG2,-0.7297297297297297,,0.0
CLU,-0.4158852730281301,,0.02558786498941
PLK1,-0.9533370104798676,1,0.0
CDK4,-0.5547710976282405,1,0.0
SMPD1,0.1622724765581908,,0.0
NCK2,-0.3945945945945945,,0.0
MS4A6A,0.5428571428571429,,0.0
AXL,-0.5385548814120242,,0.0
NDUFS5,0.2191947049089906,,0.0497634404440911
AURKB,-0.0199669056811914,1,0.0
NDUFA8,0.2445670159955875,,0.0587085089390639
NDUFV2,-0.5637065637065637,,0.0
SCARB1,-0.4216216216216216,0,0.0
LSM6,0.0,,0.0
CDKN2A,-0.2999448428019856,,0.0
CDKN1C,0.972972972972973,,0.0
CDK1,-0.6135686707115279,1,0.0
RIOK2,0.0711527854384996,,0.0
NDUFS1,-0.2271373414230557,,0.0316856430318785
MTMR3,-0.8843905129619415,,0.0
FADS2,-0.7777164920022063,,0.0
DDX39B,-0.9450634307777164,,0.0304204648625673
ATP6V1B2,-0.7335907335907336,,0.0940238813686302
UQCRC1,-0.3457253171538885,,0.043122851094602
ATP6V1A,-0.8045228902371759,,0.0233171734819987
AURKA,-0.6572531715388858,1,0.0
CD2AP,-0.2617760617760618,,0.0
MPO,0.0410369553226697,,0.0
NDUFS2,-0.4487589630446773,0,0.0
PIKFYVE,-0.6621070049641478,1,0.0275751012394466
CAMLG,0.4239382239382239,,0.0
NDUFA9,-0.3141753998896855,,0.0
NR1H2,-0.1161610590182018,1,0.0
CSNK1A1,-0.8535024820739107,,0.0545414122164036
PICALM,-0.508108108108108,,0.0
AKAP11,-0.8720353006067292,,0.0
MASTL,-0.30711527854385,,0.0
TARS2,-0.3520132377275234,,0.0
ATP6V1C1,0.3353557639271924,,0.0411192292905212
CDK12,-0.950468836183122,1,0.0
KAT8,-0.2015444015444015,,0.0
INPP5D,-0.8156646442360728,,0.0
PI4KB,-0.7713182570325428,,0.0
CASS4,-0.6551571980143409,,0.0
TP53,-0.7412024269167126,,0.0
NDUFB7,0.976061776061776,,0.1065639668812904
MTMR6,-0.2870380584666299,,0.0
H2BC4,0.965361279646994,,0.0
KIF1A,-0.88284611141754,,0.058920003142902
BMS1,-0.680419194704909,,0.0
CTSB,0.82426916712631,,0.0
MTOR,-0.9104247104247104,1,0.0
NEU1,0.1417539988968561,,0.0
OGG1,0.2289023717595146,,0.0
PIK3CB,-0.8724765581908439,1,0.0
TGFBR2,-0.653061224489796,,0.0
AP2S1,-0.7110865968008826,,0.0489540364926302
RRP15,-0.0328736900165471,,0.0
SCD,-0.9292884721456148,0,0.0441300720634165
GABRP,0.5623827909542196,,0.0
XPO1,-0.9977937120794264,,0.0
NOC4L,-0.0079426365140651,,0.0
RAB7A,-0.9290678433535576,,0.0
TGFBR1,-0.678323221180364,1,0.0434822889049946
PTPN1,-0.8699393270821842,1,0.0
CLK2,-0.9072255929398788,1,0.0
CLTC,-0.9931605074462218,,0.0601343218685865
PPT1,-0.3928295642581356,,0.0248082258516668
NDUFS8,-0.3258687258687258,,0.1039311058299512
FCF1,0.0853833425261996,,0.0
SHARPIN,-0.1145063430777716,,0.0
NDUFB9,0.3357970215113073,,0.0353433481711341
PPP1R10,-0.9299503585217872,,0.0330937931684938
NDUFA5,0.6111417539988968,,0.0601701366441364
GM2A,-0.0002206287920573,,0.0
AP2M1,-0.966685052399338,,0.1262915963837994
HSD17B12,0.5236624379481523,,0.0
COPA,-0.9953667953667954,,0.0
NDUFC2,-0.0068394925537782,,0.0
SON,-0.9995587424158852,,0.0
COPG1,-0.8199669056811913,,0.0830555055696996
NUP93,-0.4735797021511307,,0.0131591847302933
SF3B1,-0.9942636514065084,,0.0409773055417108
ACACA,-0.8222835079977937,,0.0
BMP2K,-0.3366795366795366,1,0.0699396771271234
PIK3R1,-0.8354109211252069,,0.0
NAGPA,0.681081081081081,,0.0630169585878708
SNRPD3,-0.9571980143408716,,0.0
MDN1,-0.7742967457253171,,0.0496251302426223
MED1,-0.9713182570325428,,0.0
MCM10,-0.0526199669056811,,0.0
NDUFA6,0.6993932708218422,,0.0
KIF18B,-0.3162713734142305,,0.0
COPZ1,-0.7491450634307777,,0.0212116335174922
SNX3,-0.6697186982901269,,0.0
TNPO3,-0.4985107556536128,,0.0
COPB1,-0.9100937672366244,,0.0
COPB2,-0.968450082735797,,0.0
DSTYK,-0.746276889134032,,0.0
HEATR1,-0.8774407060121345,,0.0
ZNF207,-0.5725317153888583,,0.0
PAF1,-0.5739658025372312,,0.0
SEC13,-0.3823496966354109,,0.0
DHX37,-0.668946497517926,,0.0
PXK,-0.5825703254274683,,0.0202550083012604
PPP1R15B,-0.3896304467733039,,0.0
NUP205,-0.8319911748483177,,0.0
SNRPE,-0.0263651406508549,,0.0
IMP3,0.9845559845559846,,0.0
LTV1,-0.373303916161059,,0.0
SUPT6H,-0.9981246552675124,,0.0
PLRG1,-0.6433535576392719,,0.0
NOP16,-0.195477109762824,,0.0
MTMR14,-0.463761720904578,,0.0
PPAN,0.1811362382790955,,0.0
TMEM106B,-0.2653061224489795,,0.0
LRP1,-0.9897407611693326,,0.0
DIMT1,0.2522890237175952,,0.0
HTR2C,0.0,1,0.0147047599291262
PRDX2,-0.1976833976833977,,0.1282813143275777
WDHD1,-0.0790954219525648,,0.0
SLC24A4,-0.1846662989520132,,0.0
PTK2B,-0.6188637617209045,1,0.0
B4GALT2,-0.3066740209597353,,0.0
MT-ND1,0.0,,0.0
RASGEF1C,-0.5483728626585769,,0.0
ELMO2,-0.7031439602868175,,0.0
GBF1,-0.5158301158301158,,0.0
RSL24D1,-0.636734693877551,,0.0
BLOC1S5,0.7537782680639824,,0.0
PTPN12,-0.6742415885273028,,0.0
AP3B1,-0.580584666298952,,0.0
LAMTOR3,0.7619415333701047,,0.021519855747389
DHX15,-0.9785990071704358,,0.0
NECTIN2,-0.4923331494760066,,0.0
SBF1,-0.8132377275234418,,0.0
ATP1A1,-0.9633756205184776,,0.0650117284578785
WRAP53,-0.5109762824048538,,0.0
SNRPD2,-0.7990071704357419,,0.039747221625369
NDUFC1,0.7186982901268615,,0.0
TAOK1,-0.9467181467181468,1,0.0
JAZF1,-0.7539988968560397,,0.0360085525896178
NDUFV1,0.2111417539988969,,0.0677517096781494
SMG8,-0.4012134583563155,,0.0
IPO7,-0.984776613348042,,0.0
NRIP1,-0.7010479867622725,,0.0103648034040994
PTDSS1,-0.3248758963044678,,0.0
NDUFB4,0.2880308880308879,,0.0781690916835703
SKP2,-0.6499724214009928,,0.0
RIPK1,-0.5685603971318257,1,0.0
SQLE,-0.5332597904026475,,0.0334402809988098
RAP2B,-0.1941533370104798,,0.0
IL34,0.5225592939878654,,0.0
ZNF652,-0.716822945394374,,0.0
TRAPPC5,0.7023717595146166,,0.0
GGPS1,0.0858246001103144,,0.0
PDGFRA,-0.9141753998896855,0,0.0
MS4A4E,0.8894649751792609,,0.0
ATP8B4,0.0792057363485934,,0.0
HTR2A,-0.529288472145615,1,0.0491590820044604
CALR,-0.768450082735797,,0.0
BTF3,-0.0743519029233314,,0.0512131894013915
PILRA,0.6258135686707116,,0.0
NISCH,-0.7021511307225593,,0.0
PAPOLA,-0.9478212906784336,,0.0
ABI3,0.2531715388858246,,0.0
NUP160,-0.5749586321014892,,0.0
PRSS8,-0.302592388306674,,0.0
SLC18A2,-0.4647545504688362,,0.0
MTMR12,-0.8019856591285163,,0.0
SNRK,-0.9613899613899614,,0.0257722926649263
RXRG,-0.641257584114727,1,0.0
PVR,0.3032542746828461,,0.0
TFCP2L1,-0.9038058466629896,,0.0
FERMT2,-0.8829564258135687,,0.0274232208613344
TTN,-0.7104247104247104,,0.0
RANBP3,-0.9009376723662438,,0.0
ABCA1,-0.6174296745725317,,0.0
MTMR9,-0.332046332046332,,0.0
SLC6A3,-0.8035300606729179,0,0.0
TSPAN14,-0.4569222283507997,,0.0
AP3D1,-0.7489244346387203,,0.0
COX7C,0.0848317705460561,,0.0
SPI1,-0.8872586872586873,,0.0
DRD2,-0.8243794815223386,1,0.0
EEF2,-0.8061776061776061,,0.0095928176652144
EPM2A,0.3776061776061776,,0.0
VPS28,0.6675124103695533,,0.1175685464225113
PIP5K1A,-0.3608383894098179,,0.0
IDUA,0.5548814120242691,,0.0
HTR1A,-0.0130170987313844,1,0.0
APH1A,-0.2782129067843353,,0.0
CLK3,-0.6822945394373966,1,0.0
CHRNA7,0.1740761169332598,,0.0
CDH13,-0.7340319911748483,,0.0
PDE7B,-0.2997242140099283,,0.0
MAK,-0.1285162713734142,,0.0
PPARG,-0.5346938775510204,1,0.0
MINDY2,0.0873690016547159,,0.0
MMP25,0.6458907887479317,,0.0
HTR6,0.6153337010479867,,0.0
EGFR,-0.7139547710976282,1,0.0718317282669526
PANK1,-0.2600110314396029,1,0.0
DRD1,-0.9222283507997794,,0.0
PTGS2,-0.8618863761720905,0,0.0
MRPS27,0.3172642029784887,,0.0
ING3,-0.9043574186431328,,0.0
DLD,-0.3992277992277993,,0.0839037129740863
QPCT,0.5110865968008824,,0.0
NCSTN,-0.8508549365692223,,0.0
MTMR10,-0.1259790402647546,,0.0204943956784833
PDE9A,0.219746276889134,1,0.0
CREB1,-0.962934362934363,,0.0
PSENEN,-0.6296745725317154,,0.0
KAT5,-0.5762824048538334,,0.0
MOB3B,-0.4796469939327082,,0.0
ULK4,-0.0444567015995587,,0.0
ELOVL7,0.124765581908439,,0.0415174103328786
ESR2,0.0580253723110866,0,0.0
GABRB1,-0.6136789851075566,,0.0127773923850814
BRD2,-0.9018201875344732,1,0.013777029209978
RELA,-0.7947049089906233,0,0.0
UQCRB,-0.0296745725317153,,0.0
CREB3L3,0.3252068394925538,,0.0
GAK,-0.4529509100937672,1,0.0
ADRA2B,0.7192498621070049,1,0.0
CNTNAP2,-0.407942636514065,,0.009227272432312
JUN,-0.4166574738003309,,0.0
LMNA,-0.7811362382790954,,0.0
PDE4B,-0.8223938223938224,1,0.0
MMP8,0.6592388306674022,0,0.0
ZNF629,-0.9013789299503584,,0.0
COG8,0.4619966905681192,,0.0
TSPO,0.9024820739106454,,0.0
PRDX1,0.5334804191947049,,0.0717994609339455
CAPN2,0.1064533921676778,,0.0155277495751679
CANX,-0.9107556536127964,,0.0
BRSK2,-0.8373965802537231,,0.0689771358735829
NOC3L,0.2012134583563154,,0.0
FLNA,0.0,,0.0
CTSL,-0.0636514065085493,1,0.0
PTGS1,-0.253392167677882,1,0.0
ULK1,-0.5549917264202979,1,0.0
PTPRA,-0.916492002206288,,0.0710050256327766
ZKSCAN1,-0.780584666298952,,0.0
FOSL1,0.0028681742967457,,0.0
GOT1,-0.44853833425262,,0.091187111809584
MMP1,0.5011583011583012,0,0.0
NR3C1,-0.8916712630998346,1,0.0
STAT4,-0.6848317705460563,,0.1355965758913351
CAST,0.0,,0.0
CAST,0.3983452840595698,,0.0
CCDC6,-0.6185328185328185,,0.0274709570166805
NOX4,0.0897959183673469,,0.0
CAPN1,0.0143408714837285,0,0.0
TTK,-0.483177054605626,1,0.0
SREBF1,-0.4888030888030887,,0.0
LILRB2,-0.1819084390512961,,0.0
PFKP,0.4955322669608384,,0.0
CDC25A,-0.7012686155543298,,0.0
EMC4,-0.4271373414230557,,0.033033367736202
SLC35C1,-0.4853833425261996,,0.0
SPTLC2,-0.6957528957528958,,0.0
B4GALT1,-0.3825703254274682,,0.0
ACSL4,0.0,,0.0
NGLY1,0.0687258687258687,,0.0260548313964244
PPP3CC,-0.3362382790954219,,0.0
PECAM1,0.0,,0.0790197443453969
FOXK1,-0.4862658576944291,,0.0
LMNB1,-0.6317705460562604,,0.0
MELK,0.2273579702151131,1,0.0
PTPRO,-0.6747931605074462,,0.0443603609948522
RAD51C,0.2986210700496414,,0.0437264299773896
NFKB2,-0.8805295091009376,,0.0
FASTK,-0.444677330391616,,0.0
CAPNS1,0.3706563706563706,,0.0775575325350673
NDUFB6,0.9526751241036956,,0.0368259896107789
HINFP,-0.6839492553778268,,0.0
MMP13,0.1783783783783783,1,0.0
GOLGA2,-0.787534473248759,,0.0494153480793659
ATF5,0.7394373965802536,,0.0
MMP7,0.2241588527302813,,0.0
VEZF1,-0.9709873138444568,,0.0
CDC25C,0.3538885824600111,0,0.0
ZNF827,-0.9579702151130722,,0.0736777985021432
ABCC9,-0.6240485383342527,,0.0
PFKL,0.1093215664644235,,0.0
RIN3,-0.183342526199669,,0.0
CAPNS2,0.2559293987865416,,0.0
KAT7,-0.9056811913954772,1,0.0
BRD8,-0.6354109211252068,,0.0
PRKAB1,-0.3555432984004413,,0.0
CDC5L,-0.9166023166023166,,0.0
CTSH,0.4760066188637617,,0.0176832905379241
SLC36A1,-0.3857694429123001,,0.0
SLC7A14,-0.319580805295091,,0.0759945970079036
DLX2,-0.6563706563706564,,0.0
NDUFB10,0.7256480970766686,,0.0
CYB5R4,-0.2616657473800331,,0.0
GTF2I,-0.9594043022614452,,0.0
ZC3H8,0.1078874793160507,,0.0
PSKH1,-0.4218422504136789,,0.0
VARS2,-0.277661334804192,,0.0
CXXC1,-0.826696083838941,,0.0
NVL,-0.1329288472145615,,0.0
CDYL,-0.8926640926640926,,0.0
TIMM44,-0.3547710976282404,,0.0
MAP2K4,-0.9463872035300608,1,0.0750376407995767
PTPRJ,0.1377826806398234,,0.0549816758904566
MLPH,-0.1942636514065086,,0.0
PPP2R1A,-0.8499724214009928,,0.0362152064650724
SLC39A10,-0.8643132928847215,,0.0879994475808189
PTPRS,-0.8167677881963596,,0.0
MAPT,-0.4056260341974628,1,0.0
GNPAT,-0.605515719801434,,0.0
MAP2K7,-0.7361279646993932,1,0.0
PICK1,-0.3337010479867622,,0.0
LILRA5,0.2222835079977936,,0.0
ESR1,-0.734142305570877,1,0.0
ADRB3,0.9806949806949808,1,0.0
LRRC25,-0.6130170987313844,,0.0
MPRIP,-0.8976282404853834,,0.0306818197572378
MTFR1,-0.1452840595697738,,0.0
CTDSP1,-0.4555984555984556,,0.0
CCDC88A,-0.9235521235521236,,0.0821135497524987
MRPL35,0.4644236072807501,,0.0
S100A4,0.2829564258135686,,0.0108655065784588
ILF3,-0.8797573083287369,,0.0
ATOH8,-0.2955322669608383,,0.0
APOB,-0.6480970766685052,,0.0
MS4A6E,0.1548814120242692,,0.0
USP6NL,-0.4265857694429122,,0.0
COX7B,0.0,,0.0
ABHD6,0.1784886927744071,1,0.0
PDGFRB,-0.6833976833976834,1,0.0
DNPEP,-0.0084942084942084,,0.0
LRRK2,-0.319249862107005,1,0.0
GLP1R,-0.6955322669608384,,0.0
PNO1,0.0531715388858247,,0.0
AP3M1,-0.2500827357970215,,0.0
PHKG2,-0.1603971318257032,,0.0
TSPOAP1,-0.604522890237176,,0.0
FBXL22,0.8126861555432985,,0.0
PPP1CB,-0.9260893546607832,,0.0
FGFR3,-0.7324875896304468,1,0.0528083547788336
PPM1D,0.3665747380033095,1,0.0
PRDM7,0.0586872586872586,,0.0
PRDM9,0.1318257032542746,1,0.0
APOC1,0.6721456150027578,,0.0
TOMM40,-0.7342526199669057,,0.0
CDK2,-0.8062879205736349,1,0.0
TRAPPC11,-0.2603419746276889,,0.0126171738578522
CGA,-0.2943188086045228,,0.0
TRRAP,-0.990623276337562,,0.0
IL6R,-0.00584666298952,,0.0
ATP5F1C,-0.3136238279095422,,0.1182243331873712
ARPC5L,-0.5583011583011583,,0.0237947520727521
PIK3R2,-0.3504688361831218,,0.0
BACE1,-0.6246001103143961,1,0.0
GNG4,0.9293987865416438,,0.0
ARNT,-0.8092664092664092,,0.0
CACNA1A,-0.8610038610038611,,0.0119909734487705
ZFHX3,-0.9627137341423057,,0.12607087829013
FAHD2A,0.158411472697187,,0.0
MMP3,0.468284611141754,,0.0
USP3,-0.7339216767788197,,0.0
SDK1,-0.3349145063430777,,0.0
TBX5,-0.91130722559294,,0.0
RABEP1,-0.6982901268615554,,0.0953279967108872
WIPF2,-0.3191395477109763,,0.0
XPO7,-0.9641478212906784,,0.0
SDCCAG8,-0.2161059018201875,,0.0
RAB9A,0.0,,0.008107531777078
MGAT1,-0.519911748483177,,0.0
CSF1R,-0.7038058466629895,1,0.0
TRMT10C,-0.3509100937672366,,0.0359291594585936
SPEN,-0.99580805295091,,0.0
DDAH1,0.2950910093767236,,0.0
EPB41L1,-0.8094870380584667,,0.0
SHMT1,0.1955874241588526,,0.0
CAMK1G,-0.5482625482625483,,0.0335994496834992
IGFBP3,-0.173634859349145,,0.0
ACP5,0.3003861003861003,,0.0
ARPC4,-0.8368450082735797,,0.0
ZNF568,0.122669608383894,,0.0
ZNF462,-0.9980143408714838,,0.0691255744771879
CLINT1,-0.7730832873690017,,0.0
GDI1,0.0,,0.0
CYSLTR1,0.0,1,0.0
PTH,0.5318257032542746,,0.0
HIC1,-0.1157198014340871,,0.0
EXOC2,-0.5372311086596802,,0.0
SCIMP,0.4738003309431882,,0.0
COMP,0.1894098179812464,,0.0
NDUFS4,0.6965250965250964,,0.0240490835716714
FAM20B,-0.3643684500827358,,0.0210411011712605
GRIK5,-0.5780474351902923,0,0.0
SPPL2A,0.1911748483177053,,0.0
NFIB,-0.8863761720904578,,0.0145929152909688
DOCK3,-0.8881412024269167,,0.0
KRT86,0.1389961389961389,,0.0
IPO13,-0.8686155543298401,,0.0
S100A13,0.5662437948152235,,0.0
FADS1,-0.7642581356867071,,0.0
MVP,-0.0493105350248207,,0.0
KIT,-0.9308328736900164,0,0.0
LAMTOR1,-0.2924434638720353,,0.0
CAV1,-0.0017650303364589,,0.0365193293227898
COX7A1,0.9489244346387204,,0.0382103585818321
MAP4K2,-0.1755102040816326,1,0.0
PPP1R12A,-0.9777164920022064,,0.0202676617790573
ACY3,0.383011583011583,,0.0
ADORA2B,0.6159955874241589,1,0.0
PTPRN2,-0.2687258687258687,,0.0479817595417631
NUAK2,-0.0116933259790402,1,0.0
HCN2,-0.5353557639271924,,0.0
LCMT1,-0.022504136789851,,0.0
ARMH3,-0.3410921125206839,,0.0
EVX2,0.4254826254826254,,0.0
KMT2B,-0.987865416436845,,0.0
IRF4,-0.8116933259790402,,0.0
PAPSS1,0.0251516822945394,,0.0340186583925997
ITGB4,-0.1876447876447876,,0.012270331535468
FUZ,0.309873138444567,,0.0
HES4,0.9762824048538334,,0.0
MTHFS,0.0411472697186983,,0.0
VEGFC,-0.8155543298400441,,0.0
PURA,-0.9846662989520132,,0.0
KMT2C,-0.95565361279647,,0.0
GMPR,0.4115830115830117,,0.0123336987284411
CSNK2B,-0.9322669608383894,,0.0
AFF3,-0.8734693877551021,,0.0102195690155397
FECH,-0.1880860452289023,,0.0
GLIS3,-0.1996690568119139,,0.0
ECHDC3,0.7490347490347491,,0.0
TPST2,-0.0211803640375068,,0.0
MAPK14,-0.6155543298400441,1,0.0244452478305621
MRPS17,0.048869277440706,,0.0
NME4,0.7430777716492003,,0.0
MTHFD1L,-0.1932708218422504,,0.0
NKX2-3,-0.6196359624931054,,0.0
PPP4R1,-0.6650854936569222,,0.0
AASS,-0.036403750689465,,0.0
PSG2,0.7956977385548814,,0.0
CTCF,-0.9525648097076668,,0.0
PIM1,-0.7522338665195808,1,0.0
FARP1,-0.6333149476006619,,0.0
PTPRD,-0.9538885824600112,,0.0
ECE1,-0.7071152785438499,0,0.0
PIK3C2A,-0.5271924986210701,,0.0468928315975651
DYRK1B,-0.6335355763927193,1,0.0
ARL1,-0.1088803088803088,,0.0
SLC25A4,-0.4531715388858246,,0.0618662295436067
DSTN,0.0635410921125207,,0.0401058588789016
EPHX2,0.2219525648097076,1,0.0
MRPL33,0.2927744070601212,,0.0
CDC42EP5,0.988196359624931,,0.0
FGGY,0.3883066740209597,,0.0
PTGFR,-0.210369553226696,1,0.0
DHX30,-0.9982349696635412,,0.0
BARHL2,-0.5335907335907336,,0.0
TCF7L2,-0.7158301158301159,,0.0711194875635599
TRIM48,0.7319360176503034,,0.0
MRPL42,0.5991174848317706,,0.0115036332200706
PPP1CA,-0.6272476558190844,,0.0309324613505269
TRAPPC3,-0.5377826806398235,,0.0
LIPG,-0.1496966354109211,,0.0
AKAP8L,-0.5782680639823496,,0.0
UBE2V2,0.3819084390512961,,0.0
ARHGEF17,-0.6081632653061224,,0.0
MAST2,-0.6004412575841147,,0.0538754187991707
NCOR2,-0.7423055708769994,0,0.0
NME9,0.5982349696635412,,0.0
MYL6B,0.2062879205736347,,0.0498770842537513
NBPF4,0.8177606177606178,,0.0
DIRAS2,-0.3157198014340872,,0.0
AOPEP,0.0177606177606177,,0.0
RAB20,0.8154440154440155,,0.0
PANK3,-0.3603971318257032,1,0.0
NEK1,-0.0170987313844456,,0.0454571293238357
MRPL45,-0.2764478764478765,,0.0
PPP3R1,-0.468946497517926,,0.0
CCN3,-0.0025372311086596,,0.0107395847511448
WNK3,0.0,,0.0218060963018228
HAGH,0.6081632653061224,,0.0429066804150132
PAM16,0.1210148924434639,,0.0
SHROOM1,0.4596800882515168,,0.0
STAT3,-0.9918367346938776,1,0.0583042811441755
HAVCR2,-0.3004964147821291,,0.0
GRK5,-0.5629343629343629,,0.0
WNT2,-0.6760066188637617,,0.0
ST3GAL4,-0.3478212906784335,,0.0
SERPINF1,0.1658025372311087,,0.0639488213568967
TJP2,-0.2466629895201323,,0.0
MRPL34,0.9324875896304468,,0.0360751637578072
ITPKB,-0.8544953116381688,,0.0822566588769496
CAMK1D,-0.8333149476006618,1,0.0
NUP88,-0.3707666850523993,,0.0238000863717338
SYBU,-0.1319360176503033,,0.0420749501004971
ATM,-0.2109211252068394,1,0.0
MINK1,-0.7923883066740209,,0.0911563959363273
DYNC1I2,-0.2215113072255929,,0.0
FTCD,0.7474903474903476,,0.0
HIF1A,-0.8435741864313293,,0.0
TFPI,-0.6226144511858798,,0.0
CDK11B,-0.1138444567015996,,0.0
SLIT3,-0.7132928847214561,,0.0
ABCG1,-0.604853833425262,,0.0
COX7B2,0.8309983452840595,,0.0
ANKRD55,-0.2166574738003309,,0.0
SAP30L,-0.2551571980143409,,0.0
TBL1XR1,-0.970546056260342,,0.0
G3BP2,0.1157198014340872,,0.0262976871760614
NEK6,-0.000330943188086,,0.0
ZBTB9,-0.0693877551020408,,0.0
ESRP2,-0.3616105901820188,,0.0
TYW1,-0.5458356315499173,,0.0
LGMN,-0.2018753447324875,,0.0095928176652144
NDUFA7,0.9178157749586322,,0.0
KHDRBS2,-0.1464975179260893,,0.0
GSTO1,0.7894098179812465,0,0.0852988749253405
NFATC2,-0.8327633756205185,,0.0
ZC3H14,-0.7439602868174297,,0.0
DENND1A,-0.5771649200220629,,0.0
TLR5,0.8775510204081634,,0.0
SH3BGRL,0.0,,0.0400793790029602
MUC19,0.0,,0.0
HCN4,-0.6077220077220078,,0.0
CSNK2A2,-0.7678985107556536,1,0.0
NDUFS6,0.7108659680088252,,0.0378467022368228
SMARCC1,-0.8274682846111417,,0.0432241214450566
HLA-DQA2,0.4821842250413679,,0.0
RPS6KC1,-0.4633204633204633,,0.0304641724988684
SCLY,0.1402095973524544,,0.0
FOXO1,-0.8474351902923332,,0.0823336751178658
RBCK1,-0.1359073359073359,,0.0
COX6A2,0.942084942084942,,0.0
BZW2,-0.5726420297848869,,0.0
L3MBTL3,-0.8660783232211804,1,0.0
PRRX1,-0.6069498069498069,,0.0
MAPKAP1,-0.8276889134031991,,0.0
RGMB,-0.0742415885273027,,0.0
SLC25A6,0.0,,0.0
SLC25A6,0.0,,0.0
KCNJ3,-0.94142305570877,,0.009205002719726
ACTR2,-0.9685603971318256,,0.0366381908509461
ARHGAP8,0.7676778819635963,,0.0
DUSP2,0.6402647545504689,,0.0
CSE1L,-0.9040264754550468,,0.0
B3GNT2,-0.4733590733590733,,0.0
ADGRA3,-0.5586321014892444,,0.0579300220543806
MRPS15,0.3243243243243243,,0.0716758401929701
ALDH8A1,0.2530612244897958,,0.0
ANO5,0.1227799227799228,,0.00894390772773
PSME4,-0.803088803088803,,0.0
CKMT1B,-0.2862658576944291,,0.0
FCRL2,0.1028130170987313,,0.0
NEGR1,-0.7626034197462769,,0.039732222807516
GPX1,0.5895201323772752,,0.0
DDR2,-0.8202978488692775,1,0.0
RHOH,-0.2174296745725317,,0.0
MB21D2,-0.728957528957529,,0.0
ANAPC1,-0.907777164920022,,0.0
ARHGEF10L,-0.4979591836734693,,0.0
TEAD1,-0.9046883618312188,1,0.0407966016924407
RYR2,-0.7681191395477109,,0.0728486686601902
PPIG,-0.717484831770546,,0.0
HNF4G,-0.7704357418643133,,0.0
OLFM4,0.3380033094318808,,0.0
CHRNA2,0.3820187534473249,,0.0
CELF4,-0.6351902923331495,,0.0
BPIFA1,0.5664644236072807,,0.0
GABRA4,-0.8100386100386101,,0.0470448867714267
DYNLRB1,-0.202426916712631,,0.0
SLC6A1,-0.9792608935466078,0,0.0
CNTNAP5,-0.529619415333701,,0.0
DIO2,0.495973524544953,,0.0
CREM,-0.6512961941533371,,0.0
EED,-0.7843353557639272,1,0.0
FRMD5,-0.701930501930502,,0.0190278916965019
ZNF579,0.9367898510755654,,0.0
COQ5,-0.2680639823496966,,0.0
ABL1,-0.9620518477661336,1,0.0
HIPK1,-0.841588527302813,,0.0541012703985518
LTN1,-0.7193601765030336,,0.0
CORO1C,-0.8142305570877,,0.0430047357132194
FBP1,0.3264202978488693,0,0.0
ARFGEF1,-0.9335907335907336,,0.0
MRPL36,0.7211252068394927,,0.0865600683827791
OARD1,0.8274682846111419,,0.0
CYRIB,-0.7911748483177055,,0.0
SEC14L1,-0.4019856591285162,,0.0125218999281813
MRC1,0.0,,0.0
E2F1,-0.7962493105350248,,0.0
EPS15L1,-0.7371207942636514,,0.0
PDE3A,-0.3458356315499172,,0.0
ADARB2,-0.463099834528406,,0.0
STAG1,-0.9767236624379482,,0.0
REEP5,0.6557087699944844,,0.0429128665518098
CUX1,-0.9036955322669608,,0.0476192496724772
LRRC37A,0.6255929398786542,,0.0
ASCC1,0.0584666298952012,,0.0
MADD,-0.402757859900717,,0.0
CALU,-0.6244897959183673,,0.0
PIK3R6,0.57992277992278,,0.0
ALDH9A1,-0.141753998896856,,0.0
ANXA2,0.0287920573634858,,0.0
CDK5R2,-0.3736348593491451,,0.0
SLC26A1,0.8811913954771098,,0.0
CDKL1,0.3977937120794264,,0.0305313093637675
TCN2,-0.1399889685603971,,0.0
BCL11A,-0.988196359624931,,0.0
CEP170,-0.916161059018202,,0.0213356725857315
EPRS1,-0.6324324324324324,,0.0
TNKS1BP1,-0.7543298400441257,,0.0
NR2F2,-0.9577495863210148,,0.0
MSRB2,0.6865968008825152,,0.0884581805470675
SERPINB6,-0.1238830667402095,,0.0
OASL,0.1481522338665195,,0.0
CAMK2N1,0.7274131274131275,,0.0
TNIP1,-0.8227247655819084,,0.0
ZNF628,0.9866519580805296,,0.0
PCLAF,0.2793160507446222,,0.0
SLC6A4,-0.770876999448428,1,0.0
ERG,-0.9350248207391064,,0.0
AUTS2,-0.9360176503033646,,0.0
WWOX,0.8593491450634307,,0.0
NICN1,0.1212355212355211,,0.0
WEE1,-0.7894098179812465,1,0.0
ALPL,0.0318808604522891,0,0.0
LIPC,0.2345284059569774,,0.0
EIF4EBP2,0.7458356315499173,,0.0154081487826329
KDM4B,-0.8262548262548263,,0.0114410417377532
PTPN21,-0.3973524544953116,,0.0
MIB1,0.9995587424158854,,0.0
TESC,0.2536127964699393,,0.0
ZNF341,-0.3569773855488141,,0.0
MYOCOS,0.0,,0.0
PGR,-0.6275785990071705,0,0.0
MPDZ,0.2975179260893545,,0.0
ITGB3,-0.4563706563706563,0,0.0
MARVELD1,0.1765030336458908,,0.0
NECAP2,0.529619415333701,,0.0
CKAP5,-0.9831218974076116,,0.0
PRKCZ,-0.6007722007722007,0,0.0315255560340551
SLC6A2,-0.6671814671814672,0,0.0
NATD1,0.3434087148372862,,0.0
TMEM45B,0.6450082735797023,,0.0
MYOM2,0.6593491450634308,,0.0
ME3,-0.1988968560397132,,0.0537072825801985
KCNG1,-0.0596800882515168,,0.0705053942553009
BCCIP,0.1547710976282406,,0.0661984025430113
SYNE2,-0.6708218422504137,,0.0
PRKD2,-0.8126861555432984,,0.0
SCARB2,-0.4599007170435741,,0.0
SPRED2,0.5706563706563708,,0.0
CYB5B,0.22007722007722,,0.0
BORCS5,0.2390512961941533,,0.0
ATP10D,-0.4259238830667402,,0.0
TSEN2,0.4034197462768891,,0.0
SLC38A9,0.0857142857142856,,0.0
ADAMTS8,0.1947049089906232,,0.0355520525822891
NSUN4,-0.0682846111417539,,0.0
HEXB,0.2234969663541093,,0.0434717745273589
DRC4,0.6157749586321015,,0.0
GPAT3,0.3225592939878654,,0.0095401166907479
SIK3,-0.9103143960286816,1,0.0
DIAPH3,-0.1380033094318808,,0.0
NEURL1,0.1257584114726972,,0.0
BRWD1,-0.7437396580253723,,0.0
CAND2,-0.2619966905681191,,0.0663336406188113
GTF2IRD1,-0.8793160507446222,,0.0
SLC39A11,0.4497517926089354,,0.0
KLHDC10,-0.6554881412024269,,0.0
NRIP3,0.7848869277440707,,0.0
FBXO11,-0.9473800330943188,,0.0340936550094173
RIF1,-0.9212355212355212,,0.0
ABRAXAS2,-0.5170435741864313,,0.0
NDST4,-0.3298400441257584,,0.0
MGMT,0.616988416988417,0,0.0
CLNK,0.519911748483177,,0.0
ZNF813,0.37992277992278,,0.0
MLXIPL,-0.1468284611141753,,0.0
ZNF880,0.6996138996138996,,0.0
TTC28,-0.809376723662438,,0.0
PCYT2,-0.1134031991174848,,0.0614596700807181
RFX6,-0.4460011031439602,,0.0
SPRY4,-0.4049641478212906,,0.0
MORN3,0.6608935466078323,,0.0
CLXN,0.5602868174296747,,0.0
PKN1,-0.3726420297848869,,0.0
POFUT3,0.0538334252619967,,0.0
KLHL42,0.5339216767788197,,0.0
ULK3,0.334804191947049,,0.0
CDK8,-0.5099834528405958,1,0.0
FAM20A,0.2444567015995586,,0.0
TWIST2,-0.4182018753447325,,0.0
DRD3,-0.5631549917264203,1,0.0
PROK2,0.1532266960838388,,0.0
ZFTA,0.7427468284611143,,0.0
ADORA2A,-0.2121345835631549,1,0.0
MAP3K11,-0.3017098731384445,0,0.0
SRR,-0.1808052950910094,,0.0
TENT4B,-0.9432984004412576,,0.0
SAMHD1,-0.1375620518477661,,0.0122778127150513
NRXN3,-0.8721456150027579,,0.0460015018504164
CCRL2,0.9684500827357968,,0.0
KIF3B,-0.4651958080529509,,0.0175984815937972
DRG2,-0.0646442360728074,,0.0
TP53INP1,-0.1159404302261445,,0.0861106741950498
DOCK1,-0.5227799227799228,,0.0
DENND3,-0.2799779371207942,,0.0
ESPNL,0.7691119691119692,,0.0
LIAT1,0.9960286817429675,,0.0
TEX51,0.0,,0.0
DHPS,-0.2480970766685052,,0.0
CEP68,-0.5359073359073359,,0.0
PPP2R5E,-0.9600661886376172,,0.0
COLQ,-0.1146166574738003,,0.0
ERBB2,-0.6678433535576394,1,0.0
FAM186B,0.0020959735245449,,0.0
HMGA1,-0.7570876999448428,,0.0
POLR2D,0.7306122448979593,,0.0
TMEM255B,0.5637065637065637,,0.0
ATPAF1,-0.1897407611693325,,0.0300739988749852
CUL2,-0.8818532818532818,,0.0
DRD4,0.980584666298952,1,0.0
LRRN2,-0.6703805846662989,,0.0
PTGDS,0.149034749034749,,0.0
NPBWR1,0.9221180364037508,0,0.0
FRMD1,0.4378378378378378,,0.0
PARP8,-0.5597352454495312,,0.0333322162022872
ISX,0.6358521787093216,,0.0
ACBD5,-0.3900717043574186,,0.038688793768276
RHOV,-0.692222835079978,,0.0
SUN3,0.3810259238830666,,0.0
ADH5,0.3782680639823497,,0.0
SH3GLB2,-0.3079977937120794,,0.0
NRF1,-0.963596249310535,,0.0
OR4A8,0.0,,0.0
OR4C46,0.9933811362382792,,0.0
TINAGL1,-0.2969663541092112,,0.0
ZMAT4,-0.0579150579150579,,0.0743827074546422
IPO9,-0.8790954219525648,,0.0
MIOS,-0.531053502482074,,0.0
SFT2D2,0.3306122448979591,,0.091315821721965
TACC2,-0.4885824600110314,,0.0
FAM151B,0.1920573634859348,,0.0
SEH1L,-0.5325979040264754,,0.0275822717818118
BCR,-0.5575289575289575,0,0.0163350990385958
ADRA2C,0.258246001103144,0,0.0
TAF1,0.0,1,0.0
KIF12,0.2408163265306122,,0.0
ST7L,-0.0113623827909542,,0.0
TBC1D15,-0.5275234418091561,,0.0
ECHDC2,0.119249862107005,,0.0222008511166263
RDH8,0.1810259238830667,,0.0
MRPL16,0.2393822393822393,,0.0
TMEM59L,0.3406508549365692,,0.0
TXNDC12,0.9353557639271926,,0.0
CAGE1,-0.2986210700496414,,0.0
ING2,-0.7559845559845559,,0.0
ALDH5A1,-0.1998896856039713,,0.042056078124325
SNTG1,-0.5212355212355213,,0.0
RAB31,0.6937672366243794,,0.0382821600053973
FSCB,0.8575841147269718,,0.0
SLC12A4,-0.2379481522338665,,0.0
PHOSPHO1,0.5231108659680088,0,0.0
ATP6V0A2,-0.5644787644787645,,0.0
LARP4,-0.8253723110865968,,0.0
KMT5B,-0.9624931053502482,1,0.0
KLC3,0.7506894649751792,,0.0
CDC14C,0.6340871483728627,,0.0
GFI1B,-0.3499172642029785,,0.0
LEF1,-0.7309431880860453,,0.0658055640041042
TET2,0.9997793712079426,,0.0548980597544487
NDUFA10,0.2662989520132377,,0.0692222569298718
PSD3,-0.6063982349696635,,0.0
EEA1,-0.4873690016547159,,0.0
ZNF285,0.5949255377826805,,0.0150765569880944
DLG2,-0.7470490899062328,,0.0
SLMAP,-0.6532818532818533,,0.0
GALM,0.6231660231660232,,0.0
IRF2,-0.7051296194153337,,0.0
PRICKLE1,-0.9027027027027028,,0.0
C12orf42,0.8366243794815222,,0.0
PRLR,-0.7537782680639824,,0.0
AKAP10,-0.8130170987313845,,0.0666485735023278
ZNF227,0.3291781577495862,,0.0
TPTE,0.5939327082184225,,0.0
FST,-0.9169332597904026,,0.0
SLC52A3,0.0783232211803639,,0.0
COL8A2,0.2982901268615554,,0.0
UBA1,0.0,1,0.0291598581380126
VDR,-0.4177606177606178,0,0.0
CERKL,0.6300055157198015,,0.0
ZNF800,-0.8399338113623828,,0.0408206845921711
FOLR3,-0.3573083287369002,,0.0
GLYATL3,0.83011583011583,,0.0
CSAD,0.0060672917815773,,0.0
DRAXIN,0.2051847766133481,,0.0
IKZF2,-0.6881412024269167,1,0.0
RSAD1,0.1505791505791505,,0.0
PCBP2,-0.984445670159956,,0.0
SULT1A2,0.4375068946497518,,0.0
NPHP4,0.367457253171539,,0.0
HOXB9,-0.0109211252068395,,0.0
CUL3,-0.8326530612244898,,0.0699449361869686
CMPK1,-0.1151682294539437,,0.034333693818666
ACVR2B,-0.7868725868725869,,0.0
PLCH1,-0.4989520132377275,,0.0
PTPRF,-0.8468836183121897,,0.0
NFIA,-0.9696635410921124,,0.0745582367768378
SLC25A29,0.90126861555433,,0.0339379607243563
CTNNA1,-0.6992829564258136,,0.0
ZIC3,0.0,,0.0
GLDC,0.2168781025923882,,0.0
NUP155,-0.71715388858246,,0.0
INPP4B,-0.519249862107005,,0.0
BLID,0.915830115830116,,0.0
MAPK6,-0.7254274682846111,,0.0209693664858769
E2F3,-0.8031991174848317,,0.0
WBP1L,-0.3152785438499724,,0.0
MS4A4A,0.5665747380033095,,0.0
CTNND1,-0.9638168781025924,,0.0
CELF5,-0.9255377826806398,,0.0
KLC1,-0.6820739106453393,,0.137968138975634
FOXM1,-0.6377275234418092,,0.0
ARPC2,-0.8725868725868726,,0.0
IARS2,-0.4597904026475455,,0.0384907529567642
ZBTB37,-0.5905129619415334,,0.0
CDKN2D,0.6276889134031991,,0.0
SLC16A7,0.4302261445118587,,0.0
AKT1,-0.7152785438499725,1,0.0
ADORA3,0.3943739658025371,0,0.0092262659653117
PBX2,-0.7955874241588528,,0.0
TRIOBP,-0.1799227799227799,,0.0812699556884137
PEG3,-0.1745173745173744,,0.0
DTNB,-0.0560397131825702,,0.0626492436196993
VCP,-0.9857694429123,1,0.0
WNK2,-0.6793160507446221,,0.0
VAMP3,0.0099282956425814,,0.0
ATL2,-0.5089906232763375,,0.0
HMMR,0.2268063982349697,,0.0
KIF25,0.027688913403199,,0.0
SMYD3,-0.1233314947600662,1,0.0528603950796507
NEDD8-MDP1,-0.4456701599558742,,0.0
ZFAT,-0.4665195808052951,,0.0
JAK2,-0.2090457804743518,1,0.0
STK25,-0.4305570876999448,,0.0
CHRM1,-0.8674020959735246,1,0.1649267788822375
MACF1,-0.932046332046332,,0.0309652393674632
DNAH6,-0.3672366243794815,,0.0
CACNA1C,-0.9643684500827358,,0.0
NEO1,-0.6947600661886376,,0.0
LHX6,-0.5770546056260342,,0.0
GLRX2,0.8092664092664092,,0.0
SORCS1,-0.6811913954771098,,0.0
SLC12A2,-0.4090457804743519,,0.0
IVNS1ABP,-0.7374517374517375,,0.0
FAM20C,0.4237175951461664,,0.0
TFDP1,-0.92719249862107,,0.0
SEC24C,-0.9064533921676778,,0.0
DPP4,-0.11715388858246,1,0.0
ADORA1,-0.5710976282404854,1,0.0
PPIAL4F,0.0,,0.0
ZNF619,0.3812465526751241,,0.0
AGTR1,0.2520683949255378,,0.0
GUSB,-0.1692222835079978,,0.0
VWA8,0.0419194704908991,,0.0267494631392824
STRADA,-0.5055708769994485,,0.0
RGPD8,-0.7758411472697186,,0.0
PPP1R3B,-0.1038058466629895,,0.0
PTPN18,0.4006618863761721,,0.0
ZNF680,0.0313292884721456,,0.0
WDR70,-0.3953667953667954,,0.0704545186691862
SPTSSA,0.9815774958632102,,0.0
AP1M2,0.1888582460011032,,0.0
PLK3,-0.339658025372311,1,0.0
PKN3,0.031549917264203,1,0.0
TRPM6,-0.6963044677330392,,0.0
ADCK1,-0.0897959183673469,,0.0
TBXAS1,-0.0360728075013789,,0.0
MKNK2,0.6587975730832873,1,0.0852786228188908
KIN,-0.3145063430777717,,0.0
GHR,-0.5031439602868174,,0.0
CENPQ,0.1329288472145615,,0.0
EPCAM,0.5514616657473801,,0.0
SPMIP2,0.8441257584114727,,0.0
FSCN1,-0.6767788196359625,,0.0
DLGAP2,-0.7670159955874242,,0.0
ADRA2A,0.8382790954219526,0,0.0
GRIA1,-0.7425261996690569,,0.0471266571892693
PPP2CA,-0.8749034749034749,,0.0477240148933431
RNF24,0.4180915609487037,,0.0
AP4S1,0.7801434087148373,,0.0783703930380866
FOXRED2,-0.2894649751792608,,0.0
ZMYM2,-0.7062327633756205,,0.0
ADK,-0.1320463320463321,0,0.0
UQCRQ,0.8087148372862658,,0.0421691887666428
PGPEP1L,0.8645339216767789,,0.0
SP9,-0.3950358521787093,,0.0
SIX6,-0.080750137892995,,0.0
RAP1GAP2,-0.7592939878654165,,0.0
PDE5A,-0.4304467733039161,0,0.0
ARHGAP15,0.2894649751792608,,0.0
ZIM2,-0.6680639823496967,,0.0
RAB23,-0.2247104247104246,,0.0
HOMEZ,0.0,,0.0
PRKCE,-0.9030336458907888,0,0.0409374563614573
BMPR1B,-0.8612244897959184,,0.1027269897332934
APBB3,0.0084942084942085,,0.0
FIBCD1,0.7049089906232764,,0.0
HCN1,-0.863430777716492,1,0.0103393638673084
ROBO2,-0.7808052950910094,,0.0
ST3GAL3,-0.6047435190292333,,0.0
ZHX1,-0.7430777716492003,,0.0
E2F8,-0.6448979591836734,,0.0
MRPL10,0.2521787093215664,,0.0
REG3G,0.6158852730281301,,0.0
NUP188,-0.6446773303916161,,0.0
MKRN1,-0.8810810810810811,,0.0524148616050296
HECTD1,-0.912630998345284,,0.0
CTNNA2,-0.7000551571980144,,0.0189139230843469
RPH3A,-0.5194704908990624,,0.0931456723499769
KALRN,-0.936569222283508,,0.0
ZNF385B,-0.3661334804191947,,0.0089098443836287
EGFLAM,-0.2381687810259238,,0.0
UQCC2,0.6031991174848317,,0.0
AUH,0.0443463872035301,,0.0278188529724151
ANKRD9,0.9921676778819636,,0.0621605879755043
RAB26,0.7436293436293435,,0.0
PTCD1,0.2360728075013789,,0.0503346212390377
LAP3,0.0077220077220077,,0.0444490164823962
TENM2,-0.9184776613348042,,0.0274671784074037
LDLR,0.2180915609487037,,0.0
RASA1,-0.8858246001103144,,0.0
TRIM33,-0.936900165471594,,0.0
STK38L,-0.4607832322118036,,0.0
SEMA5B,-0.5124103695532267,,0.0
ATXN2,-0.8718146718146718,,0.0
CSNK1G3,-0.5496966354109212,,0.0
SLX4IP,0.2816326530612245,,0.0
ACSL1,-0.6262548262548262,,0.0
ZNF615,0.577164920022063,,0.0
SLCO2A1,0.1265306122448979,,0.0
ABHD12,-0.0009928295642581,1,0.0
CDH15,0.6142305570877,,0.0
PHTF2,0.2563706563706565,,0.0
RIMS1,-0.6940981798124655,,0.0552460152235059
CRYBG1,-0.1950358521787093,,0.0
LRBA,-0.6719249862107005,,0.0
MAP3K8,-0.5941533370104799,0,0.0
ROBO1,-0.1931605074462217,,0.0
NTS,0.8531715388858245,,0.0
MAP3K20,-0.6092664092664093,,0.0
ZNF837,0.0,,0.0
CLIC4,-0.1170435741864313,,0.0263588662883994
AAK1,-0.7884169884169885,1,0.0638614907831879
PRKD3,-0.4625482625482625,,0.0
DBF4,-0.714396028681743,0,0.0
MTM1,0.0,,0.0
KIAA2013,-0.1580805295091009,,0.0
TRMT61B,0.5476006618863762,,0.0
ATP8B2,-0.5396580253723111,,0.0
SGK3,-0.1751792608935466,1,0.0
CPSF1,-0.3801434087148373,,0.0
CACNA1D,-0.922007722007722,,0.0
ARPC3,-0.4680639823496966,,0.0
TUBB,-0.9680088251516824,1,0.0784437452222936
APOC4,0.8582460011031439,,0.0
LRAT,0.4070601213458356,,0.0
MRPS7,-0.353888582460011,,0.0
TANK,-0.7498069498069497,,0.0
SPG11,-0.2016547159404302,,0.0281170276405399
ZBTB40,-0.5642581356867071,,0.0
SCYL3,-0.4837286265857694,,0.0
CBR4,0.8421400992829564,,0.0
PGAM2,0.6229453943739658,,0.0
PARD6G,0.7109762824048538,,0.0
GAB2,-0.6222835079977938,,0.0
GKAP1,-0.2505239933811363,,0.0404644492310705
GBA2,-0.3301709873138444,,0.0
CHRNA10,0.5211252068394925,,0.0
CACNA1S,-0.5021511307225592,,0.0
CACNA1F,0.0,,0.0
BCL6,-0.943849972421401,1,0.0330745214889696
ZNF717,0.6475455046883618,,0.0
CISD1,0.5558742415885274,,0.0439398163460992
NRXN1,-0.8740209597352455,,0.0295953831721812
DMRTA2,0.4345284059569774,,0.0
WDTC1,-0.9266409266409268,,0.0
EIF3F,-0.7308328736900165,,0.0
KLF17,0.4177606177606177,,0.0
CHRNA9,-0.15146166574738,,0.0
GATAD2A,-0.8903474903474904,,0.0433415881558359
C4BPA,-0.4141202426916712,,0.0
DUSP6,-0.7400992829564258,,0.0155307408661964
TCF20,-0.999669056811914,,0.0
TRANK1,-0.2980694980694981,,0.0
TBX22,0.0,,0.0
TENM3,-0.8819635962493105,,0.0611724673417804
DNAI2,-0.0035300606729178,,0.0
ZNF585B,-0.1810259238830667,,0.0
DDR1,-0.2729178157749586,1,0.0904209479741686
CDC42EP1,0.893215664644236,,0.0
HOOK3,-0.8090457804743519,,0.0
KCND3,-0.8838389409817982,,0.0
CDKAL1,-0.514396028681743,,0.0
PEX13,0.3309431880860451,,0.0537643364690614
STK11IP,0.058907887479316,,0.0
FARS2,0.0841698841698841,,0.0
RBFOX2,-0.8581356867071153,,0.0
YWHAB,-0.926861555432984,,0.0
MMP26,0.6067291781577495,,0.0
C2orf42,0.0114726971869829,,0.0
IKBKB,-0.7180364037506894,1,0.0460523781541006
MAN1A1,-0.6753447324875896,,0.0110940346041245
CCL26,0.8372862658576945,,0.0
MPV17L2,0.707777164920022,,0.0
PHOX2A,0.8760066188637616,,0.0
SOX9,-0.9790402647545504,,0.0721020852068764
CYTH1,-0.7790402647545505,0,0.0
SHANK2,-0.7756205184776613,,0.0
PITX2,-0.7842250413678985,,0.0
COQ6,0.0057363485934913,,0.0
KDM2A,-0.999338113623828,,0.0654092915078044
CACNB1,-0.6255929398786542,,0.0
MCCC2,-0.2350799779371207,,0.0
COL5A1,-0.9966905681191396,,0.0
WNT11,0.0430226144511858,,0.0
SEPSECS,0.2244897959183673,,0.0
DOCK4,-0.7457253171538886,,0.0
TSGA10,-0.5719801434087148,,0.0
COPG2,0.285603971318257,,0.0
CRAT,0.2503033645890788,,0.0
DAB1,-0.7879757308328736,,0.0435261555800152
AHCYL2,-0.6710424710424711,,0.0
CACNB2,-0.3331494760066188,,0.0454691384628411
FDX1,0.5034749034749035,,0.0
DYM,0.2038610038610038,,0.0
THBS2,-0.7442912300055158,,0.0
FAM72B,0.322669608383894,,0.0
SEC61G,0.7491450634307777,,0.0400257776684032
NCKAP5,-0.5342526199669058,,0.0
ZFP42,0.9693325979040264,,0.0
UTP15,-0.9597352454495311,,0.0
TKT,-0.0777716492002206,,0.0390075219166462
SPAG16,0.4670711527854385,,0.0
FFAR1,0.9464975179260892,1,0.0
L3MBTL4,-0.297738554881412,,0.0
TAFA5,-0.2532818532818532,,0.0215200193367335
SLC39A7,-0.2284611141753999,,0.0
NPAP1,0.962493105350248,,0.0
UBE2K,-0.3988968560397131,,0.0
TMEM266,-0.0804191947049089,,0.0372976948600946
TREML2,0.5744070601213458,,0.0
COL21A1,0.5493656922228352,,0.0
SEMA6D,-0.7986762272476559,,0.0431896152037673
ETV4,-0.2520683949255378,,0.0
ACTB,-0.9603971318257032,,0.0743830886992825
ZNF114,0.8334252619966906,,0.0
ALG10B,0.0885824600110314,,0.0
NR2C1,-0.4341974627688914,,0.0244666373489554
TJP1,-0.9063430777716492,,0.0143565901126717
GCK,-0.177826806398235,1,0.0
RIPK4,-0.5986762272476558,,0.0
ADAM17,-0.6140099282956426,0,0.0
SCNN1G,-0.6535024820739106,1,0.0
GRIK1,-0.2765581908439051,0,0.0
KPNA3,-0.9474903474903474,,0.0299412703600285
PRPS1L1,0.346276889134032,,0.0
SUZ12,-0.8504136789851076,1,0.0
ATF7IP,-0.8917815774958632,,0.0
MAN2A1,-0.3644787644787645,,0.0
INPP5A,-0.8410369553226696,,0.0
GPR141,0.6825151682294539,,0.0
AGXT2,0.3695532266960839,,0.0
COPE,-0.3427468284611141,,0.035367027268177
ABO,0.6191947049089905,,0.0
MVK,0.0284611141753998,,0.0
MAP3K7,-0.7981246552675124,1,0.0
ZNF217,-0.9328185328185328,,0.0
CLTCL1,0.0425813568670712,,0.0
TFAP2B,-0.8431329288472146,,0.0
F5,-0.4301158301158301,,0.0
UBP1,-0.6979591836734693,,0.0
TAF12,-0.8212906784335355,,0.0
STK3,0.1752895752895753,,0.0
BCAS3,-0.595146166574738,,0.0
NMT2,-0.3865416436845008,1,0.0502440789246428
MTX1,-0.1209045780474351,,0.0
SHROOM3,-0.7424158852730282,,0.0
PTGR1,-0.283838940981798,,0.0172226314178076
SLC2A13,-0.3894098179812465,,0.010507288160918
ZNF84,0.2867071152785438,,0.0
UNC5C,-0.5100937672366244,,0.0
GRK6,-0.563265306122449,,0.0
WDR20,-0.9575289575289576,,0.0
GLT6D1,0.5730832873690017,,0.0
RAC1,-0.92300055157198,,0.0
ANKZF1,0.2756756756756757,,0.0
QKI,-0.74142305570877,,0.0360595605103788
SCAPER,-0.4836183121897407,,0.0
ATP5F1B,-0.6539437396580254,1,0.1113501328393568
OR6B2,0.0,,0.0
MBD2,-0.6450082735797021,,0.0
KANSL1,-0.8675124103695533,,0.0
PPP2R5C,-0.9573083287369002,,0.0
MTMR2,-0.1179260893546607,,0.0
BCAR3,-0.5889685603971317,,0.0
LHX5,-0.7724214009928296,,0.0
EPSTI1,0.7363485934914507,,0.0
GRIA4,-0.7810259238830668,,0.0263985816639076
DDX19A,-0.8381687810259238,,0.0
SSB,-0.7888582460011031,,0.0
CA4,0.012465526751241,0,0.0162426671160238
CD164,0.4292333149476006,,0.0
ZNF763,0.2601213458356315,,0.0
ETV1,-0.4920022062879206,,0.0176818609507277
FGFR1,-0.906784335355764,1,0.0
OPTC,0.429453943739658,,0.0
ISM1,-0.2579150579150578,,0.0
SLC2A4,-0.3306122448979591,,0.0
EFHD1,0.2687258687258687,,0.0302227578989979
FRMD4A,-0.7343629343629343,,0.0713216855069643
INPP5B,-0.0161059018201875,,0.0
SVIL,-0.7039161610590182,,0.0
FERMT3,-0.6250413678985107,,0.0
TMED10,-0.5993381136238278,,0.0
SIX2,0.4429123000551571,,0.0
TMED4,0.504026475455047,,0.0
CLNS1A,-0.3254274682846111,,0.0190039946731606
DYRK3,0.1025923883066739,,0.0
GATAD2B,-0.9334804191947048,,0.0
ZNF723,0.0,,0.0
CCR7,-0.4907887479316051,,0.0
HMGCS1,-0.9688913403199118,,0.0279067274571713
P4HA3,0.0915609487038058,,0.0
BBS1,0.0595697738554881,,0.0
CYP1B1,0.2144511858797573,0,0.0
ZDHHC19,0.3965802537231109,,0.0
TGM2,-0.1148372862658576,,0.0
LETM2,0.4490899062327633,,0.0
SSX2IP,-0.2031991174848317,,0.0
SLC35E1,-0.4667402095973524,,0.0428977663500667
SEMA3F,-0.7760617760617761,,0.0701465188818693
VWC2,0.2328736900165471,,0.0
BNC2,-0.8329840044125758,,0.0
SNX19,-0.1483728626585769,,0.0
TNK2,0.0961941533370105,1,0.0
APOBEC1,0.2105901820187534,,0.0
WDR7,-0.8416988416988417,,0.0634140875053245
LPAR2,0.0151130722559293,,0.0
SCYL1,0.3295091009376723,,0.0375491319757163
FAM227A,0.3915057915057915,,0.0
SIL1,0.1024820739106453,,0.0
C7orf78,0.0,,0.0
GABRA3,0.0,,0.0207517625012368
WDPCP,-0.0515168229453943,,0.0
MAP7,-0.368781025923883,,0.0
MPI,0.1339216767788196,0,0.0
UBE4B,-0.9329288472145616,,0.0
MAF,-0.2004412575841146,,0.0
WWP2,-0.6056260341974627,,0.0
PIK3CG,-0.4949806949806949,1,0.0
NDUFA11,0.8261445118587976,,0.0
GTPBP2,-0.4452289023717595,,0.0
SAR1B,0.2405956977385548,,0.0
CCND1,-0.5568670711527854,,0.0
HBEGF,-0.3861003861003861,,0.0
ADAMTS1,-0.8628792057363486,,0.0105876476608763
DDT,0.9533370104798676,,0.0
SPATA21,0.1455046883618311,,0.0
STK24,-0.6519580805295091,1,0.0
NIT1,0.1393270821842249,,0.0
CLEC3B,0.5817981246552675,,0.0
EP300,-0.9749586321014893,1,0.0526294358174513
GNG7,-0.1723110865968008,,0.0
ANXA1,0.3660231660231661,,0.0234743646690835
PPA2,0.5351351351351352,,0.0
KRT8,-0.3011583011583011,,0.0
GTF2H1,-0.7765030336458908,,0.0
DUSP14,-0.3404302261445119,,0.0
UMAD1,0.0,,0.0
ADGRL3,-0.7384445670159956,,0.0
CASZ1,-0.8989520132377276,,0.0
DGAT2,-0.0667402095973525,1,0.0
ARHGAP1,-0.5669056811913955,,0.0
COQ10A,0.7002757859900717,,0.0
ISOC2,0.4316602316602316,,0.0
EMC2,0.8717043574186432,,0.0491013936942284
CPNE8,-0.0073910645339216,,0.0
PDLIM5,-0.1056811913954771,,0.0889561306829731
LTBP1,-0.3942636514065085,,0.0362872860272032
AVL9,-0.2690568119139548,,0.0266139956908518
SPRY1,0.420408163265306,,0.0
PRKCI,-0.4884721456150027,0,0.0
WDFY1,-0.4392719249862107,,0.0
PDPR,-0.2442360728075013,,0.0
CADPS2,-0.4365140650854936,,0.0
MARCKS,0.8903474903474904,,0.0
ZNF700,-0.394815223386652,,0.0
LRRC38,-0.5527854384997242,,0.0
SEPTIN14,0.8505239933811362,,0.0
PRRX2,0.3383342526199668,,0.0
GSTA4,-0.1574186431329288,,0.0465812351072666
NTRK1,-0.0265857694429123,1,0.0
RHOT2,0.5376723662437948,,0.0
NFAT5,-0.9338113623827908,,0.1163100773780224
PLCXD3,0.1498069498069498,,0.0
EXOC4,-0.3744070601213458,,0.0
PDE11A,0.2622173193601764,,0.0
CLEC2L,0.2891340319911748,,0.0
DMBX1,-0.7873138444567016,,0.0
BRINP3,-0.8338665195808053,,0.0
PMFBP1,0.1142857142857143,,0.0
DOCK6,-0.1714285714285713,,0.0
DDX1,-0.8621070049641478,,0.0782842052641586
FOXG1,-0.8378378378378378,,0.0
PLEKHG4B,0.3106453392167678,,0.0
PKP2,0.2403750689464976,,0.0
ABL2,-0.597904026475455,,0.0
RAB6A,-0.6229453943739658,,0.0117818389097601
CD3D,0.5364589078874793,,0.0
SLC13A3,-0.1217870932156646,,0.0
AHCY,-0.400330943188086,,0.0
RACK1,-0.931053502482074,,0.0281784991826807
FLT4,-0.9127413127413128,0,0.0
ZNF594,0.8830667402095973,,0.0
ACE2,0.0,,0.0
PPP1R9B,-0.729619415333701,,0.0
SNAP29,-0.2335355763927192,,0.0
PCGF2,-0.7483728626585769,,0.0
LTF,0.505019305019305,,0.022887775551064
ASL,-0.0536127964699393,,0.0
NAALADL2,0.2944291230005516,,0.0
FPR1,0.9481522338665196,1,0.0
PRKCQ,-0.6075013789299504,,0.0
P4HA2,-0.2191947049089906,,0.0
EIF2B3,-0.6637617209045781,,0.0176130261649163
CCNJL,0.4696083838940981,,0.0
ELAVL2,-0.924765581908439,,0.0089483519492624
SLC28A3,-0.0697186982901268,,0.0
TAL1,0.0394925537782679,,0.0
AGER,0.1803640375068946,,0.0
BMPR1A,-0.9595146166574738,,0.0650665727653106
GRM8,-0.4525096525096524,0,0.0
CHD1,-0.9522338665195808,,0.0
ARHGAP24,-0.2921125206839492,,0.0
RBM23,0.3149476006618863,,0.0
CTNNB1,-0.9842250413678986,,0.0
CCNYL1B,0.0,,0.0
OR4A47,0.75146166574738,,0.0
STYX,-0.2936569222283508,,0.0
SPPL2C,0.2692774407060121,,0.0
EFL1,-0.4130170987313845,,0.0
ARID1B,-0.9535576392719248,,0.0
PIEZO1,0.3474903474903474,,0.0
MEF2C,-0.9488141202426916,,0.0662453684081295
TENT5A,-0.6384997242140099,,0.0
TGFB2,-0.7269718698290126,,0.0
NR2E1,-0.9102040816326532,,0.0483055028802922
RPL23,-0.970215113072256,,0.0
PDZD2,-0.7227799227799228,,0.0
GMNC,-0.1513513513513513,,0.0
MFAP3,-0.4937672366243795,,0.0
ENSG00000288712,0.0,,0.0
LRRTM4,-0.4445670159955874,,0.0
LASP1,-0.783011583011583,,0.0
ADGRB3,-0.926530612244898,,0.0418740136639111
SMARCA2,-0.8736900165471594,1,0.0541917863232696
FOXD4L6,0.6282404853833425,,0.0
IRAK1BP1,0.4604522890237175,,0.0
ITGA2B,-0.3453943739658025,,0.0
XNDC1N,0.0,,0.0
OSR1,-0.7238830667402096,,0.0
VEGFA,-0.5552123552123552,,0.0231471590698425
CADM2,-0.6709321566464423,,0.0105543041637452
PRELID2,0.7618312189740761,,0.0
ZSWIM2,0.1598455598455599,,0.0
NUP107,-0.2325427468284611,,0.0173958397713789
MARK1,-0.5994484280198566,,0.0
C17orf58,0.67699944842802,,0.0
SLCO4C1,0.0758963044677329,,0.0
DDX18,-0.6935466078323221,,0.0
NAF1,-0.0725868725868725,,0.0
RGS18,0.7102040816326531,,0.0
MMS22L,-0.6813017098731384,,0.0
TACR1,-0.0875896304467732,1,0.0
TEKT5,0.5311638168781025,,0.0
MYH1,0.1239933811362383,,0.0
TERF2,-0.7468284611141753,,0.0
ACTN2,-0.7600661886376172,,0.0
CARF,-0.3146166574738003,,0.0
NHP2,0.2721456150027579,,0.0
LRRC4C,-0.8889134031991175,,0.0417129920289401
OR4C45,0.0,,0.0
TMEM163,0.1033645890788748,,0.0235746708308836
PRSS12,-0.0059569773855487,,0.0
DBN1,-0.8483177054605626,,0.0
SLC1A4,-0.294980694980695,,0.0
PMF1,0.428792057363486,,0.0
BLCAP,-0.2704908990623276,,0.0
OSBPL2,-0.7234418091560948,,0.0
PCDH17,-0.7666850523993382,,0.0
SMC2,-0.7869829012686156,,0.0
ICE1,-0.7629343629343629,,0.0
PCNT,-0.0458907887479316,,0.0
CTNNBL1,-0.5086596800882515,,0.0
TCFL5,-0.8129067843353558,,0.0
TM2D3,0.7259790402647546,,0.0452526578421393
LSAMP,-0.8580253723110867,,0.0
TMEM132C,-0.4109211252068395,,0.0
RCN1,-0.3348041919470491,,0.0
NOL7,0.578157749586321,,0.0
SEMA3C,-0.3844456701599559,,0.0
GFM2,0.1770546056260342,,0.0406692176896885
FNIP2,-0.7723110865968009,,0.0108245496015368
PPP1R13L,0.009707666850524,,0.0
SLC39A13,-0.4879205736348593,,0.0
ALG10,-0.1168229453943739,,0.0
THSD1,-0.1857694429123,,0.0
RARG,-0.5640375068946497,1,0.0
CNN2,0.0665195808052951,,0.0
CDK2AP1,0.6980694980694981,,0.0164365365637461
SEL1L,-0.6431329288472145,,0.032572042473311
PTPN9,-0.6557087699944844,,0.0
NOS3,-0.1194704908990623,,0.0
GRAMD1B,-0.4142305570876999,,0.0
KIF2A,-0.5478212906784335,,0.0
S100A12,0.856480970766685,,0.0
CC2D1A,-0.5051296194153336,,0.0785875984108319
LSM14A,-0.7404302261445119,,0.045393887911594
PROX2,0.4500827357970214,,0.0
RET,-0.9306122448979592,1,0.0
ZCCHC8,-0.4239382239382239,,0.0
SPATA31D1,-0.1583011583011583,,0.0
FLRT2,-0.5897407611693326,,0.0
HTR7,-0.3745173745173745,1,0.0
GRAP,0.5621621621621622,,0.0
SYNPR,0.0523993381136238,,0.0197549918320826
SNTB2,0.1581908439051296,,0.0
PCDHGB2,0.2372862658576944,,0.0
JARID2,-0.9551020408163264,,0.0
DNAH14,0.0012134583563154,,0.0
CKMT2,0.1787093215664643,,0.0
MAVS,-0.1218974076116933,,0.0
SKOR2,0.4273579702151131,,0.0
IRX1,0.2747931605074463,,0.0
FER,-0.4057363485934915,,0.0
FAM240B,0.0,,0.0
POTEC,-0.2476558190843905,,0.0
PHKB,-0.2989520132377276,,0.0
GRIP1,-0.7776061776061776,,0.0
RPS6KA6,0.0,0,0.0
MPHOSPH9,-0.4389409817981247,,0.0
CNTNAP3C,0.0,,0.0
COMTD1,0.899503585217871,,0.0
ELMO1,-0.8507446221731936,,0.0388070970814532
HSF2,-0.7858797573083287,,0.0
ZNF486,0.8122448979591836,,0.0
PDE10A,-0.7643684500827358,1,0.0234682512523653
MEMO1,-0.8453392167677882,,0.0
FBN2,-0.8769994484280199,,0.0
GBX2,-0.5738554881412024,,0.0
ZNF461,0.3263099834528407,,0.0
PBX4,0.1998896856039713,,0.0
ZNF716,0.5600661886376173,,0.0
CR1L,0.3408714837286266,,0.0
ADGRF4,0.5703254274682845,,0.0
KXD1,-0.0456701599558742,,0.0
RABGEF1,-0.4471042471042471,,0.0
SHROOM4,0.0,,0.0
WDR12,-0.1140650854936569,,0.0
CHN2,-0.1444015444015444,,0.0
VRK2,0.2968560397131825,,0.0
ANKRD30A,0.5064533921676779,,0.0
ITFG1,-0.5451737451737452,,0.0121341128011073
ZNF92,0.7332597904026474,,0.0
PDHA2,0.6102592388306673,,0.0
NEFH,0.6196359624931054,,0.0303078206093098
SLC9B2,0.0409266409266408,,0.0
ETV6,-0.7506894649751793,,0.0
CAPZA2,-0.7467181467181467,,0.0
GIPC2,0.9452840595697738,,0.0
ZNF33B,-0.1964699393270822,,0.0
EMX2,-0.6892443463872036,,0.1034030580279591
SREK1,-0.8817429674572532,,0.0
DOC2A,0.0094870380584666,,0.0377534757602045
IP6K2,-0.8099282956425814,,0.0467924672984061
REXO1,-0.5485934914506343,,0.0
PRSS3,0.4114726971869828,,0.0519173000043544
SPNS1,-0.5003861003861003,,0.0
VPREB1,0.8862658576944291,,0.0
SMPD2,0.1426365140650856,,0.0
COQ10B,0.3121897407611693,,0.0
PSMC3,-0.8445670159955874,,0.0233797504055041
SERTAD2,-0.7717595146166575,,0.0
KIF26A,0.1747380033094319,,0.0
MKX,-0.602095973524545,,0.0
SCIN,0.3363485934914507,,0.0
COL11A1,-0.8466629895201324,,0.0114339987895281
ZNF131,-0.9622724765581908,,0.0
REV1,-0.8376172090457805,,0.0
ITGAX,-0.219746276889134,,0.0
ISCA1,0.839161610590182,,0.0235266096127873
PLAU,-0.2005515719801434,,0.0
STH,0.9829012686155544,,0.0
ACKR2,0.96150027578599,,0.0
KDM5B,-0.1900717043574186,1,0.0
RASGRP3,-0.3153888582460011,,0.0
ABCD2,-0.4176503033645891,,0.0
CDCA7,-0.4700496414782129,,0.0
FBN1,-0.9928295642581356,,0.0
SLC2A6,0.5359073359073359,,0.0351284372444629
COX5A,-0.2530612244897959,,0.0330300449662102
C8B,0.3624931053502482,,0.0
SNTN,0.5599558742415884,,0.0
LAPTM4B,0.7680088251516823,,0.0
SPON1,-0.4530612244897959,,0.0664171008907088
POTEA,0.0,,0.0
C12orf50,-0.2912300055157197,,0.0
PLAUR,-0.0989520132377275,,0.0
XRCC4,0.1188086045228902,,0.0
POLR1G,0.9370104798676226,,0.0
TBX2,-0.2341974627688913,,0.0
CHRNE,0.5086596800882515,,0.0
ZIC2,-0.6668505239933811,,0.0785449001202851
LMAN1L,0.4867071152785438,,0.0
CRYBB2,-0.3421952564809708,,0.0
PPP3CB,-0.921014892443464,,0.0495795045512962
EFCAB3,0.2347490347490348,,0.0
H3-5,0.7888582460011031,,0.0
SYT11,-0.6667402095973525,,0.0
LAT,-0.7159404302261445,,0.0
BRD1,-0.8574738003309432,1,0.0
MED20,0.5423055708769995,,0.0
PRSS36,0.4456701599558743,,0.0
MAPK10,-0.644015444015444,1,0.0209173170072224
ZIC5,0.5589630446773304,,0.0
DCLK1,-0.8788747931605074,1,0.0378487559854177
YJU2B,-0.4602316602316602,,0.0
CTNNAL1,-0.1237727523441809,,0.0
FANCD2,-0.3218974076116933,,0.0
CLN8,0.3673469387755101,,0.0458974081328137
UBE3B,-0.4719249862107004,,0.0
NRTN,0.307446221731936,,0.0
IPMK,-0.5694429123000552,,0.0
PLD2,-0.061665747380033,1,0.0
ZNF232,0.5520132377275235,,0.0
TMEM132B,-0.8969663541092112,,0.0394553982382253
TNF,-0.5784886927744071,0,0.0
KAT6B,-0.9950358521787092,1,0.0341963203511355
KRT15,0.4279095421952565,,0.0
FAM114A2,0.3244346387203529,,0.0
CD46,-0.3456150027578599,,0.0233622679771985
MAML3,-0.8649751792608935,,0.0
GABPA,-0.997573083287369,,0.0
ZFP91,-0.9325979040264756,,0.0350610577429683
SULT2B1,-0.2009928295642581,,0.0
MTRFR,0.4206287920573635,,0.0
ADARB1,-0.8688361831218974,,0.0551434440321282
BCL3,-0.4324324324324324,,0.0
WDSUB1,0.2913403199117486,,0.0
MYL5,0.850634307777165,,0.0
MED24,-0.3498069498069498,,0.0
TEAD4,-0.1381136238279096,1,0.0
CKS1B,0.0378378378378378,,0.0
PLD3,-0.4007722007722007,,0.0502764422165359
ICA1L,-0.190623276337562,,0.0
CCDC33,0.347600661886376,,0.0
PTCD2,-0.2916712630998345,,0.0161826160992532
PDZD8,-0.922669608383894,,0.0217032311571578
ANKRD31,-0.2154440154440154,,0.0
BOD1L2,0.8462217319360177,,0.0
ARHGAP45,-0.3677881963596249,,0.0
CEP170B,-0.4616657473800331,,0.0
RNF43,-0.5291781577495863,,0.0
UMPS,-0.3884169884169884,,0.0
SV2A,-0.7624931053502482,1,0.0
MSL2,-0.9728626585769444,,0.0
KCNN2,-0.4891340319911749,,0.0430999568156017
SRGAP2C,0.9423055708769994,,0.0
KCNQ5,-0.7749586321014892,,0.0355678686202803
UNK,-0.7086596800882515,,0.0
SGCA,0.4816326530612245,,0.0
MAOB,0.0,0,0.0
HP1BP3,-0.8711527854384997,,0.0
RIOK1,0.3352454495311638,,0.0
PRPF40B,-0.6413678985107556,,0.0
RPS29,-0.8806398234969663,,0.0
KCNJ18,0.829123000551572,,0.0
FDFT1,0.8271373414230556,,0.0
ZNF785,0.9428571428571428,,0.0
CMPK2,0.7962493105350248,,0.0
TNFRSF13B,0.8432432432432433,,0.0
FAM193A,-0.9091009376723662,,0.0
ZNF277,0.3157198014340872,,0.0
RRAS2,0.4487589630446773,,0.0
CHRNA4,-0.2321014892443463,0,0.0
MCF2L2,-0.2728075013789299,,0.0
TMEM64,0.5643684500827357,,0.0
TMEM126A,-0.2237175951461666,,0.0547619321939364
MMUT,0.3628240485383343,,0.0
VPS36,-0.524765581908439,,0.0373897841749552
SMOC2,-0.247104247104247,,0.0
FYN,-0.94726971869829,0,0.0
GATM,-0.5727523441809156,,0.0557681245635656
MANSC4,0.6399338113623827,,0.0
RBM26,-0.7740761169332597,,0.0
PLCD1,-0.0268063982349696,,0.0
HAO1,0.4125758411472697,,0.0
FHIP1A,-0.1592939878654165,,0.0
TGFB1,-0.4624379481522338,,0.0
LPCAT3,-0.7035852178709321,,0.0
EPB42,-0.3322669608383893,,0.0
POU5F1B,0.5035852178709321,,0.0
PIK3CD,-0.9367898510755652,1,0.0
PAX6,-0.9398786541643684,,0.0800901518180392
OPA3,0.947600661886376,,0.0
NMT1,-0.8730281301709873,1,0.0314429982151321
KCNQ2,-0.8907887479316051,1,0.0515575208038675
GFAP,0.0389409817981245,,0.1165419850296159
ARIH2,-0.9289575289575288,,0.0
CHRM3,-0.7720904578047435,0,0.0285210008000973
GALK2,0.0646442360728074,,0.0
IL33,0.7845559845559846,,0.0
DYRK1A,-0.971207942636514,1,0.0
PHF3,-0.8854936569222284,,0.0
OLA1,-0.6964147821290678,,0.0386642768857919
SYNM,0.3581908439051295,,0.0
TPT1,-0.6659680088251516,,0.0
SPIRE2,0.5575289575289575,,0.0
NEFL,0.0312189740761168,,0.0405441904186178
BDNF,-0.93557639271925,,0.0280255832194246
CHI3L1,0.0542746828461113,,0.030121060174259
ADRB2,-0.1175951461665747,1,0.0
TEX101,-0.1623827909542194,,0.0
VPS13C,-0.1911748483177054,,0.0
CHRNB2,0.2597904026475455,,0.0
KLHL10,-0.8264754550468836,,0.0
RNF152,0.5496966354109212,,0.0
FARP2,0.0642029784886928,,0.0
TARDBP,-0.93723110865968,,0.0145889858744908
GRID2IP,-0.1253171538885824,,0.0
NFE2L2,-0.602426916712631,0,0.0511526505937727
HCRTR2,-0.5686707115278544,1,0.0
NTRK2,-0.9886376172090456,1,0.0644938116274743
NRGN,0.7104247104247103,,0.0
PLA2G7,0.7064533921676779,0,0.0
INS,0.3816878102592389,,0.0
HDAC2,-0.8295642581356867,1,0.0
GRIA2,-0.9804743519029232,,0.0
TRUB1,0.0753447324875895,,0.0120849038755666
GABRA1,-0.9006067291781578,,0.0616693586058446
ATOH7,0.8247104247104247,,0.0
IL6,-0.1521235521235521,,0.0
FAM171A2,-0.5701047986762273,,0.0
IGHE,0.0,,0.0
HDAC6,0.0,1,0.0
NUDT16L1,0.9276337562051848,,0.0
PKHD1,-0.3129619415333701,,0.0
CP,-0.5397683397683397,,0.0360829385531583
NLRP3,-0.5204633204633204,1,0.0
SNCA,-0.4473248758963044,0,0.0303648252890901
SPP1,0.5459459459459459,,0.0668723896010487
SCN8A,-0.9630446773303916,,0.0
PCDHGA3,-0.2113623827909542,,0.0
PEMT,0.5222283507997794,,0.0
CD4,-0.473469387755102,,0.0
ZNF565,-0.0281301709873138,,0.0
ATP5PF,0.2625482625482624,,0.0536352153428469
GAP43,-0.8397131825703255,,0.0422152475864
CD8A,0.6824048538334253,,0.0
TAS2R62P,0.0,,0.0
TF,-0.2317705460562603,,0.0
NEAT1,0.0,,0.0939956406842221
IL1B,-0.5154991726420297,,0.0
NFYA,-0.4648648648648649,,0.0
CCL2,0.8722559293987866,,0.0
IAPP,0.6837286265857694,,0.0
CCDC92,-0.3835631549917264,,0.0671926155587724
LEP,0.2985107556536128,,0.0
SNAP25,-0.8947600661886376,,0.0305689961609224
NGFR,0.2498621070049642,,0.0
GABRG2,-0.763596249310535,,0.0827925164522043
SIRT1,-0.6580253723110866,,0.0
ADIPOQ,0.7716492002206288,,0.0
PRNP,0.125427468284611,,0.0
IGF1,-0.4717043574186431,,0.0
AHR,-0.5606177606177607,,0.0
SNCB,-0.4505239933811362,,0.0
SNCG,0.565361279646994,,0.0
PRIM2,-0.0747931605074462,,0.0
MOG,-0.1651406508549365,,0.0
RELN,-0.9053502482073912,,0.0
NGF,-0.4779922779922779,,0.0
CRP,0.960176503033646,,0.0
CAMKV,-0.9552123552123551,,0.0
IL2RA,-0.1079977937120794,,0.0
HRH3,0.2619966905681192,0,0.0
AQP4,-0.1125206839492554,,0.0801500318374183
CEBPB,0.7810259238830668,,0.0654957774982086
NFKB1,-0.9677881963596248,,0.0
APOA1,0.344180915609487,,0.0
ANK3,-0.9763927192498622,,0.0
FLG,0.9595146166574736,,0.0
RXRA,-0.9121897407611692,1,0.0
MAPK1,-0.8180915609487038,1,0.0
IFNG,0.2237175951461665,,0.0
SYNPO2L,-0.0011031439602867,,0.0
MIF,0.9884169884169884,1,0.0
HCN3,-0.259238830667402,,0.0
LCN2,0.568119139547711,,0.0
ALB,-0.5983452840595698,,0.0
SHCBP1,0.0850523993381136,,0.0
GNRHR,-0.3020408163265305,1,0.0
SERPINE1,-0.4559293987865416,,0.0260488605526571
GRM5,-0.7615002757859901,1,0.0
UNC13C,-0.1921676778819636,,0.0346202834859334
ACP7,0.3117484831770545,,0.0
IL17A,-0.3253171538885825,,0.0
HTR3A,0.1228902371759514,0,0.0
GNPNAT1,0.0,,0.0
BCAM,0.2338665195808054,,0.0
IL31,0.7951461665747379,,0.0
YAP1,-0.9491450634307778,,0.099912263585162
C5AR1,0.836072807501379,1,0.0
UBE2L3,-0.8835079977937121,,0.0206479779780555
TXN,0.6635410921125207,,0.0613703760075149
PCCB,-0.2165471594043022,,0.0376781664972093
NRG1,-0.7980143408714837,,0.0234583568242671
DAPK1,-0.8118036403750689,,0.0309255896516322
HS2ST1,-0.4592388306674021,,0.041392506591892
HMOX1,0.3942636514065085,,0.0
CCDC71L,0.8195256480970767,,0.0
OXT,0.941092112520684,,0.0
VSNL1,-0.6137892995035852,,0.064186834421148
NPTX2,0.2189740761169332,,0.0804162106252898
CHRM2,-0.6265857694429122,0,0.0
S100B,0.6813017098731384,,0.0301136643494676
CNR1,-0.4428019856591285,1,0.0395018278895314
CLOCK,-0.6939878654164369,,0.0092373682739763
INSR,-0.6252619966905681,1,0.0
LGALS3,0.3205736348593491,,0.0379027127724591
TTR,0.1484831770546055,,0.0
LINGO1,-0.6314396028681744,,0.0
PARP1,-0.7362382790954219,1,0.0
LRP8,-0.6611141753998897,,0.0
KL,-0.0893546607832321,,0.0182268559893546
RMDN2,0.7344732487589631,,0.0
PCSK9,0.4529509100937672,,0.0
CCDC152,0.9027027027027028,,0.0452628791889967
TLR4,-0.1908439051296194,0,0.0
UBB,0.6864864864864866,,0.0
ARID1A,-0.9835631549917264,,0.0425833707141758
MECP2,0.0,,0.0
HCRT,0.8848317705460562,,0.0
NLGN1,-0.8936569222283508,,0.0
PIN1,0.356315499172642,1,0.0805969995556452
TSLP,0.6293436293436294,,0.0
HMGB1,-0.973303916161059,,0.0
RPL17,-0.9658025372311086,,0.0
UCHL1,-0.850634307777165,1,0.1206307333905387
ABHD1,0.5701047986762273,,0.0
EPHB2,-0.9131825703254276,,0.0
TCERG1L,0.3150579150579151,,0.0
IGF2BP2,-0.8671814671814672,,0.0138548978251709
ADGRE3,0.4729178157749587,,0.0
CASP6,-0.029453943739658,,0.0
TLR2,0.6321014892443464,,0.0
CHSY3,-0.1330391616105901,,0.0
CAMK2A,-0.9640375068946496,,0.0
HTR4,-0.4482073910645339,0,0.0
NLRP7,-0.0177606177606177,,0.0
PPARGC1A,-0.8140099282956426,,0.0399797769241117
ASAH1,0.6351902923331494,,0.0
CYP19A1,-0.2971869829012686,1,0.0
SYT1,-0.8605626034197462,,0.0596133212011009
RBP4,-0.6026475455046884,,0.1020990272042211
MMAB,-0.163596249310535,,0.0
IL2RB,-0.553557639271925,,0.0
PKM,-0.6717043574186432,1,0.0472401299477493
OR6B3,0.9627137341423057,,0.0
GABRA2,-0.7001654715940431,,0.0527806736394411
SAA1,0.5031439602868175,,0.0
SAA2,0.4038610038610037,,0.0
ZFR2,0.693215664644236,,0.0
NBEAL1,-0.1055708769994484,,0.0
PLCL1,-0.4874793160507445,,0.0196302882412111
EPHA4,-0.919911748483177,0,0.0332486883025587
HP,0.0806398234969663,,0.0
PRKCA,-0.7977937120794264,,0.0
GJA1,-0.6638720353006067,,0.0698220618946322
MICAL1,-0.2390512961941533,,0.0
AGT,0.3908439051296193,,0.0216457902978551
CHRNA5,-0.0276889134031991,,0.0
TFEB,-0.7236624379481522,,0.0
DNM1L,-0.6814120242691671,,0.0247488517639343
DCAKD,0.3394373965802537,,0.0405636923681424
GRIA3,0.0,,0.0227736189668176
IGF2,-0.6931053502482074,,0.0
ROCK1,-0.8927744070601213,1,0.0
SQSTM1,0.2830667402095974,,0.0
GNB2,-0.8244897959183674,,0.036654608487817
RYR1,-0.5138444567015996,,0.0
PLOD1,-0.0520683949255378,,0.0
NLRP1,-0.2308880308880309,,0.0
UBC,-0.7004964147821291,,0.0430211328738926
NTN1,-0.7473800330943188,,0.0
SHANK3,-0.744180915609487,,0.017251532679053
LPL,0.1929398786541643,,0.0347896712666174
CEP57,-0.3795918367346939,,0.0
FNDC5,-0.2761169332597903,,0.0
BECN1,-0.8625482625482626,,0.0385005740012608
MAOA,0.0,0,0.0
LGALS9,0.0889134031991174,,0.0
PTEN,-0.4570325427468285,,0.0
SIRT3,0.3509100937672367,,0.0
H19,0.0,,0.0
PRKAA1,-0.6009928295642581,1,0.0
MMP9,0.3984555984555984,,0.0
CARD11,-0.83430777716492,,0.0
GABRG1,0.5235521235521237,,0.0805124804571176
EIF2AK2,-0.3879757308328737,,0.0
SMOC1,-0.5692222835079979,,0.0
NPTN,-0.8968560397131826,,0.0
EIF2AK3,-0.5607280750137893,1,0.0
PRKAA2,-0.0300055157198014,,0.0
MANF,-0.03430777716492,,0.0
TXNIP,-0.4230557087699944,,0.0645736860834598
LY75,-0.1327082184225041,,0.0
EHMT1,-0.9766133480419196,1,0.0798684810729522
GDF15,0.805184776613348,,0.0
HSP90AA1,-0.8367346938775511,1,0.0
PDE4D,-0.7921676778819636,1,0.0
HCRTR1,-0.085603971318257,1,0.0
SELPLG,0.972642029784887,,0.0
CREBBP,-0.99415333701048,1,0.0888882278102579
TNFSF10,-0.275565361279647,0,0.0
AR,0.0,1,0.0
CRTC1,-0.7750689464975179,,0.0
RPS27A,-0.817319360176503,,0.0
UBA52,-0.8920022062879206,,0.0
CASP4,0.0205184776613347,,0.0
CD79A,0.0383894098179813,,0.0
SUCLA2,-0.4191947049089906,,0.0505853061445795
HSP90AB1,-0.8455598455598455,1,0.0840722483595758
ALDH2,0.0359624931053501,,0.0
CX3CL1,-0.5995587424158852,,0.0
ACOT7,-0.7213458356315499,,0.0999960776285944
DPYSL2,-0.8952013237727523,,0.0
PTGER2,0.444015444015444,1,0.0
RENBP,0.0,,0.0
MT-CO2,0.0,,0.0
MTCO2P12,0.0,,0.0
IL13,0.5741864313292884,,0.0
SIRT2,0.1171538885824601,,0.0
SUGP1,-0.5658025372311086,,0.0
S100A9,0.663099834528406,,0.0
IL18,0.8977385548814121,,0.0
CXCL8,0.8605626034197462,,0.0
CCL5,0.5938223938223939,,0.0
HAMP,0.6590182018753448,,0.0
PDCD1,-0.134142305570877,,0.0
EGF,-0.3792608935466078,,0.0
DHCR24,-0.5720904578047435,,0.0624608581976494
AIF1,0.6112520683949256,,0.0
ATF4,-0.4133480419194705,,0.0
POU2F1,-0.9203530060672918,,0.0
KLK6,0.1039161610590182,,0.0
RCAN1,-0.1120794263651406,,0.0
MROH5,0.7169332597904026,,0.0
GABRB3,-0.7534473248758963,,0.0520231649161949
MTHFR,-0.1877551020408163,,0.039456096309487
PHB1,-0.4861555432984005,,0.0
STING1,-0.2120242691671263,1,0.0
OGA,-0.8712630998345284,1,0.0504739243850401
CASP3,-0.1891891891891891,0,0.0
METTL3,-0.2752344180915609,1,0.030910953712933
TLR3,-0.2929950358521787,,0.0
YY1AP1,0.5305019305019305,,0.0
PPIL6,0.762603419746277,,0.0
LILRB5,0.3031439602868173,,0.0
DUSP1,-0.4467733039161611,,0.017574471293896
COMT,0.2803088803088802,,0.0
ICAM1,-0.1612796469939327,,0.0
IL22,0.704357418643133,,0.0
TRPV1,0.4622173193601764,0,0.0
DLG4,-0.9797021511307226,,0.0
CACNA1B,-0.7665747380033094,,0.0
CD40LG,0.0,,0.0
HTRA2,-0.3200220628792057,,0.0
MOK,0.5018201875344732,,0.0
BRCA1,-0.1446221731936017,,0.0
CASP8,-0.4422504136789851,0,0.0
EHMT2,-0.6981798124655267,1,0.0
IFITM3,0.7768339768339769,,0.0368828629759495
B2M,-0.6878102592388307,,0.0600997076594391
CHP1,-0.4474351902923331,,0.0429556908520666
EDN1,-0.2222835079977937,,0.0
GABRA5,-0.6205184776613348,1,0.0292036256728079
RARB,-0.7118587975730832,0,0.0
SPATA2,-0.7913954771097629,,0.0
RPL17-C18orf32,-0.8081632653061225,,0.0
DISC1,-0.1324875896304468,,0.0
SLC5A2,0.4015444015444016,1,0.0
TYROBP,0.4828461114175399,,0.0
GHRL,0.860672917815775,,0.0
HSPA1A,0.5434087148372864,0,0.0686166533756149
NOTCH3,-0.6131274131274131,,0.0086248190678483
KLK8,0.0087148372862657,,0.0
MMP12,0.6931053502482074,1,0.0
KCNB1,-0.8798676227247656,,0.0
CRMP1,-0.7513513513513513,,0.0721668879852987
APOC3,0.7825703254274683,,0.0
EPO,-0.2549365692222834,,0.0
HS3ST1,-0.4232763375620518,,0.0
IL4,-0.2913403199117484,,0.0
SLC2A1,-0.9845559845559846,1,0.0
GABRG3,-0.569111969111969,,0.0
APLN,0.0,0,0.0
GCG,-0.0448979591836734,,0.0
KDM2B,-0.911969111969112,,0.0
EIF4E,-0.9964699393270822,,0.0
TNFRSF21,-0.5634859349145063,,0.0
OPN1LW,0.0,,0.0
ANPEP,-0.4287920573634859,0,0.0
PAG1,0.1467181467181466,,0.0
PCBP4,-0.4073910645339217,,0.0
PGP,0.2456701599558741,,0.0442209864325921
RBFOX3,-0.5619415333701048,,0.0359007687059331
IL10,-0.4215113072255929,,0.0
VCAM1,-0.2260341974627688,,0.0
CHRNA6,0.1546607832322117,1,0.0
PTPA,-0.6546056260341975,,0.0
CNR2,0.705681191395477,0,0.0
MCOLN1,-0.1278543849972421,,0.0
SRC,-0.8115830115830116,1,0.0
RARA,-0.9211252068394924,0,0.0
NPY,0.6217319360176503,,0.0162982598676883
SETD2,-0.9694429123000552,1,0.0
CALM3,-0.62426916712631,,0.060296749206637
SPATC1,0.4908990623276337,,0.0
XBP1,-0.3196911196911197,,0.0
KHDRBS1,-0.8029784886927744,,0.0146075810884815
CD68,0.0797573083287368,,0.0
TFCP2,-0.6154440154440155,,0.0
CFL1,-0.7867622724765582,,0.0
MMP2,-0.4980694980694981,0,0.0
MTNR1B,0.9451737451737452,1,0.0
GAPDH,-0.4656370656370656,,0.0339363295232049
SLC17A5,0.1745173745173744,,0.0
DCTN4,-0.6321014892443464,,0.0
DAPK2,0.158742415885273,,0.0
UTRN,-0.4847214561500276,,0.0
DENR,-0.6084942084942084,,0.0
NUP62,-0.9774958632101488,,0.0
DENND4A,-0.7478212906784336,,0.0
KMT2A,-0.9988968560397132,0,0.0
MLH1,-0.5200220628792057,,0.0
APRT,0.8409266409266409,,0.0
MFAP1,-0.7815774958632101,,0.0
FMR1,0.0,,0.04810142057084
ADSL,-0.0920022062879205,,0.0
PEBP1,0.273800330943188,,0.0
CX3CR1,0.5906232763375621,1,0.0
OCIAD1,0.2441257584114726,,0.0
CYFIP2,-0.9065637065637066,,0.0381352647177556
CKAP2,0.02426916712631,,0.0
TMEM121,0.3285162713734142,,0.0
VGF,-0.1809156094870381,,0.0
NOTCH1,-0.9461665747380033,,0.0
MTNR1A,0.9316050744622172,1,0.0
CD14,0.9749586321014893,,0.0
CBS,0.0,,0.0
CD34,0.3688913403199116,,0.0
OR5G3,0.0,,0.0
CHAT,0.0081632653061225,,0.0
C3,-0.6426916712630999,,0.0
SHBG,0.2247104247104248,0,0.0
NR4A2,-0.9959183673469388,,0.0
GPNMB,0.6820739106453393,,0.02947790138489
CALM1,-0.9052399338113624,,0.0
CSF2RA,0.0,,0.0
CSF2RA,0.0,,0.0
CALM2,-0.9153888582460012,,0.0
GPRC6A,0.6247104247104247,,0.0
PPARD,-0.8778819635962494,1,0.0895869465629692
KCNJ11,0.1905129619415333,1,0.0
MR1,0.5919470490899061,,0.0
LRP10,-0.1413127413127413,,0.0484020985707203
IFNA1,0.8764478764478765,,0.0
KLHDC7B,0.978819635962493,,0.0
CST7,0.8153337010479869,,0.0
FN1,-0.7907335907335907,,0.0258867990916878
SYNJ1,-0.6454495311638169,,0.0321561315622392
CD274,-0.7129619415333701,1,0.0
CAT,-0.1193601765030336,,0.0316884924155999
NRN1,-0.5437396580253724,,0.0897516254515196
FABP3,0.1115278543849973,,0.0326780312760395
SLPI,0.8430226144511859,,0.0
CTSD,-0.1442912300055157,0,0.0
OAS1,-0.2573634859349145,,0.0
PRDX6,0.0183121897407612,,0.0606020367843715
DOCK8,-0.5415333701047986,,0.0
KRIT1,-0.4480970766685053,,0.0
RPS26,-0.8713734142305571,,0.0
CAMKMT,0.7641478212906785,,0.0
ATRNL1,-0.6469939327082184,,0.079633529531018
MMP10,0.4613348041919469,,0.0
OPRD1,0.643684500827358,1,0.0
BAX,0.4476558190843904,,0.0
ZGLP1,-0.1234418091560948,,0.0
REST,-0.9762824048538334,,0.0
ARC,0.5972421400992829,,0.0
SPIDR,0.0157749586321014,,0.0
PLD1,-0.2508549365692223,1,0.0
CBY1,0.2988416988416988,,0.0
CCL27,0.8562603419746277,,0.0
PPP1R3A,-0.1863210148924434,,0.0
GAS5,0.0,,0.0253375698179012
DKK3,-0.0243794815223387,,0.0
RXRB,-0.6741312741312742,1,0.0
HLA-DRB1,0.9235521235521236,,0.0
BMP4,-0.918146718146718,0,0.0
GABBR2,-0.802757859900717,,0.0249095552994532
ACTA1,-0.0654164368450083,,0.0
PRKCD,-0.8505239933811363,,0.0
PEX2,0.161831218974076,,0.0
TP53INP2,0.5955874241588528,,0.0376646502336908
HK1,-0.8091560948703806,,0.0
ERBB4,-0.8409266409266409,,0.0
BAG3,-0.6471042471042471,,0.0379904606826852
CALCA,0.3697738554881411,,0.0
TNFRSF1A,-0.8122448979591836,,0.0232438971233471
FAM222A,-0.3666850523993381,,0.0
CST3,0.9402095973524544,,0.0513901243445315
MT-CO1,0.0,,0.0
OVOL1,-0.1686707115278544,,0.0
DLL1,-0.9333701047986762,,0.0
RAPGEF2,-0.826034197462769,,0.0
ADIPOR1,-0.6067291781577495,,0.0
HTR3B,0.4046332046332046,,0.0
ENSA,-0.3012686155543298,,0.0200078371501215
CEACAM7,0.583011583011583,,0.0
CAP2,-0.3459459459459459,,0.0139255624736251
ALPP,0.2603419746276889,0,0.0
PDLIM3,0.1863210148924434,,0.0
NAT10,-0.058907887479316,,0.0
ASRGL1,0.2698290126861555,,0.0
FRMD6,-0.2735797021511307,,0.0
IDO1,0.4373965802537232,0,0.0
GNB5,0.3237727523441809,,0.0745551118404216
CD163,-0.6206287920573634,,0.0196334919736454
MME,-0.0655267512410369,,0.0
CCR5,0.7373414230557087,1,0.0
CMKLR1,0.5747380033094318,,0.0
GSDMD,0.680419194704909,,0.0
C5,-0.3190292333149476,,0.0
SERPINA3,0.6943188086045229,,0.0
BAD,0.9199117484831772,,0.0
PROS1,-0.6541643684500827,,0.0
MSN,0.0,,0.0557378323220113
RAB7B,0.0,,0.0
NR1I2,0.3570876999448429,0,0.0
GAD1,-0.6090457804743519,,0.0397001979979809
HSPA5,-0.683177054605626,,0.0
DDX51,0.4733590733590733,,0.0
NOB1,0.431218974076117,,0.0
PCDHGA2,-0.2286817429674572,,0.0
NOS2,-0.190954219525648,0,0.0
OPRM1,0.2044125758411472,0,0.0
UFSP2,-0.0583563154991726,,0.0296312086112196
UFM1,-0.2049641478212907,,0.0
TFRC,-0.7017098731384446,,0.0442935188188726
APOM,0.6366243794815223,,0.0
USP44,0.122338665195808,,0.0
GSN,-0.3043574186431329,,0.0295327538295826
SSTR4,0.0,0,0.0
GPT,0.7412024269167126,,0.0
UBE2N,-0.9607280750137892,0,0.0
IMPA1,0.7047986762272476,,0.0
CCNY,-0.3484831770546056,,0.0195820169726488
EGR1,-0.7280750137892995,,0.0193919716957461
HPS5,-0.290788747931605,,0.0
BMAL1,-0.9228902371759514,,0.0
APPL1,-0.6616657473800331,,0.0
CRY2,-0.573634859349145,,0.0333180091433041
TREML1,0.6485383342526199,,0.0
ABCB1,-0.6017650303364589,0,0.0
LAMP1,-0.8564809707666851,,0.0
CD83,0.5912851627137341,,0.0309951986248256
ANGPT1,-0.778819635962493,,0.0516725764697727
CIP2A,0.1607280750137893,,0.0
MBL2,0.6839492553778268,,0.0
SIRT4,0.3512410369553227,,0.0
SST,0.7033645890788749,,0.0686126302469696
GABRD,-0.3085493656922228,,0.0849546757656933
OPLAH,0.3374517374517374,,0.0
ELN,-0.4401544401544401,,0.0
CAMKK2,-0.504357418643133,1,0.0
CPT1A,-0.4241588527302813,0,0.0
MATR3,-0.9887479316050743,,0.0
SELENOK,0.5498069498069498,,0.0
PLA2G4A,-0.1373414230557087,,0.0
NINJ1,0.2371759514616658,,0.0
SLC40A1,-0.7453943739658025,,0.0603246964199624
LMTK2,-0.7872035300606729,,0.0552370125831916
SLC1A2,-0.6095973524544953,1,0.0121616288285524
CD38,0.5023717595146167,,0.0
SIMC1,-0.1398786541643684,,0.0
CLDN17,0.9783783783783784,,0.0
APEX1,0.4220628792057364,0,0.0203477696070968
IQCK,0.7331494760066188,,0.0
HTR3C,0.3425261996690567,,0.0
HTR3E,0.2773303916161058,,0.0
WWC1,-0.6766685052399338,,0.0
CETP,0.0795366795366796,1,0.0
ATP1A3,-0.9706563706563708,,0.0
PMCH,0.0289023717595147,,0.0
IL9,0.8379481522338665,,0.0
HTR3D,0.4907887479316051,,0.0
EDDM3A,0.973303916161059,,0.0
KIR3DL2,0.4927744070601214,,0.0
GPBAR1,0.7273028130170986,0,0.0
SNRPN,-0.6842801985659128,,0.0
PPARA,-0.4211803640375069,1,0.017251532679053
IRS1,-0.4729178157749586,,0.0
TXNL1,-0.4683949255377827,,0.0292231710238799
EBLN2,0.9894098179812464,,0.0
MST1,-0.0313292884721456,,0.0
HSPA4,-0.8747931605074462,,0.0476685501307777
SH2B3,0.5607280750137893,,0.0
ALK,-0.6186431329288472,1,0.0
MAF1,-0.7492553778268064,,0.0
NCAM1,-0.9460562603419748,,0.0402768423785704
P2RX7,-0.0195256480970766,,0.0
UBQLN1,-0.8402647545504689,,0.0282375814821039
VWF,-0.5193601765030336,,0.0129686388890624
WNK1,-0.9387755102040816,,0.0
GORASP1,0.1806949806949807,,0.0
ERAS,0.0,,0.0
ERAL1,-0.215554329840044,,0.0
TRAF2,-0.9468284611141754,,0.0
IGFBP5,0.0908990623276337,,0.0604751072651812
SYK,-0.8849420849420849,1,0.0
ATG5,-0.3819084390512962,,0.0120849038755666
RBM8A,-0.6357418643132928,,0.0
TDRD7,-0.6649751792608936,,0.0276540899853041
GPR151,0.3115278543849973,,0.0
FZD4,-0.5509100937672367,,0.0
LPAR3,-0.5405405405405406,0,0.0
LGR6,-0.1430777716492002,,0.0
OXER1,0.9408714837286264,,0.0
GPR166P,0.0,,0.0
MRGPRX4,0.2719249862107005,,0.0
MRGPRX3,0.5278543849972421,,0.0
NMUR1,0.6046332046332046,,0.0
MRGPRX1,0.8586872586872587,0,0.0
SLC24A1,-0.334473248758963,,0.0
GABRQ,0.0,,0.0
MBP,-0.4694980694980695,,0.0439083026359104
TMEM59,0.5215664644236073,,0.0
TMEM259,0.0030888030888029,,0.0
TMEM126B,0.86276889134032,,0.04325599163102
FAM161B,-0.0899062327633756,,0.0763385229747782
DAGLB,0.2697186982901269,1,0.0
CALB1,-0.5533370104798676,,0.0582192879801557
ADCYAP1,-0.1801434087148372,,0.0331533784879853
VAMP2,-0.9692222835079978,,0.0
SSTR2,-0.3568670711527855,0,0.0
CARD14,0.4167677881963596,,0.0
CORT,0.5962493105350248,,0.0
CALHM2,0.4037506894649751,,0.0
SEC14L4,0.0408163265306122,,0.0
SHH,-0.6967457253171538,,0.0
ZCCHC17,-0.2044125758411472,,0.063906419492573
RSAD2,0.5130722559293988,,0.0
PLG,-0.6215113072255929,,0.0
CSF1,-0.8565912851627138,,0.0
HSPB1,0.9192498621070048,,0.0199208673664805
STUB1,0.5042471042471042,,0.0
PRKCB,-0.9295091009376724,0,0.0354219650395358
IL21,-0.7394373965802536,,0.0
ZBTB17,-0.7504688361831219,,0.0
IL4R,-0.5654715940430226,,0.0
ALCAM,-0.7156094870380585,,0.0
CTLA4,-0.9501378929950358,,0.0
RNF5,0.0811913954771097,,0.0
HGF,-0.7185879757308329,,0.0343998742924434
SH3D19,-0.5338113623827909,,0.0
IL32,0.9825703254274682,,0.0
SPHK1,0.7105350248207392,0,0.0
MDH1,-0.4725868725868726,,0.1244577346328166
NAMPT,-0.858246001103144,1,0.0441883157248201
DLG1,-0.6995035852178709,,0.0
TRPC6,-0.4248207391064533,,0.0
ANKRD40CL,0.0,,0.0
BRAP,-0.3388858246001103,,0.0293153936821873
CXCL2,0.7406508549365691,,0.0
IGF1R,-0.8034197462768892,1,0.0546924030252998
IL1A,-0.0806398234969663,,0.0
PDP1,-0.6523993381136238,,0.0
AQP1,-0.0925537782680639,,0.0225152800948946
PPP2R3A,-0.1351351351351351,,0.0
OR13F1,0.8538334252619968,,0.0
CSPG4,-0.4441257584114727,,0.0
MON1A,-0.1963596249310535,,0.0
CXCL12,0.1781577495863209,,0.0108206852632031
HDAC3,-0.7278543849972421,1,0.0
NUP85,-0.8446773303916161,,0.0
TLN1,-0.9331494760066188,,0.0
STAR,0.5076668505239934,,0.0
SULT1A1,0.541753998896856,,0.0
PLK2,-0.7190292333149476,1,0.0568499497629248
KCNN4,0.0054054054054053,1,0.0
TRIM51G,0.5362382790954219,,0.0
NRP1,-0.7866519580805296,,0.0171655556942171
RTN4,-0.6350799779371208,,0.0
STAT5B,-0.9045780474351904,0,0.0
NOS1,-0.7964699393270822,,0.0
SLC8A3,-0.2961941533370105,,0.0
HNRNPA2B1,-0.9920573634859348,,0.0
HDAC1,-0.6560397131825704,1,0.0624462809402395
CTSS,-0.4869277440706012,1,0.0
DNAJC15,0.7588527302813017,,0.0
SERPINA5,0.5324875896304468,,0.0
STAT5A,-0.8347490347490347,,0.0
KITLG,-0.5924986210700496,,0.0619650435301144
HK2,-0.605184776613348,,0.0
ARL5B,-0.6057363485934915,,0.0
ARL4C,-0.2932156646442361,,0.0143939744348084
PDIA3,-0.7654715940430226,,0.0
GPX4,0.5926089354660784,0,0.0401568936560583
BACE2,-0.6040816326530613,1,0.0
PARK7,0.1044677330391616,1,0.0572345271623617
PRKN,0.3478212906784335,,0.0
INPPL1,-0.3239933811362383,,0.0
IL7,0.6947600661886377,,0.0
SMAD3,-0.8234969663541092,,0.0
RAPGEF4,-0.6424710424710425,,0.0
CYGB,0.1610590182018754,,0.0
UBXN6,0.3446221731936016,,0.0
ID2,-0.3542195256480971,,0.0372982006602023
CYP46A1,-0.6876999448428021,,0.0643318031354975
CDC42,-0.5536679536679536,0,0.0329456325664817
CHLSN,0.5346938775510204,,0.0
SFPQ,-0.899834528405957,,0.0
GABRA6,0.3678985107556536,,0.0
KCNIP3,0.4518477661334803,,0.0
FKBP4,-0.3892995035852179,,0.0
TDO2,0.2376172090457804,,0.0171859540332906
SPHK2,-0.0602316602316602,,0.0
RIPOR1,-0.556977385548814,,0.0
PDIK1L,-0.6271373414230557,,0.0
DCN,-0.3021511307225593,,0.014015950419392
TRPA1,0.1728626585769443,1,0.0
RAB12,0.3612796469939328,,0.0
MGLL,-0.6880308880308881,1,0.0193298352781596
IFNK,0.763265306122449,,0.0
CPSF4,-0.7094318808604523,,0.0
RTN3,-0.4204081632653061,,0.038230665375423
MRTFA,-0.8065085493656923,,0.0
ATN1,-0.8441257584114727,,0.0
NPC1,-0.4707115278543849,0,0.0
CHEK1,-0.2369553226696084,1,0.0
C4A,-0.364258135686707,,0.0
RAB10,-0.6636514065085494,,0.0
SLC2A3,-0.5035852178709321,,0.0
CXCL1,0.3956977385548814,,0.0
STMN2,-0.9231108659680088,,0.0559108264390727
MYC,-0.9873138444567016,,0.0
PON1,0.3319360176503034,,0.0
SCN1A,-0.9952564809707668,1,0.0117379215478366
ITSN1,-0.8830667402095973,,0.0413982876002028
C2CD3,-0.5221180364037508,,0.0
SH2D4B,0.0997242140099283,,0.0
PITRM1,0.049862107004964,,0.0653853961295859
IRF7,0.8286817429674573,,0.0
DLX3,-0.6216216216216216,,0.0
PM20D1,0.356646442360728,,0.0
USP25,-0.5258687258687258,,0.0360407469292651
NAV3,-0.7655819084390513,,0.0516252555055684
CLEC7A,0.6501930501930502,,0.0
CCN2,0.1501378929950358,,0.0
CISH,-0.0219525648097076,,0.0
NR3C2,-0.9105350248207392,1,0.0
PCYT1A,-0.0605626034197462,,0.0
CPOX,-0.2868174296745726,,0.0
COX8A,0.9499172642029784,,0.0
ACTG2,-0.5366795366795367,1,0.0
GABRB2,-0.7652509652509653,,0.0182324156044946
SLC8B1,0.0552675124103696,,0.0
KCNA3,-0.3206839492553778,1,0.0
KLF16,0.9549917264202978,,0.0
TMEM245,-0.0945394373965802,,0.0
PINK1,0.5263099834528406,,0.0229815231626661
AICDA,0.306784335355764,,0.0
JUP,-0.6507446221731936,,0.0
CLDN8,0.8963044677330392,,0.0
UCP2,0.2789851075565361,,0.0
DLAT,-0.3534473248758962,,0.0
CD81,-0.4326530612244897,,0.0
VIP,0.6615554329840043,,0.0
HSPB3,0.6335355763927193,,0.0199199874969885
APOD,0.6364037506894649,,0.0
CCL24,0.3092112520683949,,0.0
OR4S1,0.9543298400441258,,0.0
HOMER1,-0.9651406508549366,,0.0
P2RY1,-0.0628792057363486,1,0.0580889935252597
DEFB4A,0.8816326530612244,,0.0
COPS5,-0.9455046883618312,,0.0764639020623069
BHLHE40,-0.9448428019856592,,0.0456076688114632
GLOD4,0.8724765581908438,,0.0652374294657564
AZU1,0.8101489244346387,,0.0
SCRN1,-0.5395477109762824,,0.0356436512221875
CFL2,-0.1004964147821291,,0.0460133567326962
CD59,0.4859349145063432,,0.029253127425201
DEFB4B,0.0,,0.0
ELK1,0.0,,0.0
TNFRSF10B,0.1945945945945946,,0.0718850606369288
APOC2,0.1564258135686707,,0.0
TMEM167A,0.7374517374517375,,0.0
KDM1A,-0.5209045780474352,1,0.0382693918051604
HSPB2,0.7338113623827909,,0.0
JAG1,-0.9500275785990072,,0.0625500213240412
PDIA5,-0.1227799227799227,,0.0
ADRA1D,0.8319911748483177,1,0.0
IFNB1,0.0,,0.0
PTPRG,-0.4179812465526751,,0.0
ENSG00000285043,0.0,,0.0
TNFSF12,0.0045228902371758,,0.0
ITGAE,-0.0403750689464975,,0.0268095915443118
CNTN2,-0.6416988416988417,,0.0
SIRPA,-0.8789851075565361,,0.0345051111307457
THOP1,-0.1599558742415885,,0.0
SLC25A30,0.1981246552675124,,0.0
TIMP3,-0.4903474903474903,,0.0
GABRE,0.0,,0.0
RGS2,0.2332046332046331,,0.0241133426044826
HDAC4,-0.961169332597904,,0.0
CGAS,0.7034749034749035,0,0.0
FOXQ1,0.9669056811913954,,0.018593648462669
IGFBP2,0.0186431329288472,,0.0
RBPMS,-0.3922779922779923,,0.0330161620642103
GSAP,0.3887479316050743,,0.012667111222886
CSTB,0.7832322118036403,,0.0
PGF,-0.314396028681743,,0.0412773992596896
GRB2,-0.946276889134032,,0.0
GPR3,0.6099282956425813,,0.0
USP12,-0.5680088251516823,,0.0
IGFBP7,0.8551571980143409,,0.1631628046286786
CD47,-0.4034197462768891,,0.0254936827392368
TRPC3,-0.3648097076668505,,0.0
MTA2,-0.8471042471042471,,0.0
SMYD1,0.3260893546607832,,0.0
ACTG1,-0.5479316050744623,,0.0389972879683451
SMN1,0.2693877551020407,0,0.0
PTK2,-0.7963596249310535,1,0.0
NR2C2,-0.9773855488141202,,0.0
IRF1,-0.6538334252619966,,0.0
DKK2,-0.5428571428571429,,0.0
MID1,0.0,,0.0
IL5,0.1768339768339768,,0.0
ABCA2,-0.7558742415885273,,0.0
CXCR2,0.3233314947600663,,0.0
CRLF2,0.0,,0.0
NUP214,-0.7334804191947049,,0.0
TNFRSF4,0.6782129067843354,,0.0
S100A7,0.7842250413678986,,0.0
TNFRSF9,-0.1343629343629343,,0.0
ABCB6,0.025261996690568,,0.0
SFXN1,0.1591836734693876,,0.0
HNRNPA1,-0.8403750689464975,,0.0
ENO2,-0.642250413678985,,0.0696801027826799
ACAN,-0.8179812465526751,,0.0
CXCL13,-0.3227799227799227,,0.0
ALOX5,-0.0626585769442912,0,0.0
BGLAP,0.8436845008273579,,0.0
SCN2A,-0.9755102040816328,1,0.0404157635312317
NDUFAF6,0.7237727523441808,,0.0107013168562652
TBK1,-0.6825151682294539,1,0.0
ATAD1,-0.6826254826254826,,0.0373628229318933
IL3,0.6302261445118589,,0.0
ADH1B,0.0798676227247656,,0.0
UNC13A,-0.8077220077220078,,0.0610305727856369
QRSL1,0.2400441257584114,,0.0
LGI1,-0.8617760617760618,,0.0225327119828892
CCR2,0.8625482625482626,1,0.0
ADAMTS4,-0.3938223938223938,0,0.0
SUMO1,0.1738554881412024,,0.0
MFSD2A,-0.6054054054054054,,0.0
GSK3A,-0.7692222835079978,1,0.0
CSF2,-0.5455046883618312,,0.0
CISD2,-0.7551020408163265,,0.045393887911594
MZB1,0.546607832322118,,0.0
WDR89,-0.1091009376723662,,0.0
FCGR2B,0.0460011031439602,,0.0
HSPBAP1,-0.1100937672366243,,0.0
ACTBL2,0.7530060672917815,,0.0
FHL5,0.6101489244346388,,0.0
POTEM,-0.8485383342526199,,0.0
GPHN,-0.9307225592939878,,0.0540535807646959
PTPRR,-0.5281853281853282,,0.0596546264853195
RBM45,-0.1221180364037507,,0.0
PTPN6,-0.8677330391616106,,0.0
STIM2,-0.6815223386651958,,0.0
ATG16L1,-0.6383894098179812,,0.0
ZNF230,0.8094870380584667,,0.0
WT1,-0.9221180364037508,,0.0
S100A10,0.2029784886927743,,0.0
LAMC2,-0.2920022062879206,,0.0
CDKN2B-AS1,0.0,,0.0
LYZ,0.7698841698841699,,0.0
ACAA1,0.3878654164368449,,0.0
APOA4,0.0277992277992278,,0.0
OCLN,-0.3981246552675124,,0.0
IFNAR2,-0.3501378929950358,,0.0279328488625286
NR1H3,-0.6248207391064534,1,0.0
SLC15A1,0.2602316602316603,,0.0
KNG1,-0.6022062879205736,,0.0
CCK,0.7667953667953669,,0.1052623234999036
CLIP1,-0.7355763927192498,,0.0
CCDC80,-0.3692222835079978,,0.0
SMIM29,-0.2726971869829012,,0.0
GGA3,0.04853833425262,,0.1109714737623255
PTAFR,-0.1097628240485383,1,0.0
RHBDF2,-0.6378378378378378,,0.0
VPS35,-0.8714837286265857,,0.0
TMEM232,0.5106453392167678,,0.0
PROM1,0.2384997242140099,,0.0
PIK3CA,-0.9434087148372864,1,0.0
SARM1,0.6162162162162161,,0.0
CALML5,0.913623827909542,,0.0
PPM1A,-0.8146718146718147,,0.0
PLA2G1B,0.5756205184776613,,0.0
COL17A1,-0.102592388306674,,0.0
TRIM52,0.2435741864313292,,0.0
NUP153,-0.9715388858246,,0.0
EEF2K,-0.1258687258687258,,0.0462309561060539
PDSS2,-0.2564809707666851,,0.0
INTS14,-0.5429674572531715,,0.0
SPARC,-0.2147821290678433,,0.0
CTSE,0.3667953667953667,,0.0
SELENOP,0.4113623827909543,,0.1384852137343517
IFNAR1,0.8099282956425813,,0.0
SCN3A,-0.8473248758963045,,0.0194122038814953
ARL8B,-0.4375068946497518,,0.0347784416696313
ANK1,-0.8875896304467733,,0.0
TMCC2,-0.704688361831219,,0.0
SERPINB4,0.7100937672366243,,0.0
HEBP1,0.097738554881412,,0.0
FGF21,0.6905681191395476,,0.0
TRPV3,0.4334252619966905,,0.0
SOCS1,0.6656370656370656,,0.0
HPCAL1,-0.0454495311638168,,0.0
PPP1R1B,-0.5798124655267513,,0.0
MELTF,0.1320463320463321,,0.0
UBE3A,-0.98411472697187,,0.0
FZD1,-0.4584666298952013,,0.0
PREX1,-0.9109762824048538,,0.0511287157512243
LILRB4,0.247435190292333,,0.0
DKK1,0.2319911748483176,,0.0
ITGAM,-0.4674020959735245,,0.0
SLC7A11,-0.2164368450082735,,0.0522343459912529
IDH3B,0.1285162713734142,,0.0422932066360795
RRM2,-0.8932156646442361,,0.0
KCNIP2,-0.3282956425813569,,0.0
HLA-G,0.3023717595146167,,0.0
AP2A1,-0.8614451185879757,,0.0
CDK6,-0.7813568670711528,1,0.0216481051860679
TRPV2,-0.3107556536127964,,0.0
SLC25A27,0.2081632653061225,,0.0086803147529123
GLT1D1,0.0512961941533369,,0.0350740186013527
ERMAP,-0.0944291230005516,,0.0
IL21R,-0.5307225592939879,,0.0
PAH,0.4724765581908439,,0.0
RHOQ,-0.7134031991174848,,0.0
CLDN5,0.9949255377826808,,0.015059598322055
TIGAR,0.3804743519029232,,0.0
YOD1,0.0729178157749586,,0.0
AK5,-0.6882515168229454,,0.0224054618286701
NCAM2,-0.7800330943188086,,0.0
ACSS2,-0.3110865968008824,,0.0
DNAJB6,-0.083177054605626,,0.0
AQP5,0.5280750137892996,,0.0
SLC32A1,-0.8,,0.0104715722110974
PNP,0.0455598455598456,,0.0
CD207,0.3963596249310535,,0.0
IL37,0.7789299503585219,,0.0
DROSHA,-0.8063982349696636,,0.0
KIF11,-0.96569222283508,0,0.0
RPS6KB1,-0.8083838940981798,,0.0
SCN9A,-0.1960286817429675,1,0.0
CELF1,-0.925868725868726,,0.0
SNX8,-0.3774958632101489,,0.0
TET1,-0.9798124655267512,,0.0
IL1F10,0.729619415333701,,0.0
ZNF383,-0.1362382790954219,,0.0
SOST,0.7579702151130723,,0.0
SLC11A1,0.2672917815774958,,0.0
ADRA1B,0.6467733039161612,0,0.0
FTO,-0.0754550468836182,0,0.0
LECT2,0.186100386100386,,0.0
ZNF384,-0.8772200772200772,,0.0
SYNE1,-0.616988416988417,,0.0
PHF1,-0.8562603419746277,,0.0
ADNP,-0.9926089354660784,,0.0
YARS2,0.1245449531163815,,0.0
BCL2A1,0.223166023166023,0,0.0
GABBR1,-0.8164368450082735,,0.0510077257908162
CCT2,-0.7458356315499173,,0.0812634765314522
CLIC5,0.4305570876999449,,0.0
FABP5,-0.2241588527302813,,0.0
FZD7,-0.3166023166023166,,0.0406196061557503
PDK1,0.4769994484280198,1,0.017493146733261
SELENOF,0.5032542746828461,,0.0452946872108123
PANX1,0.0231660231660231,,0.0
RPA3,0.9929398786541644,,0.0217662571609714
GCA,0.8784335355763928,,0.0106967986676895
VIRMA,-0.7524544953116381,,0.0
ITGAL,-0.5756205184776613,1,0.0
INO80E,0.4913403199117485,,0.0
ACVRL1,-0.6086045228902373,1,0.0
WFDC12,0.2437948152233866,,0.0
CD36,0.9819084390512962,,0.0
IL24,0.4337562051847765,,0.0
FLII,-0.3682294539437396,,0.0
IGHG3,0.0,,0.0
RALYL,0.1750689464975179,,0.0379288213085275
CHCHD6,0.4022062879205736,,0.0502333867724558
DEFB1,0.9936017650303364,,0.0
KLF5,-0.6677330391616105,0,0.0
ORMDL3,-0.097407611693326,,0.0
TNC,-0.5578599007170435,,0.0095658041435632
FAAH,0.3113072255929399,1,0.0
PLIN2,0.5973524544953117,,0.0
DUSP4,-0.2740209597352454,,0.0
EIF2A,0.2434638720353006,,0.0
NEUROD6,-0.7802537231108659,,0.0239874599141742
LCE3D,0.0,,0.0
FUT1,0.9254274682846112,,0.0
ATAD3A,-0.1861003861003861,,0.0
RTN4R,-0.877992277992278,,0.0587155708610459
ALKBH5,-0.962162162162162,0,0.0
FMNL2,-0.6414782129067844,,0.0190990624072304
NKRF,0.0,,0.0
PGRMC1,0.0,,0.0560202520485156
SRRM2,-0.9661334804191948,,0.0973106421560127
NAP1L5,0.914726971869829,,0.0414402348536623
DUSP16,-0.6858246001103143,,0.0
NNAT,0.3232211803640374,,0.0
KCNJ15,-0.1149476006618863,,0.0
MUTYH,0.0996138996138995,,0.0
CTF2P,0.0,,0.0
NSUN2,-0.0041919470490898,,0.0
SRA1,0.6954219525648098,,0.0
THBS1,-0.8853833425261997,,0.0
PSG11,0.7311638168781025,,0.0
ELP1,-0.2822945394373966,,0.0452559194681838
PIP,0.4661886376172091,,0.0
LTB4R,0.9520132377275234,1,0.0
FBLN1,-0.6917815774958632,,0.0
VAMP1,0.4912300055157197,,0.0088185503589065
ANGPT2,-0.5603971318257033,,0.0
NQO1,0.4319911748483176,,0.0
MT-ND5,0.0,,0.0122341358095838
ANGPTL8,0.8200772200772202,,0.0
POLB,0.8317705460562603,,0.0303641393543312
SNAPIN,0.715057915057915,,0.0
SPOCK1,-0.585438499724214,,0.0455991533105694
NCF1,-0.5477109762824048,,0.0
IL20,0.6211803640375069,,0.0
ST3GAL2,-0.5480419194704909,,0.0
PYCARD,0.701930501930502,,0.0
CREB3L2,-0.5108659680088252,,0.0
APMAP,0.3001654715940429,,0.0477172381121577
NBR1,-0.4824048538334252,,0.0370686884514809
SCN5A,-0.8251516822945395,,0.0
TTBK1,-0.6988416988416988,1,0.0
CLDN1,-0.2261445118587975,,0.0
SCN10A,0.1628240485383343,1,0.0
HSD11B1,0.0116933259790401,1,0.0
WDR97,0.0,,0.0
CEMIP,-0.3428571428571428,,0.0
PKD2L2,0.2490899062327634,,0.0
C6orf118,0.4986210700496414,,0.0
RALBP1,-0.6550468836183122,,0.0569108022620925
RBX1,0.4632101489244347,,0.0513289447652038
FGF10,-0.911638168781026,,0.0174165400000295
RBBP7,0.0,,0.0371031794100313
CCZ1,-0.4718146718146718,,0.0
NEK7,0.1407611693325978,,0.0647258624781765
RCHY1,-0.2377275234418091,,0.0
PSAT1,0.517484831770546,,0.110384459863599
KRCC1,0.4580253723110865,,0.0
CD63,-0.2872586872586873,,0.0
AKAP6,-0.8306674020959736,,0.0
SNX4,0.1932708218422503,,0.0099391428272384
IL36B,0.7922779922779923,,0.0
SYP,0.0,,0.0
NLK,-0.8803088803088803,,0.0167637603454121
DAB2,-0.7100937672366243,,0.0
ATP12A,-0.2087148372862658,,0.0
NPEPPS,-0.8878102592388306,0,0.0254991965269453
HPGD,0.4888030888030887,0,0.0
CLEC4G,0.6390512961941532,,0.0
TPR,-0.9545504688361832,,0.0
AMFR,-0.5279646993932708,,0.0110195425719279
MAPK3,-0.0578047435190292,1,0.0
SLC7A9,-0.1065637065637066,,0.0
PJA1,0.0,,0.0277955109435196
SBDS,0.2014340871483728,,0.0
ID1,0.641588527302813,,0.0
CRBN,0.310535024820739,1,0.0
TYR,0.5574186431329289,,0.0
SPC25,0.3224489795918368,,0.0
AP1S1,0.198234969663541,,0.0
IL36A,0.5750689464975178,,0.0
KIF9,-0.1646993932708218,,0.0402259888842772
CRH,0.802095973524545,,0.0337666498398238
MFN2,-0.5655819084390513,,0.0
SCN7A,0.2736900165471594,,0.0
GNRH1,0.4151130722559293,,0.0
DDB1,-0.9591836734693876,,0.0
RAN,-0.9301709873138444,,0.0
FH,-0.5703254274682846,,0.0337075117398036
ZDHHC7,-0.6571428571428571,,0.0
MED12,0.0,,0.0
PRICKLE2,-0.8541643684500827,,0.0
SLC19A2,-0.2008825151682294,,0.0
SPARCL1,-0.0639823496966354,,0.0438343863254405
SERBP1,-0.9202426916712632,,0.0
CUL4A,-0.8680639823496966,,0.0
RN7SL1,0.0,,0.0
ASAH2,-0.2251516822945394,,0.0
OCRL,0.0,,0.0
MAK16,-0.8619966905681191,,0.0
GADD45GIP1,0.528295642581357,,0.0
FBXL16,-0.6391616105901821,,0.0
MAP2,-0.9856591285162714,,0.0
FAM219B,0.7225592939878653,,0.0
WNT2B,-0.4703805846662989,,0.0
GNG5,0.6741312741312742,,0.0
CST1,0.990623276337562,,0.0
DDX39A,-0.7351351351351352,,0.0
DDIT3,0.3723110865968009,,0.0
CCDC158,-0.0196359624931053,,0.0
SLAMF8,0.1797021511307226,,0.0
SCN11A,-0.2315499172642029,,0.0
IL23A,0.6069498069498069,,0.0
CBLN1,-0.4414782129067843,,0.0
PIAS2,-0.8744622173193601,,0.0
SPRR2G,0.9303916161059018,,0.0
ATP5PO,-0.171207942636514,,0.0
PLAAT4,0.6822945394373965,,0.0
GPR50,0.0,,0.0
SDHAF3,0.8847214561500276,,0.0
MGST2,-0.0584666298952013,,0.0
LYNX1,0.7287369001654715,,0.0481642481564988
ITGBL1,0.2424710424710425,,0.0
SIGMAR1,0.4964147821290678,0,0.0
CHID1,0.0872586872586873,,0.0
CLEC4A,0.2104798676227248,,0.0
CNFN,0.6536127964699394,,0.0
SLC12A1,0.0036403750689464,,0.0
SCN4A,-0.5344732487589631,,0.0
ATP11B,-0.6640926640926641,,0.0
HDAC11,-0.2769994484280198,,0.0
DEF8,-0.0702702702702702,,0.0
AIFM1,0.0,,0.0
MAP1LC3B,0.4413678985107556,,0.0668339790559494
UBQLN2,0.0,,0.0
CTSZ,0.7547710976282405,,0.0
GZMK,0.4548262548262547,,0.0
DEDD2,0.2664092664092663,,0.0
CPE,-0.6148924434638721,,0.0437963548293947
IKZF4,-0.8039713182570325,,0.0
KLK3,0.1746276889134033,,0.0
NPPB,0.7549917264202979,,0.0
OPTN,-0.158411472697187,,0.0678883341068654
RNF130,-0.355984555984556,,0.0
TRPM7,-0.4639823496966354,,0.0
MEF2A,-0.3476006618863761,,0.0339465288375184
CXCL16,0.1241036955322669,,0.0
IL12A,0.2857142857142858,,0.0
SSH1,-0.4238279095421953,,0.0293281259256532
UBE2H,-0.9278543849972422,,0.0435064930196357
FSIP1,0.5766133480419195,,0.0
SLC30A3,-0.2485383342526199,,0.0
CASR,-0.7202426916712631,,0.0
SLC30A10,0.0369553226696084,,0.0
S1PR1,-0.8693877551020408,1,0.0414630674964543
NSG1,-0.1878654164368449,,0.0823214796903167
TOM1,-0.1777164920022063,,0.0
PHGDH,0.3253171538885824,1,0.0
LGALS7,0.0,,0.0
PLAG1,-0.8238279095421952,,0.0
BMI1,-0.7799227799227799,,0.0
SOX13,-0.5312741312741313,,0.0
SEMA4D,-0.7365692222835081,,0.0
SEZ6,-0.424600110314396,,0.0
IFNA2,0.951792608935466,,0.0
IFNA17,0.8978488692774407,,0.0
SGK1,-0.4156646442360728,1,0.0416559958194867
MAPK8,-0.6520683949255378,1,0.0
CDH6,-0.6769994484280198,,0.0
CCL17,0.8464423607280751,,0.0
CKLF,0.8013237727523441,,0.0
DST,-0.8892443463872035,,0.0
PABPC1,-0.9894098179812464,,0.0
MTDH,-0.6496414782129067,,0.0
GPC4,0.0,,0.0
RHAG,-0.3987865416436845,,0.0
ZNF436,-0.3261996690568119,,0.0
ZNF569,-0.1798124655267512,,0.0
REG1A,0.5753998896856041,,0.0
ITM2B,-0.3919470490899062,,0.0
CD28,-0.5261996690568119,,0.0
TUFM,-0.4323221180364037,,0.0
PLP1,0.0,,0.0520938071020561
ATR,-0.668284611141754,1,0.0116326886281185
PDCD6IP,-0.590292333149476,,0.062662323541963
PTHLH,-0.6219525648097077,,0.027594043869399
PPP2R2C,-0.8208494208494208,,0.0
EIF4G3,-0.948703805846663,,0.0
LRR1,0.4665195808052951,,0.0
RAB5A,-0.801765030336459,,0.0
RETN,0.8423607280750138,,0.0
ANXA5,0.6596800882515168,,0.0260573798885802
NUDT1,0.8136789851075565,1,0.0
ZNF44,0.6361831218974077,,0.0
ZNF501,0.5995587424158852,,0.0
SOD1,0.692553778268064,,0.0823839783847156
CLIC1,-0.1436293436293436,,0.0
MRLN,0.0,,0.0
SOD2,0.0,,0.0
VDAC1,-0.6475455046883618,,0.0639421695080245
P2RX4,0.2020959735245449,1,0.0
CYLD,-0.8668505239933811,,0.0
SORT1,-0.628792057363486,,0.0
AGRN,-0.39580805295091,,0.0
SLC41A1,-0.5842250413678984,,0.0
PLCG1,-0.6837286265857694,,0.0227141344351041
NAP1L1,-0.907446221731936,,0.0269076849078608
TCEAL1,0.0,,0.0
H3P16,0.0,,0.0
EGLN3,-0.2867071152785438,,0.0
TLR9,0.2581356867071152,0,0.0
SIGLEC10,-0.251296194153337,,0.0
CCL28,0.4370656370656371,,0.0
THY1,0.2028681742967457,,0.0492332551524709
USP6,-0.1990071704357419,,0.0
VCPIP1,-0.9778268063982348,,0.0
SAXO2,0.6466629895201323,,0.0
SLC23A2,-0.4101489244346387,,0.0421459802204895
ASCL1,-0.677992277992278,,0.1035028130634579
SNURF,0.0007722007722008,,0.0
PLXNA4,-0.8960838389409818,,0.0
WDR26,-0.9823496966354108,,0.0
CCL11,0.8155543298400441,,0.0
CD200,-0.2039713182570325,,0.0596911234862577
HSPA1B,0.8856039713182571,,0.0149890272831263
MAPKAPK3,-0.0455598455598456,,0.0
DSCAML1,-0.9218974076116934,,0.0310887475127022
FASLG,-0.5600661886376173,,0.0
AVPR2,0.0,1,0.0
MCM2,-0.4276889134031991,,0.0
PIK3C2B,-0.6237175951461666,,0.0
ENSG00000288645,0.0,,0.0
TIMP1,0.0,,0.0
ROCK2,-0.8487589630446774,1,0.0
PMAIP1,0.8861555432984005,,0.0
NSUN6,0.7131825703254275,,0.0
PYM1,-0.5432984004412575,,0.0
TREM1,0.1049089906232763,,0.0
HPGDS,0.9527854384997244,,0.0
SDC3,-0.3966905681191395,,0.0204775073134458
GNGT2,0.7690016547159404,,0.0
RBMS3,-0.5821290678433535,,0.1476053949416647
IRF3,-0.034638720353006,,0.0
PRDM16,-0.8827357970215113,,0.0644409746867941
SIRT5,-0.037065637065637,,0.0
CD52,0.8400441257584115,,0.0
RSRC2,-0.9855488141202426,,0.0324410604808797
FKBP5,-0.5374517374517375,1,0.0196856558087247
SNHG14,0.0,,0.0108270989943412
TMEM201,-0.5467181467181468,,0.0
DDIT4,0.6672917815774959,,0.0695184813360484
AKAP9,-0.488361831218974,,0.0
GSR,0.3655819084390512,0,0.0
RHBDD1,0.6290126861555434,,0.0
RIGI,0.0290126861555433,,0.0
DAO,0.416657473800331,0,0.0
USP11,0.0,,0.0742615827835598
NLRC3,0.593381136238279,,0.0
MLKL,0.380253723110866,1,0.0
HEY2,0.5014892443463872,,0.0608814721073501
RHBDL3,-0.3104247104247104,,0.0
LBR,-0.6900165471594043,,0.0
REDIC1,0.4136789851075566,,0.0
PRLHR,0.7971318257032542,,0.0
GHITM,-0.0047435190292333,,0.0371620928934815
NLRP10,0.4628792057363486,,0.0
RARRES2,0.5000551571980143,,0.0
SPZ1,0.8580253723110867,,0.0
PRSS55,0.9897407611693324,,0.0
CRISP2,0.2108108108108108,,0.0
ARX,0.0,,0.0
FAM186A,-0.2011031439602868,,0.0
ZBTB20,-0.8859349145063431,,0.0628135864123249
MEP1B,0.4195256480970766,,0.0
DCTD,0.9515719801434088,,0.0
JAK1,-0.9731936017650304,1,0.0746334435088968
SELENOS,0.8197462768891339,,0.019250881804984
LAMP5,0.7349145063430778,,0.0529865845997158
GOLGA8M,0.0516271373414229,,0.0
SLC15A4,-0.2127964699393271,,0.0
LRRTM1,-0.8055157198014341,,0.038625209691442
LGALS7B,0.0069498069498068,,0.0
ESRRA,-0.7322669608383894,,0.0
PRDX5,0.4367346938775509,,0.0570464373193755
ARRB2,-0.6184225041367899,,0.0
C4B,-0.7798124655267512,,0.0
NPPA,0.5123000551571981,,0.0
CRLF2,0.0,,0.0
RBM15,-0.95146166574738,,0.0
HOXA11,-0.5618312189740762,,0.0
PLA2G3,-0.0015444015444014,,0.0
MAP2K1,-0.6715940430226144,1,0.0435221314916316
GAL,0.8034197462768891,,0.0
APOA2,0.0769994484280198,,0.0
TCF3,0.4407060121345836,,0.0802796750413743
ROBO3,-0.3691119691119691,,0.0
SP1,-0.9726420297848868,,0.0
SLC51A,-0.0769994484280198,,0.0
SLC6A6,-0.7960286817429675,,0.0
PLAT,-0.2811913954771098,,0.0
CEACAM4,0.6488692774407061,,0.0
DEFB103B,0.0,,0.0
DEFB103A,0.0,,0.0
DTL,-0.5255377826806398,,0.0
ISG20,0.3849972421400993,,0.0
ZNF224,0.6016547159404302,,0.0
C17orf107,0.793381136238279,,0.0
CSF3,0.4369553226696083,,0.0
ALDH7A1,0.024931053502482,,0.0
RD3,0.2596800882515169,,0.0
HDAC9,-0.8177606177606178,,0.0
PTBP1,-0.924434638720353,0,0.0174102847604249
EFHD2,0.3658025372311086,,0.0
HLA-B,0.8842801985659128,,0.0
KIF21B,-0.6568119139547711,,0.0
CLPP,-0.0558190843905129,,0.0
TRIM35,0.0091560948703806,,0.0
SLC25A3,-0.6521787093215665,,0.0850963698961832
BOLL,-0.2697186982901268,,0.0
GSDMB,0.1153888582460012,,0.0
H3P10,0.0,,0.0
TOMM70,-0.8882515168229455,,0.0293169949768996
SLC22A31,0.9249862107004964,,0.0
PDXP,0.940099282956426,,0.0
CEBPA,0.581246552675124,,0.0
PACSIN2,-0.6613348041919471,,0.0
CD86,-0.6261445118587976,,0.0
SHC1,-0.4293436293436293,,0.0
NT5E,0.4576944291230005,1,0.0
LRP6,-0.909542195256481,,0.0
ISG15,0.8494208494208495,,0.0
ITGA4,-0.5645890788747931,,0.0
GPR37,-0.4850523993381136,,0.0386654236652642
DDX24,-0.6653061224489796,,0.0305789768725513
ITGB2,-0.271042471042471,,0.0
GMEB1,-0.9801434087148372,,0.0
BCAS4,0.2039713182570326,,0.0
POLR2A,-0.9555432984004412,,0.0
CH25H,0.11296194153337,,0.0
ENG,-0.821842250413679,,0.0
CALHM1,0.5028130170987313,,0.0
LIMS1,-0.1767236624379481,,0.0
COL28A1,0.2732487589630445,,0.0
NFKBIA,-0.6886927744070601,,0.0949935879379439
EPB41L4A,0.4678433535576392,,0.0
GOLGA6L10,-0.7838940981798125,,0.0
PGM2L1,-0.4849420849420849,,0.0476854412656205
TMEM185B,-0.327523441809156,,0.0
ADSS2,-0.5102040816326531,,0.0
PLA2G6,0.0070601213458356,,0.0
CASP1,-0.2595697738554882,1,0.0
PRSS23,-0.0233866519580805,,0.0
PBXIP1,0.368781025923883,,0.0831324767605975
MAP1LC3A,0.5039161610590182,,0.0
S100A8,0.7609487038058467,,0.0250535830450062
PRKAG2,-0.5913954771097628,,0.049124821535945
SYN1,0.0,,0.058927393457704
BCL2,-0.8292333149476007,1,0.0451402599645235
HSPA8,-0.989299503585218,,0.0
GDF10,0.2529509100937672,,0.0
MET,-0.7445118587975731,1,0.0489914952928876
CRB1,-0.3246552675124103,,0.0539962845246433
EIF1,-0.5376723662437948,,0.0
RPS23P1,0.0,,0.0
PLA2G2A,0.3329288472145615,,0.0
P2RY2,0.9449531163816878,,0.0
PPIA,-0.7628240485383342,,0.0
RIPK3,0.4110314396028682,,0.0
CDH2,-0.8583563154991727,,0.0
YWHAZ,-0.995477109762824,,0.0124859556081056
TRIM46,-0.8424710424710424,,0.0
CD74,-0.2058466629895201,,0.0
FABP7,0.5731936017650303,,0.0223860071395981
BTK,0.0,1,0.0
B3GAT1,-0.3685603971318257,,0.0
NCKIPSD,-0.1437396580253723,,0.0
PTPRU,-0.6599007170435742,,0.0
TNFSF11,-0.5652509652509652,,0.0
TNFRSF1B,-0.5232211803640375,,0.0
TRAK1,-0.7302813017098732,,0.0
FTMT,0.3284059569773856,,0.0
ADAR,-0.7406508549365692,,0.0
BANF1,-0.8982901268615554,,0.0
TGFBR3,-0.5239933811362383,,0.0446813721525893
PLTP,0.057915057915058,,0.0
DCTN5,-0.1210148924434638,,0.0562407392394311
NBPF3,0.2936569222283507,,0.0
NRBF2,-0.3870932156646443,,0.0239670406778657
AHSA1,-0.6818532818532819,,0.0159133279893707
NACC2,-0.6082735797021511,,0.094677362660281
DSG1,-0.7354660783232212,,0.0
CNTRL,-0.2382790954219525,,0.0322586446886335
ISYNA1,0.0614451185879756,,0.0
PRR15,0.9824600110314397,,0.0
APCS,0.863761720904578,,0.0
ZNF574,-0.5705460562603419,,0.0
NRG4,0.0,,0.0
IGLL1,0.8757859900717044,,0.0
ATP6V0E2,0.0083838940981797,,0.0
ACER1,0.6148924434638721,,0.0
LOX,-0.6840595697738555,,0.0
MARK2,-0.8977385548814121,,0.0
FOXP3,0.0,,0.0
ASPA,0.2271373414230557,,0.0
TAC1,-0.2623276337562051,,0.052240237903092
UBE2V1,0.2805295091009376,,0.0
ADAP1,-0.0344180915609486,,0.0
HSP90B1,-0.865857694429123,0,0.0527509044925375
TP63,-0.8902371759514617,,0.0
RNF168,0.6109211252068394,,0.0
TLR8,0.0,1,0.0
CRK,-0.8568119139547711,,0.0
POLDIP2,0.1753998896856039,,0.0
AIMP2,0.2425813568670711,,0.0
RNF19A,-0.6429123000551572,,0.0
GRAP2,0.2639823496966353,,0.0
FEZ1,-0.4933259790402647,,0.0
CHMP7,-0.6942084942084943,,0.0
SERPINA1,0.2900165471594043,,0.0
TYRP1,0.6027578599007171,,0.0384556115158731
NSMAF,-0.3087699944842802,,0.0
RBM15B,-0.8026475455046884,,0.0
C9orf72,0.0354109211252069,,0.0142429224247749
GRM1,-0.7744070601213459,1,0.0
VKORC1L1,-0.6150027578599007,,0.0
LAMB2,-0.5009376723662438,,0.0713156046738719
LRP3,0.456150027578599,,0.0
F2R,-0.1536679536679537,1,0.0
MDH2,0.0265857694429123,,0.0419546424543935
IL18R1,0.3238830667402095,,0.0
FASN,-0.8996138996138996,1,0.0
OBI1,0.3500275785990072,,0.02860090661379
PARP16,0.3696635410921125,,0.0
ENSG00000288534,0.0,,0.0
PPP4R2,-0.2756756756756756,,0.0
NCL,-0.9939327082184224,,0.0
DYSF,-0.2283507997793712,,0.0
PELI1,-0.6228350799779372,,0.0
FOS,-0.593050193050193,,0.0
MYBL1,-0.9014892443463872,,0.0
TREML4,0.5345835631549918,,0.0
RPTOR,-0.9532266960838388,,0.0
TBCE,-0.1735245449531164,,0.0
TRPM4,0.2088251516822945,,0.0
USP10,-0.78996138996139,,0.0
CEACAM19,0.681412024269167,,0.0
KIR3DL1,0.8550468836183123,,0.0
TPPP,-0.359073359073359,,0.0
CCL18,0.8046332046332045,,0.0
BCAR1,-0.3198014340871483,,0.0
SFTPD,-0.3171538885824599,,0.0
SLC30A1,-0.785107556536128,,0.0165471785049105
TMED9,0.1571980143408715,,0.0
MKKS,0.2519580805295092,,0.0925113473647695
ICA1,-0.3673469387755101,,0.0
TNFRSF11B,-0.6404853833425261,,0.0
POFUT4,0.6155543298400441,,0.0
CYCS,-0.8586872586872587,,0.0
PPP1CC,-0.5900717043574186,0,0.0
PLCB1,-0.8404853833425262,,0.0114010349367667
NFATC1,-0.7290678433535576,,0.0
DEK,-0.3375620518477661,,0.0
CYFIP1,-0.750799779371208,,0.0
ACP3,0.2001103143960287,,0.0
ESRRG,-0.7266409266409266,,0.0095965622648515
TP73,-0.6005515719801434,,0.0
CYBB,0.0,,0.0
WNT5A,-0.7546607832322119,,0.0
MGAM,-0.2349696635410921,,0.0
MYBPC3,-0.0918918918918918,,0.0
OPN1MW,0.0,,0.0
GPR55,0.1009376723662438,0,0.0
IDE,-0.5217870932156646,0,0.0
TRIM72,0.7608383894098181,,0.0
TERT,-0.5767236624379481,1,0.0
GLS,0.4324324324324324,1,0.0680184522776859
CIRBP,-0.4151130722559294,,0.0
OR5D14,0.9569773855488142,,0.0
NCAPH2,-0.2996138996138996,,0.0
MT1L,0.0,,0.0
TPH2,-0.6347490347490348,,0.0
GOLPH3,0.2333149476006619,,0.0
COL6A6,0.137562051847766,,0.0
TOP2B,-0.8645339216767788,,0.0
DDOST,-0.3703254274682845,,0.0164762305626574
BLVRA,-0.1916161059018202,,0.0
TMEM119,0.8610038610038611,,0.0
METRNL,-0.2040816326530612,,0.0
SOX10,-0.9256480970766684,,0.0
RGS6,-0.4864864864864865,,0.0
NHLRC1,0.2881412024269167,,0.0
DICER1,-0.9057915057915058,,0.0318113329945221
SDS,0.0104798676227246,,0.0
GMFB,0.0,,0.0
PDE4A,-0.7581908439051296,0,0.0
CXCL10,0.049531163816878,,0.0
NOTCH2,-0.9800330943188086,,0.0933450795258092
FCN2,0.344511858797573,,0.0
C1GALT1,-0.5816878102592389,,0.0
LAMP2,0.0,,0.0689043105314189
MBTPS1,-0.2037506894649752,,0.0381307382104354
CD40,-0.4698290126861555,,0.0
GOLGA6L7,-0.1302813017098731,,0.0
CXCR4,-0.6726971869829013,0,0.0618626267931367
KLK5,0.1632653061224489,,0.0
SLC3A2,-0.1051296194153337,,0.0
LRRTM3,-0.4083838940981797,,0.0
GGT1,-0.6029784886927745,,0.0
MCF2L,-0.3338113623827909,,0.0
GGTLC5P,0.0,,0.0
GGTLC4P,0.0,,0.0
GGTLC3,0.0,,0.0
RTP2,0.3639271924986211,,0.0
GSTP1,0.6168781025923884,,0.0
PCK1,0.246442360728075,,0.0
EPX,0.0270270270270269,,0.0
ENPEP,0.1052399338113623,,0.0
ATP7A,0.0,,0.0
KLK7,0.471704357418643,,0.0
ICOS,0.481081081081081,,0.0
SOWAHB,0.553226696083839,,0.0
KIAA0513,-0.0644236072807501,,0.0493960047768686
ENSG00000285508,0.0,,0.0
ENSG00000285723,0.0,,0.0
CHKA,-0.0722559293987865,,0.0
RAB5B,-0.6503033645890789,,0.0
CAND1,-0.9984555984555984,,0.0
IRAK4,0.3545504688361831,1,0.0
XIST,0.0,,0.0358085174576116
AGFG2,-0.1658025372311086,,0.0
NPR1,-0.4765581908439051,,0.0
BTF3P11,0.0,,0.0
CHIT1,0.310865968008825,,0.0
SHISA7,-0.1972421400992829,,0.0
SIRT7,0.2026475455046883,,0.0
COL25A1,0.1213458356315499,,0.0
WFS1,0.7615002757859901,,0.0171642532787739
MYH9,-0.9770546056260342,,0.0
DNMT1,-0.980253723110866,1,0.0
HRH4,0.8248207391064535,1,0.0
ALDH1A1,-0.6423607280750138,1,0.0
ZEB1,-0.8546056260341974,,0.0
CCL3,0.5571980143408715,,0.0
MCAT,0.7254274682846111,,0.0
ASCC2,-0.5779371207942636,,0.0
SIRT6,0.1644787644787644,,0.0
USP30,-0.3558742415885273,1,0.0
RUBCN,-0.3350248207391064,,0.0
AIM2,0.6232763375620518,,0.0
TNFRSF10A,0.5017098731384446,,0.0
TNFSF4,0.036403750689465,,0.0
YBX1,-0.956646442360728,,0.0
GATA3,-0.819746276889134,,0.0
CLEC5A,0.7488141202426917,,0.0
PCSK1,-0.4234969663541091,,0.112549347627537
SOAT1,0.0332046332046331,,0.0
BRD4,-0.961831218974076,1,0.0
ADAMTS13,-0.0890237175951461,,0.0
CHCHD10,0.7115278543849972,,0.0614155564264736
SH2D1A,0.0,,0.0
SLC16A3,0.6070601213458355,1,0.0
HSPA14,-0.3477109762824049,,0.0263536539431489
SLC6A11,-0.6504136789851076,,0.0
PWAR1,0.0,,0.0
SLC52A2,-0.0251516822945394,,0.0
SPINK5,-0.1041367898510755,,0.0
ATP7B,0.1714285714285714,,0.0
PRL,0.6380584666298952,,0.0
ATRN,-0.8006618863761721,,0.0395395467155616
NMNAT2,-0.6966354109211252,,0.1287103577389666
ACAT1,-0.2897959183673469,,0.032458932708334
MERTK,-0.3067843353557639,1,0.0252743809789493
C7orf57,0.3713182570325428,,0.0
PRKDC,-0.966023166023166,1,0.0
HIF3A,-0.2338665195808053,,0.0
EPHA7,-0.900165471594043,,0.0
PRDM1,-0.8763375620518478,,0.0
VAPB,-0.4356315499172641,,0.044892030566801
NAT2,0.9672366243794814,,0.0
RMDN3,-0.2837286265857695,,0.0
HPRT1,0.0,,0.0805590400617822
BIRC5,0.0622173193601764,,0.0
HLA-DPA1,0.4842801985659128,,0.0332288231875025
MARK4,-0.8371759514616657,,0.0
HSPD1,-0.965030336458908,,0.0
EZH2,-0.9081081081081082,1,0.0
CCDC74A,0.5759514616657473,,0.0
VLDLR,-0.2416988416988417,,0.0105187192193679
CPT1C,-0.320242691671263,,0.0809826158766513
PSME3,-0.851627137341423,,0.0
GSTM1,0.0,,0.0
FLAD1,-0.2725868725868726,,0.0
TAT,-0.2144511858797573,,0.0
NPTX1,-0.665526751241037,,0.0549903251420305
PGK1,0.0,0,0.0369072606814641
RBM3,0.0,,0.0253564153875206
TRERF1,-0.8766685052399338,,0.0
HDAC7,-0.8501930501930501,,0.0
CAMK2B,-0.7397683397683398,,0.0330920956923821
CHKB,0.0836183121897407,,0.0
TOLLIP,-0.3715388858246001,,0.0
C1orf52,-0.5498069498069498,,0.0
RDH12,-0.1847766133480419,,0.0
NGEF,-0.6889134031991175,,0.0
SULF2,-0.5504688361831219,,0.0244902499974672
MST1R,0.0285714285714284,1,0.0
ERN1,-0.6911196911196911,1,0.0
PAPPA,-0.7228902371759515,,0.0
ASPN,0.7017098731384446,,0.0
PLEC,-0.4015444015444015,,0.0
LUM,0.1010479867622724,,0.0
CASP2,-0.0553778268063982,,0.0
RPS19,-0.9311638168781026,,0.0
PON3,0.4600110314396028,,0.0
STIP1,-0.8820739106453392,,0.0
FXN,-0.2715940430226145,,0.0
MYD88,-0.4081632653061224,,0.0
LRP2,-0.8443463872035301,,0.0
KHSRP,-0.9142857142857144,,0.053511877765676
FCGR3A,0.0771097628240484,,0.0
MRPL3,0.6082735797021512,,0.0289618849864799
FCGR3B,0.6603419746276888,,0.0
PRH2,0.6198565912851628,,0.0
FAS,-0.8246001103143961,1,0.0
SFRP1,-0.4756756756756757,,0.0
BRINP1,-0.877661334804192,,0.0406575435254
PAEP,0.7715388858246002,,0.0
NCOA1,-0.888361831218974,,0.0
P2RY12,0.3330391616105901,0,0.0
ERCC8,0.7462768891340319,,0.0
VTN,0.1303916161059017,,0.0
TMEM37,0.76569222283508,,0.0
SEPTIN3,-0.583342526199669,,0.0
SUMO2,-0.8025372311086597,,0.0
KIAA0319,-0.1434087148372862,,0.0
STAT1,-0.9094318808604522,,0.0254591299229245
ASPG,0.4233866519580804,,0.0
TOR3A,0.5975730832873689,,0.0
WIPF3,0.3464975179260894,,0.0
RB1CC1,-0.8924434638720353,,0.0140610916679157
SPNS2,-0.0183121897407612,,0.0
POSTN,-0.290457804743519,,0.0363215423829303
PSMB8,-0.2067291781577496,0,0.0
EFEMP1,-0.8228350799779371,,0.0189974625009356
FANCA,0.55565361279647,,0.0
E2F4,-0.5495863210148925,,0.0
CDH1,-0.6736900165471594,0,0.0
DPPA4,-0.1158301158301158,,0.0
CYSLTR2,0.7498069498069497,0,0.0
MT3,0.5201323772752344,,0.0
SERINC1,-0.4712630998345284,,0.0516783935653575
HSPA2,-0.6683949255377827,,0.102598661080234
SPINT1,-0.139327082184225,,0.0
ENPP2,-0.5201323772752344,1,0.0330004297665515
OLFM1,-0.8646442360728075,,0.0
A2M,-0.3418643132928847,,0.0166966953833032
PSMC6,-0.964699393270822,,0.0343442790655631
ATXN2L,-0.8890237175951462,,0.0
GRPR,0.0,,0.0
PILRB,0.5191395477109764,,0.0
PRRT1,-0.2280198565912852,,0.0343554604696798
YPEL3,-0.6144511858797573,,0.0444437127914781
P2RX3,0.134473248758963,0,0.0
ATP4A,-0.2743519029233314,,0.0
RANBP9,-0.8728075013789299,,0.0
DMP1,0.4002206287920573,,0.0
ABHD17A,-0.3132928847214561,,0.0
LYST,-0.6827357970215113,,0.0215542621618916
PSIP1,-0.797573083287369,,0.0
CD151,-0.2593491450634307,,0.0
GPX3,0.6391616105901821,,0.0301790565897162
SOCS3,-0.0056260341974627,,0.0
ORAI2,0.1094318808604521,,0.0915812770233897
HSF1,-0.146607832322118,,0.0
GRID2,-0.8602316602316602,,0.0
FAM76B,-0.6704908990623276,,0.0
RAF1,-0.8434638720353006,0,0.0208616920168371
GRK2,-0.8943188086045228,0,0.0
VIM,-0.6410369553226696,,0.0477406380909251
YWHAG,-0.9536679536679536,,0.0
KIAA1586,0.5725317153888583,,0.0
FADD,0.8002206287920575,,0.0
COTL1,0.8859349145063431,,0.0197472491471178
STS,0.0,0,0.0498013040251416
GPRC5B,-0.3097628240485384,,0.0245455866189169
CCAR2,-0.8963044677330392,,0.0
HCLS1,-0.3701047986762272,,0.0
SIGLEC7,0.113292884721456,,0.0
RAB18,-0.6479867622724765,,0.0
ATP6V0D1,-0.6744622173193602,,0.0712881961765125
PDK4,0.4463320463320464,,0.1017667540001888
SOX2,-0.8842801985659129,,0.0991513114991081
CEBPZ,-0.0784335355763927,,0.0
GLO1,0.0,,0.0861356726856039
FGF1,0.1345835631549916,0,0.0775793558633475
IL19,0.2766685052399338,,0.0
EML1,-0.8379481522338665,,0.0
ERVW-1,0.0,,0.0
CAMK2G,-0.790623276337562,,0.0
PRCP,0.2643132928847214,,0.0234958112208623
UBA7,-0.1489244346387204,,0.0
TBPL1,-0.7716492002206288,,0.0225416817849484
KEAP1,-0.5757308328736901,1,0.0
CCNH,0.1488141202426915,,0.0393565503214585
IL6ST,-0.8252619966905681,,0.016101468379765
TMEM9,-0.0888030888030888,,0.0
NEDD8,-0.8444567015995588,1,0.0
CYP1A2,0.5655819084390512,1,0.0
TLR7,0.0,0,0.0
ST8SIA1,-0.4526199669056812,,0.0
HSD17B10,0.0,,0.0
ATCAY,-0.4030888030888031,,0.0
IL2,-0.5113072255929398,0,0.0
PGPEP1,0.4540540540540541,,0.0
ORC6,0.8387203530060674,,0.0
KLHL3,-0.8184225041367899,,0.0
BMP1,-0.5063430777716492,1,0.0
GDF2,0.3990071704357418,,0.0
F2RL3,0.817650303364589,0,0.0
PROSER2,0.8572531715388858,,0.0
TMEM116,0.2323221180364036,,0.0
HUS1,0.6687258687258688,,0.0
CNP,-0.8154440154440155,,0.0
VAC14,-0.4640926640926641,,0.0
LIPA,0.5863210148924434,,0.0621039335548754
RASD1,0.4957528957528958,,0.0
GDF6,-0.851958080529509,,0.0
ZNF597,0.7042471042471043,,0.0
GPR27,0.5727523441809157,,0.0
FCGR1A,-0.3696635410921125,,0.0
ELOVL6,-0.7634859349145063,1,0.0318207446754561
CD19,-0.5354660783232212,,0.0
LARS2,-0.2751241036955323,,0.0
BTG3,-0.854054054054054,,0.0
LEPR,-0.581246552675124,,0.0
PRKCG,-0.7127413127413127,,0.0
FBP2,0.2284611141753998,,0.0
VKORC1,0.3504688361831218,,0.0
EIF4B,-0.9693325979040264,,0.0224096251525966
ERV3-1,0.0,,0.0
ERVFRD-1,-0.0205184776613348,,0.0
ERVK13-1,0.0,,0.0
FPR2,0.7766133480419195,1,0.0
IL36G,0.4336458907887479,,0.0
PRRT2,-0.5284059569773856,,0.0
LTA,-0.3494760066188638,,0.0
BOK,0.8622173193601765,,0.0
RPSA,-0.9824600110314397,,0.0
SET,-0.9736348593491452,,0.0
KNTC1,-0.2298952013237727,,0.0
ABCC8,-0.2401544401544402,1,0.0117511840173658
PRKD1,-0.3470490899062327,0,0.0
NPTXR,-0.2606729178157749,,0.0311007991323248
FGF19,0.88703805846663,,0.0
CACNA2D2,-0.7991174848317706,,0.0
TNFSF14,-0.0860452289023717,,0.0
FRRS1,0.1963596249310535,,0.0
DHRS2,0.6062879205736349,,0.0
TAF8,0.7734142305570877,,0.0
BRI3,0.5370104798676227,,0.0
BORCS7,0.6733590733590733,,0.0094327784977916
YY1,-0.9565361279646994,,0.0
ANP32A,-0.9832322118036404,,0.0
HGH1,0.6394925537782681,,0.0
ERCC2,0.2146718146718147,,0.0
DNM2,-0.9312741312741312,,0.0
LRPAP1,0.5859900717043574,,0.0579833800175321
SUGT1,-0.8479867622724766,,0.0
SAR1A,-0.9282956425813568,,0.0
CDH5,-0.4892443463872035,,0.0
SLC11A2,-0.3181467181467181,,0.0
MT-RNR2,0.0,,0.0
BORCS7-ASMT,0.0,,0.0
GULP1,0.0,,0.0
GADD45A,-0.3167126309983452,,0.0
SPAST,-0.4499724214009928,1,0.0
CRHR1,-0.4971869829012686,0,0.0
LYZL4,0.3787093215664645,,0.0
LASP1NB,0.0,,0.0
RGS10,-0.412796469939327,,0.0
GEM,0.4535024820739106,,0.027787161196643
CFH,-0.7621621621621621,,0.0
IL1RL2,0.4495311638168782,,0.0
FFAR3,0.9047986762272476,,0.0
FMO5,0.6098179812465527,,0.0
ENO4,-0.1408714837286265,,0.0
FAM120B,0.0503033645890789,,0.0
TNR,-0.8236072807501379,,0.0
XPNPEP2,0.0,,0.0
TIAM2,-0.6052950910093767,,0.0487652679571721
FUCA1,0.3365692222835079,,0.0122341358095838
LHCGR,0.1597352454495311,1,0.0
DDX17,-0.9224489795918368,,0.0
KLF4,-0.436734693877551,,0.0698528498168043
C1QL1,0.8052950910093768,,0.0
FABP2,0.5515719801434087,,0.0
APC,-0.8704908990623277,,0.0258778325422753
SLC1A3,-0.558742415885273,,0.038106516162791
SLC25A44,-0.193050193050193,,0.0
GDF3,0.6921125206839494,,0.0
KIF5A,-0.8751241036955323,,0.0
GSG1L,0.2861555432984004,,0.0
MTHFD2L,0.3760617760617761,1,0.0
NANOG,-0.7949255377826806,,0.0
S1PR2,-0.2312189740761169,0,0.0
DGKB,-0.3589630446773304,,0.0
RBFOX1,-0.8782129067843354,,0.0659651800252512
CS,-0.8414782129067844,,0.0
MAP3K5,-0.7588527302813017,,0.0
ZNF420,-0.1305019305019304,,0.0
ABCG2,0.5204633204633204,0,0.0
PSMD14,-0.8229453943739657,0,0.044029717030438
SLC4A9,0.3931605074462216,,0.0
HDAC8,0.0,1,0.0
MDK,0.7916161059018201,,0.0
CNTN1,-0.7606177606177607,,0.0118856686858583
HMOX2,0.2126861555432984,,0.0577750464440488
CEBPD,0.0371759514616658,,0.0323154527089693
ELAVL4,-0.9852178709321566,,0.0
PI3,0.6428019856591285,,0.0
TMSB4X,0.0,,0.0
MAPK8IP1,-0.8108108108108107,,0.0
NQO2,0.183673469387755,0,0.0
RPS6KA3,0.0,1,0.0
NFIC,-0.7958080529509101,,0.0907913238471452
TRAF3IP1,-0.4065085493656922,,0.0
ITGB1,-0.7994484280198566,,0.0806168727840117
CYP2D6,0.7953667953667953,0,0.0
ZFP36,0.1267512410369553,,0.0
COL6A5,-0.0942084942084942,,0.0
PSG3,0.751130722559294,,0.0
PCSK1N,0.0,,0.0960167672234974
CUX2,-0.8110314396028682,,0.0176663897308449
TERF2IP,0.6474351902923332,,0.0787803321223279
C8orf90,0.0,,0.0
ANAPC16,-0.209707666850524,,0.0
KIF22,0.1043574186431328,,0.0
MFSD6L,0.9149476006618864,,0.0
TXNL4B,0.7081081081081082,,0.0
NME1,-0.1019305019305019,,0.0
CD44,-0.4986210700496415,,0.0616857162166397
GRXCR2,0.565030336458908,,0.0
KLK10,0.7770546056260341,,0.0
MTFR2,0.6508549365692222,,0.0
SUPT4H1,0.1453943739658025,,0.0
SLC16A4,0.2125758411472698,,0.0
EREG,0.875234418091561,,0.0
YTHDC1,-0.9652509652509652,,0.0
CHN1,-0.3008273579702151,,0.0367893316952824
SIT1,0.4416988416988416,,0.0
ZNF627,0.8357418643132928,,0.0126509916800182
YWHAQ,-0.7348041919470492,,0.0
ATP2B1,-0.9710976282404854,,0.0
ATF7,-0.8052950910093767,,0.0
RHOA,-0.7595146166574738,,0.0418727557264557
APOBEC2,0.2092664092664091,,0.0
SUOX,0.2807501378929951,,0.0
KIF3A,-0.8874793160507446,,0.0
ABCG4,-0.4432432432432432,,0.0
AMPH,-0.4384997242140099,,0.1041893622520534
KCNK13,-0.0521787093215664,,0.0
IL25,0.2182018753447325,,0.0
HSPG2,-0.5649200220628792,,0.0
JAM2,-0.066519580805295,,0.0
OR2AE1,0.9352454495311636,,0.0
PEPD,0.2850523993381135,,0.0
ISL2,-0.1189189189189189,,0.0
IQCF5,0.6600110314396028,,0.0
TBXT,-0.4817429674572532,,0.0
MNAT1,0.4947600661886375,,0.0
PRKCH,-0.7230005515719802,,0.0
BLNK,-0.6692774407060121,,0.0
BCL10,-0.5233314947600662,,0.0
SNAP91,-0.775399889685604,,0.0424327993623999
MALAT1,0.0,,0.0647410748458682
UBR1,-0.7199117484831771,,0.0
AOC3,0.159073359073359,0,0.0
UPK3B,0.4425813568670711,,0.0
CDCA5,-0.153557639271925,,0.0
GCHFR,0.9776061776061776,,0.0
WDR49,0.2165471594043022,,0.0
PROCA1,0.3491450634307778,,0.0
IL13RA2,0.0,,0.0
GRHL3,-0.7950358521787093,,0.0
CSNK2A1,-0.9070049641478212,1,0.0
RNASE3,0.9688913403199118,,0.0
SSRP1,-0.8527302813017099,,0.0
SLC17A7,-0.8206287920573635,,0.0416970439607964
FGF9,-0.7741864313292884,,0.0242443355173431
BYSL,-0.5290678433535576,,0.0
LRPPRC,-0.2732487589630447,,0.037331605697091
CCNDBP1,0.4340871483728625,,0.0636337687807819
NR1D1,-0.7138444567015996,,0.0
ANXA6,-0.1670159955874242,,0.0526356728296926
TYMS,-0.1498069498069497,0,0.0
TUG1,0.0,,0.0
IGKV1-16,0.0,,0.0
KLF2,0.2653061224489796,,0.0512922242432611
FCER2,0.2120242691671263,,0.0
FLT1,-0.8159955874241589,0,0.0185974596392906
STX17,0.2061776061776061,,0.0
PGBD1,0.0874793160507445,,0.0
MZT2A,0.6821842250413679,,0.048425867659266
MANSC1,0.6685052399338114,,0.0
RAPGEF3,-0.0258135686707114,,0.0644560618381755
PHF6,0.0,,0.0
SYT2,-0.5878654164368451,,0.0
UGDH,-0.1135135135135134,,0.0
DEAF1,0.3617209045780474,,0.0
PFKFB3,-0.5460562603419746,0,0.0515377447425616
APEH,-0.170876999448428,,0.0
SERPINF2,-0.6547159404302261,,0.0
IGF2BP1,-0.9628240485383344,,0.0
LYN,-0.9003861003861003,1,0.0
NCAPG2,-0.7503585217870932,,0.0
SKA2,0.729288472145615,,0.0343278291932482
PDHB,-0.5864313292884722,,0.0
ARRB1,-0.5541092112520685,,0.1149728317588147
GLCCI1,-0.1360176503033645,,0.0
NORAD,0.0,,0.0
PLXNB3,0.0,,0.0
ERP29,-0.0123552123552123,,0.0
USP9X,0.0,,0.0
NT5C3B,0.593050193050193,,0.062452058390097
KIF1B,-0.8187534473248759,,0.0426937706715273
BSG,0.4581356867071153,,0.0483425054147269
PQBP1,0.0,,0.0148663345851594
EEF1AKMT2,0.736238279095422,,0.0
RORA,-0.9520132377275234,1,0.0
SAG,-0.0776613348041919,,0.0
TH,0.4786541643684501,,0.0221270405676231
BCYRN1,0.0,,0.0
TM7SF2,0.5136238279095422,,0.0
SETDB1,-0.8950910093767237,1,0.0
MSI2,-0.5088803088803089,,0.1462613897801633
S100A11,0.2070601213458356,,0.0
CCDC88B,0.070711527854385,,0.0
RAP1A,-0.7594043022614452,,0.0
HIPK2,-0.8596800882515168,1,0.138310865419745
EXOC6B,-0.451296194153337,,0.0290118735536905
TIMD4,0.1535576392719249,,0.0
CHMP2B,0.6861555432984003,,0.021460441581225
TRH,0.8691671263099834,,0.0
PRR5,0.4033094318808605,,0.0
CKB,-0.4052950910093768,,0.0
RUNX3,-0.4377275234418092,,0.0
PBX3,-0.8411472697186984,,0.0
OPRL1,-0.4134583563154992,1,0.0
PVRIG,0.4584666298952013,,0.0
FLT3LG,-0.6676227247655819,,0.0
PPME1,-0.7382239382239382,1,0.0440992738874024
SLC6A13,0.3154991726420297,,0.0
PRX,0.5328185328185329,,0.0
GH1,-0.2246001103143959,,0.0
DMAC2L,0.5268615554329841,,0.0
HCK,-0.2950910093767236,1,0.0
PREB,-0.2372862658576944,,0.0
RB1,-0.93138444567016,,0.0
IL12B,0.051958080529509,,0.0
PRDX3,0.073800330943188,,0.0386877768670767
RPS6,-0.9737451737451738,,0.0
CXCL9,0.5694429123000551,,0.0
DNMT3A,1.0,,0.0
GDNF,-0.4028681742967457,,0.0
COX4I1,0.3184776613348041,,0.0657950983833139
ITGB5,-0.6107004964147822,0,0.0700102815624356
NR0B2,0.5509100937672367,0,0.0
RABEP2,0.0969663541092111,,0.0
AVP,0.9513513513513514,,0.0
CXCL5,0.6601213458356316,,0.0
SERPINB1,0.504688361831219,,0.0
NPIPB8,0.8845008273579702,,0.0
TFF2,0.8157749586321015,,0.0
RHBDL2,0.3879757308328737,,0.0
SORBS1,-0.4489795918367347,,0.0630320979099879
NFIX,-0.9960286817429674,,0.0
ESCO1,-0.6758963044677331,,0.0
SELE,-0.1873138444567016,,0.0
S100A6,0.8185328185328185,,0.0
FHIP2A,-0.481081081081081,,0.0
CASP9,0.0435741864313292,,0.0
SH3BP4,-0.492553778268064,,0.0
SERPINB3,0.5803640375068946,,0.0
CMA1,0.7308328736900165,1,0.0
PSG6,0.6736900165471593,,0.0
FGF2,0.3391064533921677,,0.0
SNORD12C,0.0,,0.0
RAB1A,-0.8781025923883067,,0.0
TECTA,-0.4901268615554329,,0.0
SEPTIN7,-0.8764478764478765,,0.0
SNORA63,0.0,,0.0
GJD4,0.8838389409817982,,0.0
LCK,-0.8606729178157749,1,0.0
KRAS,-0.9139547710976282,1,0.0
ADH1C,0.0386100386100385,,0.0
TFAM,-0.378157749586321,,0.0
FABP4,0.9038058466629896,,0.0
ZBTB45,-0.0519580805295091,,0.0
SLC16A1,-0.5801434087148373,1,0.0256228856781133
NR4A3,-0.7548814120242692,,0.0
COL4A1,-0.9319360176503032,,0.0
STRIP2,-0.0826254826254826,,0.0
SYVN1,-0.7664644236072807,,0.0
FGF23,0.7467181467181467,,0.0
ARHGEF15,-0.0892443463872035,,0.0
BNIP3L,-0.4916712630998345,,0.0
TFF1,0.787865416436845,,0.0
CCL4,0.641257584114727,,0.0
TAS2R64P,0.0,,0.0
CD2,0.3050193050193051,,0.0
ADAMTS16,-0.2957528957528957,,0.0
ASAP1,-0.7531163816878103,,0.0
SERTAD1,0.0206287920573635,,0.0
FOSB,-0.6501930501930502,,0.0
PLCB4,-0.6788747931605075,,0.0
NF1,-0.7403199117484831,,0.0
CRIP1,0.6457804743519029,,0.0
PSD,-0.6836183121897408,,0.0
HROB,-0.115388858246001,,0.0
FIS1,0.2302261445118587,,0.0486131478592475
FUNDC1,0.0,,0.035564404607086
OXR1,-0.7068946497517926,,0.0374398063800419
TPP1,-0.3175951461665747,,0.0
YES1,-0.3658025372311086,1,0.0459769211294373
DCX,0.0,,0.0
STOM,0.2775510204081632,,0.0328908184672549
TP53BP1,-0.8340871483728627,,0.0
PIAS3,-0.431549917264203,,0.0
KIAA1328,0.2145615002757859,,0.0
CD5,-0.2295642581356867,,0.0
TNFRSF12A,0.6841698841698842,,0.0
GAD2,-0.8056260341974628,,0.026654109211449
ANO6,0.094980694980695,,0.0572379807727944
FLG2,0.9612796469939326,,0.0
APOBR,0.0376172090457804,,0.0
TSPO2,0.7620518477661335,,0.0
KIRREL3,-0.4711527854384997,,0.0
PSMD9,0.5378929950358522,,0.0
AP2A2,-0.7555432984004413,,0.0283919079516243
DNAJB4,-0.5472697186982901,,0.0296792146320393
BCL2L1,-0.9159404302261444,1,0.0
NOS1AP,-0.6954219525648098,,0.0
RECK,-0.3886376172090457,,0.0
MRGPRX2,0.923772752344181,1,0.0
NTF3,-0.6669608383894099,,0.0
WWTR1,-0.6434638720353005,,0.0713395569529212
LNPEP,-0.5585217870932156,0,0.0
MGME1,-0.0645339216767788,,0.0
CLUH,-0.2885824600110315,,0.0
ADIPOR2,-0.5243243243243243,,0.0348346056391899
F2RL1,0.0360728075013789,,0.0
CDKN1B,-0.2816326530612245,,0.0
TGM1,-0.2108108108108107,,0.0
TRPV4,-0.2474351902923331,1,0.0
TMEM79,0.5140650854936568,,0.0
OR4C3,0.9349145063430776,,0.0
IER3IP1,0.9357970215113072,,0.0295459205130193
TCN1,0.4242691671263099,,0.0
IL1R1,-0.5330391616105902,,0.0501601829914715
CYTIP,-0.1250965250965251,,0.0
CCR4,-0.2717043574186432,,0.0
FABP1,0.675234418091561,0,0.0
MTHFD2,0.0262548262548263,1,0.0
DMRT1,-0.7596249310535025,,0.0
OPN4,0.3160507446221732,0,0.0
NLRC4,-0.0369553226696084,,0.0
DERL1,-0.3868725868725868,,0.0
SNX12,0.0,,0.0
CIBAR2,0.595477109762824,,0.0
LSM5,0.6392719249862107,,0.0
SCGN,0.5855488141202427,,0.0
BLMH,-0.4040816326530612,,0.0
PPIF,0.8062879205736349,,0.0
CAP1,-0.8375068946497518,,0.0
MEI1,-0.1993381136238279,,0.0
PPID,0.5143960286817431,,0.0
CARD9,0.3053502482073911,,0.0
GSDMA,0.4439051296194154,,0.0
ZNG1F,-0.3702151130722559,,0.0
GHSR,0.1193601765030336,0,0.0
ARHGAP35,-0.9537782680639824,,0.0
MSI1,-0.6612244897959183,,0.0
GPR146,0.0,,0.0
HPSE,0.1772752344180914,0,0.0
RUNX2,-0.844015444015444,,0.0
CDO1,0.2851627137341423,,0.0609695176832162
DEFA5,0.9105350248207392,,0.0
SRGN,-0.2682846111417539,,0.0914051097314754
GGH,0.6765581908439051,,0.0270468637917754
OSBPL6,-0.714726971869829,,0.0
HACD1,0.8840595697738556,,0.0
TRAP1,0.5542195256480971,,0.0442209864325921
G6PD,0.0,,0.064440025285749
CNTN5,-0.3959183673469387,,0.0
ATXN1,-0.9137341423055708,,0.0
DGKQ,0.5044677330391616,,0.0
ADAM12,-0.2569222283507998,,0.0
DLGAP1,-0.9406508549365692,,0.0
CLSTN1,-0.8521787093215665,,0.0
GRM2,-0.3676778819635963,1,0.0
MYO5A,-0.7298400441257584,,0.0
RASSF4,0.567457253171539,,0.0
GZMA,0.4723662437948153,,0.0
ABCA13,0.1716492002206286,,0.0
PCP4,0.6816326530612244,,0.0790137797176192
TLE1,-0.8511858797573083,,0.0
EPHA2,-0.5004964147821291,,0.0
TRAF6,-0.841257584114727,,0.0
TFAP2A,-0.8593491450634307,,0.0
SHMT2,-0.2966354109211252,,0.0
FKBP1A,0.319911748483177,1,0.0
TNFRSF18,0.7440706012134584,,0.0
ZNRD2,0.1082184225041367,,0.0549638986152653
UVRAG,-0.7215664644236073,,0.0
HCG18,0.0,,0.0468171084660169
TNFAIP1,-0.1188086045228902,,0.0
CD200R1,0.2740209597352454,,0.0
TSC1,-0.9385548814120244,,0.0
KIF5B,-0.759073359073359,,0.0597678851982326
SRPK2,-0.8478764478764479,1,0.0
CALB2,-0.0184225041367898,,0.0
GP1BA,0.4988416988416988,,0.0
AMY2A,-0.2086045228902371,,0.0
PYGM,-0.0118036403750689,,0.0
SREBF2,-0.577495863210149,,0.0
HSPA9,-0.6597904026475455,,0.0297650268161646
LINGO2,-0.4178709321566464,,0.0
GTF3A,0.9274131274131274,,0.0
VPS26B,-0.7028130170987315,,0.0324376514496996
EMB,-0.1391064533921676,,0.0
KLK4,0.6613348041919471,,0.0
CAMK4,0.2275785990071703,,0.0324422118778144
NSMCE4A,0.459238830667402,,0.0
MED23,-0.3377826806398235,,0.0
HASPIN,0.1777164920022063,,0.0
PTGDR,0.6998345284059571,0,0.0
LPA,0.3663541092112521,,0.0
FCGR2A,-0.0796469939327082,,0.0
PAK2,-0.4882515168229454,1,0.0220053282812584
ALDH1L1,-0.2511858797573083,,0.027725659498048
ARHGEF7,-0.6552675124103695,,0.0277625565877968
SLC9A9,0.0756756756756755,,0.0
CSK,-0.9425261996690568,,0.0
LONRF2,-0.0903474903474903,,0.0268396490676875
TBX6,-0.0563706563706564,,0.0
CYB561,-0.4264754550468836,,0.0
ATL1,-0.6088251516822946,,0.0395130397286546
FTL,0.716492002206288,,0.0
MYO18A,-0.7783783783783784,,0.0
SOX21,0.8008825151682295,,0.0
ZNRF4,0.8948703805846663,,0.0
PTTG1,-0.4740209597352455,,0.0
MAP2K3,0.0428019856591284,,0.0
ZFP36L1,-0.6486486486486487,,0.1440330780997757
NFASC,-0.8359624931053502,,0.0
SLC52A1,0.2676227247655818,,0.0
RNF121,-0.5136238279095422,,0.0
NLRP2,0.4290126861555432,,0.0
ZSWIM6,-0.981246552675124,,0.0
SLC2A2,-0.1907335907335907,,0.0
PAWR,0.9755102040816326,,0.0
DCTN6,-0.6023166023166023,,0.0265359838128736
TMEM97,0.207280750137893,1,0.0
MSR1,0.5760617760617761,,0.0
KIF21A,-0.5591836734693878,,0.0
TEDC1,0.5993381136238278,,0.0
HTT,-0.8437948152233866,0,0.0
CEACAM21,0.629453943739658,,0.0
CSF3R,-0.4016547159404302,,0.0
TFAP4,-0.8413678985107557,,0.0
POMC,0.8456701599558742,,0.0
IQSEC2,0.0,,0.0
HNRNPC,-0.9138444567015996,,0.0
REPIN1,0.5752895752895753,,0.0
IGF2R,-0.7706563706563707,,0.0
BCL2L11,0.4271373414230557,0,0.0
ITPR1,-0.8670711527854384,,0.0092701746194596
GNAS,-0.8847214561500276,,0.0420940631056749
USP35,0.2050744622173193,,0.0
SHISA4,0.0400441257584114,,0.0
CD302,0.4813017098731385,,0.0
MAPKAPK5,-0.5635962493105351,,0.0
MSX2,0.0800882515168228,,0.0
KCNA1,-0.0582460011031439,,0.0360466136519055
CPN1,0.0732487589630446,,0.0
FGR,-0.6249310535024821,,0.0
HPS6,0.3091009376723663,,0.0
SESN2,0.0414782129067843,,0.0
CKAP4,0.5864313292884722,,0.0
UBE2D1,-0.3856591285162714,,0.0109647894857394
DDX5,-0.968119139547711,,0.0
PRMT8,-0.8922228350799779,1,0.0686101352791116
RGS1,-0.2688361831218974,,0.0326088665636751
SLURP1,0.1162713734142306,,0.0
C1S,-0.3128516271373414,,0.0
PPARGC1B,-0.7471594043022615,,0.0
NAXE,0.1994484280198565,,0.0
MBL3P,0.0,,0.0
IKZF1,-0.8717043574186432,0,0.0
TNFRSF6B,0.887699944842802,,0.0
SEMA3A,-0.7375620518477661,,0.0
CXCR1,0.8204081632653062,,0.0
IFI27,-0.3075565361279647,,0.0
AIFM2,0.6087148372862659,,0.0
SAFB,-0.9453943739658024,,0.0
RPE65,0.0514065085493657,,0.0
TMED7,-0.481412024269167,,0.0
ANXA2R,0.0,,0.0
IPO11,-0.5715388858246001,,0.0406700892522515
CCL15,0.6955322669608384,,0.0
CRTAP,0.4542746828461115,,0.0
H3P23,0.0,,0.0
GSTT1,0.0,,0.0
NDP,0.0,,0.0
MUC6,0.3791505791505791,,0.0
HIKESHI,-0.0843905129619415,,0.0
HERPUD1,-0.4826254826254826,,0.0
CIITA,-0.3963596249310535,,0.0
ADRB1,0.9682294539437396,0,0.0534303524593564
RGS4,0.3889685603971318,,0.0933563592957033
FSHR,0.1843353557639271,,0.0
IQCF2,0.4142305570876998,,0.0
IL3RA,0.0,,0.0
IL3RA,0.0,,0.0
CCL22,0.7586321014892443,,0.0
VRK3,0.0594594594594595,,0.0
LINC-PINT,0.0,,0.0
CCS,0.3789299503585217,,0.0
FCER1G,-0.4373965802537231,,0.0
PHIP,-0.9264202978488691,,0.0
UBE2A,0.0,,0.0
GBA1,-0.4262548262548262,,0.0
MYCN,-0.878323221180364,,0.0
AGFG1,-0.8984004412575841,,0.0
CEACAM16,0.2981798124655268,,0.0
GCH1,-0.1214561500275785,1,0.0
STARD6,0.2995035852178709,,0.0
BEX2,0.0,,0.0115567135147102
REPS1,-0.5863210148924435,,0.0230957762895102
ATP6V1D,-0.241919470490899,,0.0514561159919604
NR5A2,-0.5449531163816879,0,0.0
ALOX5AP,-0.2952013237727523,1,0.0
ARHGAP4,0.0,,0.0
BAG2,0.0581356867071152,,0.0
SLC6A12,-0.1785990071704357,,0.0
CPZ,0.9917264202978489,,0.0
SETBP1,-0.983011583011583,,0.0
ARHGAP32,-0.8462217319360177,,0.0777561277559871
ZDHHC21,-0.1918367346938775,,0.0
TRGC1,0.0,,0.0
PFDN4,0.8664092664092664,,0.0
NTAN1,0.7575289575289574,,0.0343278291932482
S100A1,-0.0107004964147821,,0.0
SYNGAP1,-0.9876447876447876,,0.0
SFTPA1,0.10711527854385,,0.0
GBA1LP,0.0,,0.0
CRYGD,0.8454495311638168,,0.0
MARCHF3,-0.2581356867071153,,0.0
PTPRC,-0.8510755653612796,,0.0
MAFF,0.9820187534473248,,0.1799495133962687
NES,0.4712630998345284,,0.0
JUND,-0.1077771649200221,,0.0650000798312653
STIM1,-0.7142857142857143,,0.0
ITPR3,-0.4787644787644788,,0.0
PPP3CA,-0.9284059569773856,,0.0104063235729199
ATP13A2,-0.4189740761169332,,0.0806005906800834
MICA,-0.3154991726420297,,0.0
KCNV1,-0.9682294539437396,,0.0232838600645048
ARF6,-0.9227799227799228,,0.0
PAK1,-0.4290126861555433,1,0.082931685397173
SFTPA2,0.6546056260341975,,0.0
PLPP2,0.247104247104247,,0.0
POLD1,-0.1565361279646994,,0.0
LACTB2,0.5932708218422504,,0.0
H3C2,0.9253171538885824,,0.0
H3C11,0.774738003309432,,0.0
H3C7,0.6332046332046333,,0.0
H3C12,0.753226696083839,,0.0
H3C3,0.9814671814671814,,0.0
H3C6,0.995477109762824,,0.0
H3C10,0.902592388306674,,0.0
H3C1,0.988527302813017,,0.0
H3C8,0.9891891891891892,,0.0
H3C4,0.8324324324324324,,0.0
HLA-A,0.9968008825151682,,0.0
P4HB,-0.6195256480970767,0,0.0
GORAB,-0.2833976833976834,,0.0
BLK,0.5068946497517925,1,0.0
RORB,-0.9193601765030336,,0.0
IFT122,-0.2677330391616106,,0.0513914244366432
CLPTM1,-0.7932708218422504,,0.0
COX4I2,0.1990071704357419,,0.0
SYN2,-0.6456701599558743,,0.0623253235447631
SOD3,0.9769442912300056,,0.0
CCDC107,0.677330391616106,,0.0
SLC23A1,-0.4535024820739106,,0.0
RHO,-0.0993932708218422,,0.0
BATF,-0.3812465526751241,,0.0
SRRM3,-0.0771097628240485,,0.0
ENAH,-0.7687810259238831,,0.0
AXIN1,-0.617650303364589,0,0.0
CD55,0.4323221180364038,,0.0
ETS1,-0.8036403750689465,,0.0558177069324536
DLGAP4,-0.8613348041919471,,0.0
NAT8L,-0.1981246552675124,,0.0
IL1RAP,-0.349034749034749,,0.0
NDUFAF5,0.1793712079426366,,0.0220008140252546
ZBP1,0.505350248207391,,0.0
FRK,0.084942084942085,,0.0
UNC119,0.2989520132377274,,0.0
SDHB,-0.3790402647545504,,0.0619354634875305
ALDOA,-0.2515168229453943,,0.0
RFX3,-0.9489244346387204,,0.0
MCPH1,0.5527854384997242,,0.0
TAOK2,-0.7320463320463321,1,0.0
TNFAIP3,-0.9506894649751793,,0.0
DUSP22,0.6119139547710977,,0.0
NDFIP2,0.1065637065637066,,0.0
HMGN1,-0.1287369001654715,,0.0
CYP8B1,0.8956425813568671,,0.0
EXD3,0.5823496966354109,,0.0
CPLX2,-0.4603419746276889,,0.0
GLS2,-0.2607832322118036,,0.0849717080196769
PADI1,0.2121345835631549,0,0.0
ACKR3,-0.6985107556536128,0,0.0518012565391894
CELSR3,-0.8503033645890788,,0.0
PDIA2,0.8265857694429124,,0.0
TCF24,0.6389409817981246,,0.0
KLRG1,0.4563706563706564,,0.0
CR2,-0.1684500827357969,,0.0
KCNAB2,-0.5420849420849421,,0.0
PTGDR2,0.0,1,0.0
LGALS4,0.3603971318257033,,0.0
PLXNB1,-0.5492553778268063,,0.0342510137348218
SLC8A1,-0.8357418643132929,,0.025969328364175
UCP1,0.4420297848869277,,0.0
H3P40,0.0,,0.0
LIFR,-0.2892443463872035,,0.0706731506161457
YTHDF2,-0.9863210148924436,,0.0
AIMP1,-0.0657473800330943,,0.0
NEFM,-0.6432432432432432,,0.0390451038482333
CRIP2,0.717484831770546,,0.0
CHGA,0.1470490899062326,,0.0
CACNB4,-0.3205736348593492,,0.0
PYY,0.8325427468284612,,0.0
SRMS,0.6435741864313294,,0.0
IQGAP2,0.0656370656370657,,0.0
OR13C8,0.8380584666298951,,0.0
NETO2,-0.5351351351351351,,0.0116210172325203
WNT8A,0.1541092112520683,,0.0
COQ8A,0.0526199669056812,,0.0
BMAL2,-0.2356315499172642,,0.0
MT2A,0.3338113623827909,,0.0578382536551725
ARTN,0.3969111969111969,,0.0
TPP2,-0.894649751792609,,0.0
ALOX12,-0.0809707666850524,0,0.0
CEP128,-0.0200772200772201,,0.0
NECAB1,0.3318257032542746,,0.0207829701408473
APBB1,-0.7941533370104799,,0.0
RAB35,-0.8633204633204633,,0.0
CAMP,0.3934914506343077,,0.0
ATG12,0.7780474351902924,,0.0
WDR18,0.4172090457804742,,0.0
SORBS2,-0.5698841698841699,,0.0261074160993849
GARRE1,-0.5960286817429674,,0.0
DPYSL5,-0.9108659680088252,,0.0
FHL2,-0.215223386651958,,0.0168126424825897
SPCS1,0.0399338113623828,,0.0481613242505359
IFIT3,0.8311086596800883,,0.0
SHANK1,-0.8113623827909542,,0.0
TGM3,-0.1275234418091561,,0.0
DBH,-0.0550468836183122,,0.0
TMX4,0.4493105350248207,,0.0300188093449446
MARK3,-0.3961389961389961,,0.0513528562360441
RNF4,-0.5896304467733039,,0.0
TASP1,-0.6685052399338114,,0.0255312983739071
IFNL3,0.6666298952013239,,0.0
IL5RA,0.5632653061224491,,0.0
PDCD1LG2,0.6940981798124655,,0.0
RIPK2,-0.6518477661334805,1,0.0
PIGN,0.6563706563706564,,0.0
KRT18,-0.7823496966354109,,0.0
DHRS4,0.1376723662437948,,0.0
CRIPTO,0.5415333701047986,,0.0
EDARADD,0.039823496966354,,0.0
PPHLN1,-0.290126861555433,,0.0
SIGLEC8,0.0162162162162162,,0.0
CTNNA3,-0.1624931053502482,,0.0599485989768036
SIPA1L1,-0.939327082184225,,0.0460133567326962
FZD3,-0.673138444567016,,0.0
GINS1,0.9186982901268615,,0.0
SRBD1,-0.1669056811913954,,0.0
GEMIN7,0.6227247655819084,,0.0
LAPTM5,-0.3266409266409266,,0.0
CTBP1,-0.6506343077771649,,0.0
VAPA,-0.7919470490899062,,0.0
DDC,-0.0798676227247655,,0.0
ZNF222,0.3992277992277993,,0.0
TRIP4,-0.2839492553778268,,0.0
PER1,-0.2239382239382239,,0.0
ADAMTS3,-0.4790954219525648,,0.0
DUSP5,0.1808052950910093,,0.0190102269335724
SH2D3C,-0.6654164368450083,,0.0
NUCB2,0.4586872586872588,,0.0
CST6,0.6764478764478765,,0.0
PDC,0.8557087699944843,,0.0
CIMAP1B,0.6975179260893547,,0.0
AGXT,0.4543849972421401,,0.0
MOGAT2,0.14561500275786,,0.0
ALOX15,0.2605626034197463,0,0.0
IL17C,0.8095973524544953,,0.0
FCER1A,0.6268063982349696,,0.0
NDUFA1,0.0,,0.0419105926730804
APLP2,-0.4061776061776062,,0.0622900089640729
DHX38,-0.3640375068946497,,0.0
DPP6,-0.3656922228350799,,0.061359792177294
LYPD4,0.6845008273579702,,0.0
PLEKHA1,-0.0231660231660231,,0.0
NECTIN1,-0.4912300055157198,,0.0
PAIP2,0.5226696083838942,,0.0490719541062479
LEFTY2,-0.4316602316602317,,0.0
TOPORS,-0.7739658025372311,,0.0
YTHDF1,-0.6712630998345284,,0.0
MGAT3,-0.567788196359625,1,0.0
CD6,0.1148372862658577,,0.0
GSTZ1,0.5525648097076667,,0.0
GBP2,0.1942636514065086,,0.0
RPTN,0.8544953116381688,,0.0
ENO1,-0.07280750137893,,0.0345395076700291
R3HCC1,0.3228902371759514,,0.0448734517584534
EZR,-0.4386100386100385,,0.1168605600320452
GART,-0.6926640926640927,0,0.0
CHD7,-0.9919470490899064,,0.0
RAB21,0.5649200220628792,,0.0198489309565096
TOR1A,-0.2210700496414782,,0.0
IL15,0.8125758411472697,,0.0
TBX4,-0.8151130722559294,,0.0
EPM2AIP1,-0.4478764478764478,,0.0488483112904315
RAB39B,0.0,,0.0
NUMB,-0.5104247104247104,,0.0
IRF8,-0.7285162713734142,,0.0
C6orf141,0.9002757859900716,,0.0
C5AR2,0.8402647545504689,,0.0
SPATA20,-0.1504688361831219,,0.0
TMEM175,0.5059018201875345,,0.0
RTL1,0.9000551571980144,,0.0
SETMAR,0.0561500275785991,,0.0
KRT7,0.6560397131825704,,0.0
SELL,0.3395477109762823,,0.0
LAMA3,-0.3909542195256481,,0.0
ANKS1A,-0.6319911748483177,,0.0
AQP3,-0.2253723110865968,,0.0
NME5,0.665857694429123,,0.0
FAM171B,-0.8297848869277441,,0.0
CASP12,0.0,,0.0
CXCR3,0.0,,0.0
HLA-DRB5,0.8913403199117484,,0.0
ENSG00000292259,0.0,,0.0
TPO,-0.0007722007722007,,0.0
C1QTNF4,0.838830667402096,,0.0778745760262719
SGPL1,-0.4217319360176503,,0.0359671952483703
TBR1,-0.9267512410369552,,0.0
CLDN7,0.3869829012686154,,0.0
RNF113B,-0.1314947600661886,,0.0
KCNIP4,-0.198234969663541,,0.0822327626542485
IGKV1-27,0.0,,0.0
LZTR1,0.9998896856039714,,0.0
IVL,0.9100937672366244,,0.0
TPH1,-0.0824048538334252,,0.0
LHB,0.7435190292333149,,0.0
MAG,-0.390623276337562,,0.0
METTL14,-0.3491450634307776,,0.0
KCTD10,-0.6068394925537783,,0.0
CDKL5,0.0,1,0.030703400156489
KYAT1,0.1927192498621071,,0.0
HMGA2,0.7869829012686156,,0.0
NUP98,-0.9788196359624932,,0.0
THRA,-0.7526751241036955,,0.0
BTBD8,-0.3613899613899614,,0.0274623276520529
PTX3,0.5343629343629344,,0.0
BCAN,-0.4411472697186983,,0.0
NGB,0.6493105350248207,,0.0
TAFAZZIN,0.0,,0.0
SORCS3,-0.6720353006067292,,0.0
SMAD4,-0.9391064533921676,,0.0
MSRB3,-0.0144511858797573,,0.0734282418604737
ATP2A2,-0.9534473248758965,,0.0750373102349572
SRSF6,-0.520242691671263,,0.0253506938919764
EIF2AK4,-0.3667953667953668,,0.0
FUS,-0.9932708218422504,,0.0
ATP5F1A,-0.6003309431880861,,0.091134116927198
ACOX1,-0.4785438499724214,,0.024365247392253
TMPRSS13,-0.0018753447324876,,0.0
L3MBTL2,-0.505019305019305,,0.0
MYH4,-0.0571428571428571,,0.0
STC1,-0.6227247655819084,,0.0
NOD1,0.0200772200772201,0,0.0
RGS14,-0.3853281853281853,,0.0
IFIH1,0.6105901820187534,,0.0
HINT1,0.8356315499172642,,0.0313405185154524
ZBTB48,-0.3811362382790954,,0.043491604908834
SFTA2,0.2538334252619967,,0.0
KYAT1,0.0,,0.0
PID1,-0.109542195256481,,0.0
EBI3,0.583342526199669,,0.0
UNC5CL,0.0238279095421951,,0.0
MYT1L,-0.9970215113072256,,0.0111423791554432
ACMSD,0.1709873138444566,0,0.0
PRB3,0.8104798676227247,,0.0
ZBTB16,-0.927523441809156,,0.0
OR9G4,0.7365692222835081,,0.0
ETS2,-0.7579702151130723,,0.0500230014308776
AP2B1,-0.9062327633756204,,0.0
PARP12,0.0976282404853834,,0.0
RAB3A,-0.715057915057915,,0.0478725657481031
STK36,-0.0960838389409818,,0.0
CALCRL,-0.4338665195808052,,0.0
SCGB3A1,0.9287369001654716,,0.0
IDO2,0.4606729178157749,,0.0
JTB,-0.2501930501930501,,0.0
GOLGA4,-0.436403750689465,,0.0
CFTR,0.3204633204633205,1,0.0
FSTL1,-0.2798676227247656,,0.0
STMN1,-0.7905129619415334,,0.012747493277791
TBCA,0.183342526199669,,0.0
TMPRSS6,-0.2514065085493656,,0.0
PTGFRN,-0.6286817429674573,,0.0
LPAR5,0.8135686707115279,,0.0
PHYHD1,0.4005515719801433,,0.0625495353697431
UROS,-0.3549917264202978,,0.0331074985355893
CHST14,-0.0894649751792608,,0.0
UBE2O,-0.960507446221732,,0.0
LIF,0.1908439051296193,,0.0
ADGRG1,-0.1685603971318257,,0.034927493024824
SMG1,-0.9943739658025372,1,0.0
COL11A2,-0.6845008273579702,,0.0
TRAPPC12,0.3783783783783783,,0.0532796884258063
CLTA,-0.6359624931053502,,0.0
NDRG2,-0.3461665747380033,,0.0348216645178336
CCL21,0.2730281301709873,,0.0
ADD1,-0.8088251516822945,,0.0
TLR6,0.0282404853833424,,0.0
PKD1,-0.8348593491450634,,0.0
ATP8A2,-0.3990071704357418,,0.0323057704222279
ADCY2,-0.8639823496966355,,0.0
CCSAP,0.6653061224489796,,0.0
GANC,0.0198565912851627,,0.0
SLC27A2,0.2388306674020959,,0.0
CCL13,0.9054605626034198,,0.0
NOD2,0.1194704908990622,,0.0
SH3BP5,-0.2048538334252619,,0.0
PHB2,-0.5064533921676779,,0.0310381620445967
EGR2,-0.7937120794263651,,0.0
DORIP1,0.644677330391616,,0.0
NDE1,-0.2029784886927744,,0.0544169935218295
CHGB,-0.3602868174296746,,0.1077581087694812
HLTF,0.6714837286265858,,0.0443505564234998
KCNT1,-0.4627688913403199,,0.0
DEPTOR,0.4455598455598455,,0.0
PKN2,-0.7630446773303916,,0.0184768209850832
CERS2,-0.6875896304467732,,0.0
ZPBP,-0.2217319360176503,,0.0
TRPM2,0.1441809156094871,,0.0
LTC4S,0.7808052950910094,,0.0
FAU,-0.9590733590733592,,0.0
KLHL6,-0.0676227247655819,,0.0
MAFB,-0.7201323772752344,,0.0
AGTPBP1,-0.6254826254826256,,0.0
NAT1,0.9361279646993932,,0.0
GZMB,0.6516271373414231,,0.0
G3BP1,0.3342526199669056,,0.0
CACNA1G,-0.7887479316050745,0,0.0
ESF1,-0.1977937120794264,,0.0
XRCC6,-0.9714285714285714,,0.0808921369364586
GPR88,0.8313292884721457,1,0.0631873285993007
ADAM30,0.933811362382791,,0.0
GRM7,-0.632211803640375,0,0.0
CARTPT,-0.0223938223938223,,0.0474091628807577
KIF6,0.2871483728626585,,0.0
CCL20,0.8799779371207943,,0.0
C16orf87,0.6702702702702703,,0.0
TOMM20,-0.032211803640375,,0.0510873387911096
GNB1,-0.9428571428571428,,0.0
A4GALT,0.5984555984555984,,0.0
IL10RB,0.1555432984004412,,0.0
AEBP1,-0.3889685603971318,,0.0298938112931288
EIF2B5,-0.638830667402096,,0.0
CALCOCO2,-0.0612244897959183,,0.0
ATF6,-0.1510204081632653,,0.0315376890770246
MTCH2,-0.3663541092112521,,0.0
KYNU,0.5739658025372312,,0.0
COG5,0.1063430777716492,,0.0317192163982008
ARHGEF39,0.4715940430226144,,0.0
GOLPH3L,0.6926640926640926,,0.0
GGT5,0.3798124655267512,,0.0
SLC25A18,0.2979591836734694,,0.0532284096949175
CRELD2,0.2644236072807502,,0.0
ARRDC5,0.5522338665195807,,0.0
BCAT1,0.4123552123552123,1,0.0214852462372472
PER2,-0.4777716492002206,,0.0
CGREF1,0.5748483177054606,,0.0570675826863039
F10,-0.0005515719801434,,0.0
KRT9,-0.1659128516271373,,0.0
OPA1,-0.6847214561500276,,0.0291622264897799
MARCO,0.3085493656922229,,0.0
TRBV20OR9-2,0.0,,0.0
PIWIL1,-0.3038058466629895,,0.0
NR1H4,-0.5981246552675124,1,0.0
UQCRFS1,-0.2938775510204081,,0.0
HLA-DPB1,0.6657473800330944,,0.0
TBX21,-0.8135686707115278,,0.0
FAM168B,0.5852178709321567,,0.0334759325762667
CSNK1G1,-0.5012686155543298,,0.0
FURIN,-0.8861555432984004,,0.0
KRT90P,0.0,,0.0
PRTN3,0.9151682294539438,,0.0
STAMBP,-0.239161610590182,,0.0
ENO3,0.3637065637065637,,0.0
TMPRSS11D,0.01003861003861,,0.0
AREG,-0.2498621070049641,,0.0
MARCHF7,-0.8080529509100938,,0.0
GALC,0.0907887479316051,,0.0482988910497245
MX1,0.34726971869829,,0.0
EIF4G2,-0.9901820187534474,,0.0337639454164212
HYAL2,0.2472145615002758,,0.0
CD1A,0.7652509652509651,,0.0
ZNF689,-0.5297297297297296,,0.0
CFDP1,0.2301158301158301,,0.0359303516167362
SERPINE2,-0.5073359073359074,,0.0191838195009675
KRR1,-0.3873138444567016,,0.0
ANP32B,-0.8346387203530061,,0.1094420054477921
CD27,-0.0393822393822393,,0.0
HAS1,0.4521787093215665,,0.0
FANCB,0.0,,0.0
PRAP1,0.6068394925537783,,0.0
CREB5,-0.770546056260342,,0.0
IKBKE,-0.4914506343077771,1,0.0
FUBP3,-0.6604522890237177,,0.0449391197626497
LMF2,0.7799227799227799,,0.0
LPXN,-0.3065637065637066,,0.0
OR13D1,0.8872586872586872,,0.0
HOXB6,0.3303916161059017,,0.0
MS4A2,0.3599558742415885,,0.0
RYR3,-0.7620518477661334,,0.0542049205822933
CEACAM3,0.5699944842801985,,0.0
ENTPD6,-0.0349696635410921,,0.0346847862960777
MS4A7,0.607280750137893,,0.0
TRIM49B,-0.042250413678985,,0.0
UHRF1,-0.971869829012686,,0.0
MORC2,-0.8865968008825151,,0.0
ENTREP2,0.2735797021511308,,0.0
DCTN2,-0.6439051296194154,,0.0
GAREM2,-0.2157749586321015,,0.0196899586680761
OR2K2,-0.0489795918367347,,0.0
PKIA,0.6671814671814671,,0.0
KCTD13,-0.4188637617209045,,0.074838276748772
DGKH,-0.4507446221731935,,0.0
SAFB2,-0.70292333149476,,0.0253382465948158
THAP1,-0.607611693325979,,0.0
KDR,-0.8644236072807501,1,0.0
CACYBP,0.6400441257584115,,0.0
CBARP,0.2422504136789851,,0.0
HTRA1,-0.1665747380033094,,0.0113074340963679
ZBTB24,-0.3467181467181467,,0.0
LRRC7,-0.9544401544401544,,0.0
GSKIP,-0.1874241588527302,,0.0237311058499199
CRYAB,0.3622724765581908,,0.0
GAS6,-0.3059018201875344,,0.0
CRY1,-0.393050193050193,,0.0
TMEM9B,-0.4082735797021511,,0.0
GOLGA5,-0.3531163816878102,,0.0324165119394692
HOXD13,-0.0201875344732487,,0.0
SH3RF2,-0.1242140099282956,,0.0
AKAP5,-0.4369553226696083,,0.0
BFAR,0.3316050744622172,,0.0
TAAR1,0.9774958632101488,0,0.0
ETFDH,0.2783232211803641,,0.0
PSG7,0.7342526199669057,,0.0
KCNJ6,-0.7067843353557639,,0.0
TLX2,0.4865968008825152,,0.0
NASP,-0.8028681742967457,,0.134980986876206
ACO2,-0.7014892443463872,,0.0550257522336659
HHEX,-0.4991726420297848,,0.0
PSMD2,-0.9837837837837836,,0.0
LGALS1,0.6701599558742415,,0.0274243746316295
MYB,-0.7481522338665196,,0.0
ATP5MC1,-0.4060672917815775,,0.0802056843976013
ETFA,0.3423055708769995,,0.0212264187148193
TRIM39,-0.9609487038058466,,0.0
FAM227B,0.900937672366244,,0.0
KCNJ10,-0.4702702702702702,,0.0886963504700385
RHEB,0.949034749034749,,0.0
HNRNPH2,0.0,,0.0325109736429467
POU2F2,-0.902592388306674,,0.0
PAX4,0.1589630446773304,,0.0
KCNS2,-0.2830667402095973,,0.0
TTL,-0.7686707115278544,,0.0384445508472935
CFLAR,-0.7979040264754551,,0.0
BAG5,0.133480419194705,,0.0202930614175123
RFLNB,0.4989520132377274,,0.0
HIBCH,0.2065085493656921,,0.0681671561292978
DYNLT2,0.5861003861003862,,0.0
PRPF31,-0.8486486486486486,,0.0
MPP7,0.0018753447324875,,0.0
GEMIN4,-0.0378378378378377,,0.0
OR13C4,0.0,,0.0
GOLGA8A,0.2512961941533369,,0.0
CASKIN1,-0.5501378929950358,,0.0
GDF11,-0.551130722559294,,0.0
PDHX,-0.2908990623276337,,0.0
FRRS1L,0.6144511858797572,,0.0
GHRH,-0.0746828461114175,,0.0
ANXA11,0.211031439602868,,0.0646900898914566
DOCK2,-0.7714285714285715,,0.0
LORICRIN,0.9662437948152234,,0.0
HCAR2,0.9033645890788748,,0.0
APBA1,0.0161059018201874,,0.0
MYG1,0.2166574738003308,,0.0
DNAJA1,-0.3311638168781026,,0.0
PFDN1,0.8917815774958633,,0.0
HNRNPDL,-0.6018753447324876,,0.0497838339007273
TERF1,-0.5697738554881412,,0.0
MAPK9,-0.4769994484280199,1,0.0466178410927792
DCTN1,-0.7418643132928847,,0.0
SCARF2,0.0407060121345834,,0.0
H6PD,0.0749034749034749,,0.0
ATP5IF1,0.7599558742415886,,0.0517836570166483
EN2,-0.3257584114726972,,0.0
FGF14,-0.7061224489795919,,0.0418843324780657
ARSB,0.1180364037506893,,0.0
RPL36AL,0.7794815223386653,,0.0496824103597635
SDSL,0.4510755653612797,,0.0
ANGPTL2,-0.5145063430777717,,0.0
CARD19,0.7232211803640376,,0.0
COXFA4,0.7876447876447876,,0.0475829898556817
TPCN1,-0.5950358521787094,,0.0
RMI1,0.05019305019305,,0.0
TYK2,-0.5373414230557088,1,0.0
GNAL,0.8036403750689465,,0.0
IL22RA1,0.1869829012686155,,0.0
ZYX,-0.1817981246552675,,0.0
IL1RL1,0.1715388858246,,0.0
HEYL,0.4526199669056812,,0.0
CCNA2,-0.9662437948152234,,0.0
STAT6,-0.6711527854384998,,0.0
ACTA2,-0.7179260893546608,,0.018782849892272
CTF1,0.9868725868725868,,0.0
COLEC11,0.3440706012134584,,0.0
CMIP,-0.9631549917264204,,0.0342071116493712
TPM1,-0.3553226696083839,,0.0204236785050422
HLA-DQA1,0.9900717043574184,,0.0
SDC2,0.3428571428571427,,0.035478372229464
CAV2,-0.0525096525096525,,0.0
TBC1D20,-0.7214561500275787,,0.0
ANKH,-0.7275234418091561,,0.0271975002714248
BACH1,-0.2282404853833425,,0.0
RPH3AL,0.3994484280198567,,0.0
CYC1,-0.5906232763375621,,0.0453563058261992
RAG1,-0.4313292884721456,,0.0
DDX41,-0.3361279646993933,,0.0794528693899801
SDC4,0.4732487589630447,,0.0621772747806903
AOC2,0.5024820739106453,,0.0
MFGE8,0.1421952564809707,,0.0
NEDD9,-0.7599558742415885,,0.0
MCL1,-0.8008825151682295,1,0.0175497738453611
C1GALT1C1,0.0,,0.0
HRAS,-0.1307225592939879,0,0.0
PIAS1,-0.9848869277440706,,0.0
TMEM132A,0.1062327633756206,,0.0407363227902927
GPATCH2,0.4303364589078875,,0.0258461744492598
HPSE2,-0.2269167126309983,,0.0
LINC02598,0.0,,0.0
RHCE,-0.4522890237175951,,0.0
BAK1,0.3842250413678985,,0.0
RHD,-0.3772752344180915,,0.0
FFAR4,0.1237727523441809,1,0.0
CACNA1H,0.1638168781025923,0,0.0
TRIM4,0.5634859349145063,,0.0
PTGIR,0.9094318808604522,1,0.0
JUNB,-0.1865416436845008,,0.0
PZP,-0.065857694429123,,0.0
LIMA1,0.1310535024820738,,0.0
SCP2,-0.0442360728075014,,0.0326090029869264
BMP6,-0.6627688913403199,,0.0
IKBKG,0.0,,0.0
CPA6,0.5491450634307777,,0.0
CAMKK1,-0.7188086045228903,1,0.0
CNTF,0.718146718146718,,0.0
CSRP3,0.519580805295091,,0.0
BPNT1,0.2749034749034749,,0.0
HSPB8,-0.0431329288472145,,0.0
MMP14,-0.8773303916161059,,0.0
EYS,-0.0157749586321015,,0.0
ABAT,-0.1691119691119691,,0.0
ROR1,-0.866188637617209,,0.0
KCNE1,0.6281301709873139,,0.0
EFTUD2,-0.9822393822393822,,0.023225791997107
OGT,0.0,1,0.0
CLCC1,-0.3204633204633205,,0.0
ALAS1,-0.5049089906232763,,0.0444858837493676
KRT16,0.359404302261445,,0.0
CPLX1,-0.3570876999448428,,0.0746992465741408
CYP2C19,0.7771649200220629,,0.0
SELP,0.0067291781577496,,0.0
HNRNPK,-0.9291781577495865,,0.0
SERPINI1,-0.7318257032542748,,0.0771780365484066
TAS2R60,0.3206839492553779,,0.0
POR,-0.141092112520684,,0.0
PSMB9,-0.0822945394373966,1,0.0
NDUFAF2,0.2420297848869277,,0.0
PIK3C3,0.0605626034197461,1,0.0
TRIM22,-0.1724214009928295,,0.0
EDIL3,-0.4291230005515719,,0.0
ATP5MC2,0.6636514065085493,,0.0299157915164157
LBP,0.3875344732487589,,0.0
CA12,-0.0001103143960287,0,0.0
PF4,0.9311638168781028,,0.0
GPR39,0.7659128516271374,1,0.0
CCKBR,0.3630446773303917,1,0.0512252816972895
ADA,0.3685603971318256,0,0.0
SIX3,-0.8087148372862658,,0.0
TMEFF2,-0.4593491450634308,,0.0423433480975591
SH3GL2,-0.05438499724214,,0.0443291184331939
TAGLN3,-0.3783783783783784,,0.087581435173028
XIAP,0.0,0,0.0
CLEC4D,0.7487038058466631,,0.0
YWHAH,-0.5709873138444568,,0.0998680443291182
AKR1C3,0.5501378929950358,0,0.0181161148520605
CASP7,0.0432432432432432,,0.0546446845663537
ARG1,-0.2332046332046332,,0.0
ZNF234,0.4753447324875897,,0.0
SPECC1,-0.3634859349145063,,0.0
KRTAP19-1,0.9836734693877552,,0.0
KRTAP19-2,0.9821290678433536,,0.0
NRCAM,-0.5006067291781577,,0.0415353766003429
CA2,0.6788747931605075,0,0.0181844192000557
PNMT,0.6553778268063983,,0.0
ABHD3,0.4028681742967457,,0.0
CARD18,0.7129619415333701,,0.0
C1QTNF3,0.1119691119691119,,0.0
SERPINH1,0.0044125758411472,,0.0
NDFIP1,-0.592388306674021,,0.0128687181964532
NAV1,-0.9811362382790956,,0.0
REN,0.1819084390512961,1,0.0
MAP4,-0.6752344180915609,,0.0556774654613655
PIPOX,0.2439051296194152,,0.0379355218867311
FGFR2,-0.903254274682846,1,0.0395260275053199
MED13,-0.9868725868725868,,0.0
XK,0.0,,0.0213396028864945
MLC1,0.1296194153337011,,0.0505773807348968
CRYM,-0.2190843905129619,,0.0996255976789014
TRIM11,-0.1361279646993932,,0.0
TGIF1,-0.7124103695532267,,0.0
GLUL,-0.8183121897407611,,0.0213799667244971
YWHAE,-0.9699944842801984,,0.0
SV2B,-0.4642029784886927,,0.0824542074677752
IGFBP1,0.8868174296745726,,0.0
LHX2,-0.8290126861555434,,0.053036178190598
RNASE7,0.9130722559293988,,0.0
HADHA,-0.3485934914506343,,0.0
ANGPTL4,0.671042471042471,,0.0
TPD52,-0.2403750689464975,,0.0
NEK3,-0.0576944291230006,,0.0
TNFSF13,-0.2006618863761721,,0.0
GSTM3,0.417319360176503,,0.0360327133336599
ZC3H15,-0.8157749586321015,,0.0424909733956417
HRNR,0.9803640375068948,,0.0
ZNF185,0.0,,0.0
PREP,-0.8014340871483728,0,0.0311111090592289
ATF2,-0.6458907887479316,,0.0
MICALL1,0.0230557087699945,,0.0
C8orf88,0.937892995035852,,0.0
ODC1,-0.546607832322118,,0.0
HNRNPA0,0.5598455598455598,,0.0
NPAS4,-0.9343629343629344,,0.0123366336542807
COL1A1,-0.9768339768339768,,0.0
MAGI2,-0.8282404853833425,,0.0
EBF1,-0.9136238279095422,,0.0429799166209638
CATSPER1,-0.1063430777716492,,0.0
TINF2,-0.4517374517374517,,0.0
AGAP1,-0.8313292884721456,,0.0
COASY,-0.3000551571980143,,0.0
PON2,0.1889685603971318,,0.0574598979711117
REC114,0.4777716492002206,,0.0
MAP3K12,-0.926199669056812,1,0.0
EEF1E1,0.5609487038058467,,0.0415361980388263
ST13,-0.5650303364589079,,0.0
ITPR2,-0.4041919470490899,,0.0
MAB21L2,-0.3991174848317705,,0.0
ATP11A,-0.573303916161059,,0.0327908602292077
PTGES,-0.0105901820187535,1,0.0
LCAT,-0.6101489244346388,,0.0
HOPX,0.5908439051296195,,0.0589555473799845
CEACAM5,0.0669608383894098,,0.0
MARCHF1,-0.17573083287369,,0.0193206859510074
CTNND2,-0.9381136238279096,,0.0104071575306065
PTPRQ,-0.0479867622724765,,0.0
ARL17A,0.0,,0.0
ADPRS,0.3242140099282957,,0.0
RPL26,-0.9179260893546608,,0.0
HMGB2,-0.8997242140099283,,0.0
KRTAP15-1,0.8018753447324876,,0.0
PER3,0.0704908990623276,,0.0
SEZ6L2,-0.5870932156646442,,0.0736674301031918
ARID5B,-0.9503585217870932,,0.0
ZSWIM8,-0.9384445670159955,,0.0
SLC12A5,-0.940099282956426,0,0.0181141813334136
CEACAM8,0.4127964699393271,,0.0
SLC17A6,-0.4815223386651958,,0.0398213228965156
BNIP1,0.4283507997793712,,0.0
SORCS2,0.0146718146718147,,0.0
MTF1,-0.7751792608935466,,0.0
KDM4A,-0.9183673469387756,1,0.0
SPPL2B,0.2442360728075014,,0.0
DDX6,-0.9874241588527304,,0.0
SMAD1,-0.9012686155543298,,0.0943135685484077
GSTK1,0.2677330391616106,,0.0
SLCO6A1,0.2801985659128516,,0.0
CCL25,0.7210148924434638,,0.0
OR4A5,0.0,,0.0
HSP90B2P,0.0,,0.0
ARMCX5,0.0,,0.0
CRCP,0.6023166023166022,,0.0
CNTN4,-0.399669056811914,,0.0
CCDC184,0.8477661334804192,,0.0162055579267921
NINJ2,0.7177054605626034,,0.0
KRT1,-0.4347490347490347,,0.0
AFM,0.6386100386100386,,0.0
SPG21,-0.1349145063430777,,0.0
SPACA9,0.7836734693877552,,0.0
ZNF146,-0.4292333149476006,,0.0
HBP1,-0.4657473800330943,,0.0
PDGFA,-0.8341974627688913,,0.0701437016079321
IL12RB1,-0.1841147269718698,,0.0
NNMT,0.5186982901268615,,0.0
MDM2,-0.8669608383894098,1,0.0
ENSG00000289491,0.0,,0.0
VCL,-0.729950358521787,,0.0
OOSP2,0.0,,0.0
PKD1L1,-0.2970766685052399,,0.0
P2RX5,0.1862107004964148,,0.0362694790407192
ACVR1C,-0.5690016547159404,,0.0150301799300017
NUMBL,-0.5421952564809708,,0.0
FLI1,-0.8307777164920023,,0.0
GVQW3,0.0982901268615554,,0.0
PRR14,-0.3359073359073359,,0.0
QDPR,0.0261445118587975,,0.0
AJUBA,-0.5936017650303365,,0.0
GC,0.6794263651406509,,0.0
NXN,-0.5185879757308329,,0.0
IDH2,-0.6867071152785438,1,0.0
COL3A1,-0.8935466078323221,,0.0
THAP12,-0.6740209597352455,,0.0
UTS2B,0.7371207942636515,,0.0
TPD52L1,0.0148924434638719,,0.0258205204858061
RIC3,0.4104798676227248,,0.0
IDH1,-0.2404853833425262,1,0.0
USP14,-0.5350248207391064,,0.0
ROR2,-0.640926640926641,,0.0
TACR2,0.2769994484280198,1,0.0
RNF20,-0.2219525648097077,,0.0
SYNC,0.0766685052399338,,0.0
ZDHHC22,0.5239933811362383,,0.0
AP5B1,0.6252619966905681,,0.0
CCDC50,-0.0614451185879757,,0.0
EAPP,0.6393822393822395,,0.0662818039645758
NLGN4X,0.0,,0.0
SGCG,0.4029784886927743,,0.0
ZNF585A,-0.1328185328185328,,0.0
LYVE1,0.434638720353006,,0.0
WDR81,-0.2584666298952013,,0.0
TIMM13,0.6970766685052399,,0.0
MATN2,-0.2701599558742416,,0.0
CSNK1A1L,0.2617760617760618,,0.0
ABRAXAS1,0.5580805295091009,,0.0
BCAP31,0.0,,0.0291766949774726
TTF1,0.0896856039713183,,0.0
TRIB3,0.7755102040816326,,0.0
MTHFD1,-0.6778819635962493,1,0.0581046147245222
EGFL7,0.8463320463320463,,0.0
FRZB,0.6949806949806949,,0.0
SRPK1,-0.346607832322118,1,0.0
TSG101,-0.5028130170987314,,0.0495674095988509
GATA4,-0.7218974076116933,,0.0
PRB2,0.9424158852730282,,0.0
OSTN,0.65273028130171,,0.0
CREB3,0.3073359073359074,,0.0
STX1A,-0.9194704908990624,,0.0
ECE2,-0.0044125758411472,,0.0
KRTAP13-4,0.8474351902923332,,0.0
TNK1,0.2993932708218423,,0.0
PCSK2,-0.9252068394925538,,0.0342817013278666
IFNGR2,-0.5560948703805847,,0.0
CCR3,0.9528957528957528,0,0.0
RBM6,-0.9482625482625484,,0.0270144189253036
EEF1A1,-0.9879757308328736,,0.0
MGAT2,-0.3798124655267512,1,0.0
ZMYM3,0.0,,0.0
SPATS2,-0.3416436845008274,,0.0
PLGRKT,0.9835631549917264,,0.0
STXBP5,-0.8500827357970215,,0.0
MKRN2,-0.0332046332046331,,0.0
SORBS3,-0.1642581356867071,,0.0
AZGP1,0.3024820739106453,,0.0
MAPKAPK2,-0.8837286265857695,1,0.0
LIMK2,-0.5922779922779923,1,0.0270762093662949
MCUB,0.6755653612796471,,0.0
OGDH,-0.7771649200220629,,0.0
IARS1,-0.098400441257584,,0.069944801846788
CYP27C1,-0.0334252619966906,,0.0
ENSG00000206356,0.0,,0.0
CCNT2,-0.763265306122449,,0.0264713593822474
OR4A15,0.0,,0.0
MUSK,-0.3203530060672918,,0.0
CLTB,-0.6120242691671263,,0.0
AUNIP,0.7883066740209597,,0.0
ITGB1BP1,-0.022173193601765,,0.0
TCL1B,0.4182018753447325,,0.0
VEGFB,0.7135135135135136,,0.0
LINC00632,0.0,,0.0115142866390066
RAB37,0.4485383342526199,,0.0
FLNB,-0.6830667402095973,,0.0
TFE3,0.0,,0.0
GFUS,0.5210148924434639,,0.0529491133303835
TRIM41,-0.7084390512961942,,0.0
CPSF6,-0.8814120242691671,,0.0
GPR137,-0.3574186431329288,,0.0
TIMP4,0.6018753447324876,,0.0
CCND2,-0.8103695532266961,,0.0437602973533598
NUPR1,0.8211803640375068,,0.0
USF1,-0.4922228350799779,,0.0
GYPC,0.8337562051847767,,0.0
NLRC5,-0.5014892443463872,,0.0338519367099329
MRTFB,-0.8448979591836735,,0.0
DGKG,-0.0915609487038058,,0.0
MEOX1,0.3044677330391616,,0.0
MAPK8IP3,-0.7876447876447876,,0.0
SNHG1,0.0,,0.0
SYNGR3,0.4858246001103143,,0.0654402987940026
P2RX2,0.4847214561500275,,0.0
P2RX5-TAX1BP3,0.0,,0.0
P2RX6,0.7052399338113624,,0.0
P2RX1,0.2031991174848317,,0.0
DECR1,0.7238830667402096,,0.0318511472824952
PLCB3,-0.721676778819636,,0.0
CASP14,0.4102592388306674,,0.0
ST6GAL1,-0.3924986210700496,,0.0
GNPDA2,0.6110314396028682,,0.0
CBY3,0.9857694429123,,0.0
SPMAP1,0.7321566464423608,,0.0
OR4A16,0.0,,0.0
TIMP2,-0.7426365140650855,,0.0
DUSP26,0.0150027578599007,,0.0
RPS27,-0.6657473800330943,,0.0
ADAMTS2,-0.61003861003861,,0.0433056744284437
PLCE1,-0.616326530612245,,0.0453764430570492
INHBA,-0.9741864313292884,,0.0
PALD1,-0.3665747380033094,,0.0
COX6C,0.4285714285714286,,0.0371011582192774
SCG2,-0.5237727523441809,,0.0563090179377109
NRBP1,-0.9471594043022614,,0.0
MAPK1IP1L,-0.363265306122449,,0.0
LRIG1,-0.5095421952564809,,0.0611607383719677
SLC39A12,0.2484280198565913,,0.0970142518104277
PDE6D,0.1085493656922227,,0.0
CDKL2,0.4185328185328185,1,0.0
CWC27,0.3635962493105351,,0.0587875969056393
HAVCR1,0.9704357418643133,,0.0
DSP-AS1,0.0,,0.0
MTTP,-0.475234418091561,0,0.0
ALS2,-0.5041367898510756,,0.0470214595278685
C3AR1,0.7324875896304468,0,0.0
LRRN1,-0.6863761720904578,,0.0
ATP8B3,0.4900165471594042,,0.0
LBH,0.1855488141202426,,0.0160151629762264
ABCB11,-0.3806949806949806,,0.0
OR13C3,0.8561500275785989,,0.0
ADD3,-0.8012134583563155,,0.0239168467326743
CXCL11,0.085273028130171,,0.0
TMPRSS15,0.2665195808052951,,0.0
CALML4,0.5843353557639273,,0.0
DNASE1,0.656150027578599,,0.0
KAT2B,-0.7301709873138444,1,0.0
HLA-DRA,-0.5303916161059018,,0.0276213932072129
GSTO2,0.4389409817981247,,0.0
STAG3,-0.3413127413127413,,0.0
PXN,-0.241588527302813,,0.0
PDGFB,-0.7161610590182019,,0.0
RITA1,0.9574186431329288,,0.0
KCNE2,0.7595146166574738,,0.0
CALCR,0.1312741312741312,,0.0
PTPN13,-0.3852178709321566,,0.0
HYAL1,-0.1616105901820187,,0.0
SLC9A6,0.0,,0.064100169206839
GRM4,-0.7047986762272477,0,0.0
IAH1,0.3851075565361279,,0.0
AKR1A1,-0.1699944842801986,,0.0
OLIG2,0.8746828461114176,,0.0
MAP1B,-0.9929398786541644,,0.0
IL16,-0.326861555432984,,0.0
PVALB,0.7205736348593492,,0.0682989331197976
AGA,-0.0527302813017098,,0.0
NME8,0.2004412575841148,,0.0
PPIB,0.2383894098179813,,0.0830598106068974
DNM3,-0.4511858797573083,,0.0526981706289081
HOXA3,-0.6397131825703255,,0.0
GRK4,0.467953667953668,,0.0
CLEC10A,0.416988416988417,,0.0
MKI67,-0.4129067843353557,,0.0
PTPRM,-0.8592388306674021,,0.0240518287671366
SH3RF3,-0.4429123000551572,,0.0
CHMP3,-0.6401544401544401,,0.0
PSMC4,-0.787865416436845,,0.0
DVL3,-0.6489795918367347,,0.0
SASH1,-0.7806949806949807,,0.0935236125714016
KCNA2,-0.6478764478764478,,0.0
HTR1F,0.0747931605074463,0,0.0
SLC9A7,0.0,,0.0
TBXA2R,0.6704908990623277,,0.0
COL1A2,-0.8548262548262548,,0.0143519067001096
CDH23,-0.4567015995587424,,0.0
DNAJB1,-0.0292333149476006,,0.0
CYP27A1,0.1316050744622172,,0.0
SMAD9,0.0906784335355763,,0.0446345415849866
SLCO1A2,0.4410369553226696,,0.0881830610368079
FEM1A,0.9301709873138444,,0.0
MEG3,0.0,,0.0342646225046842
ANGPTL3,0.3995587424158853,,0.0
TMEM120A,0.4546056260341975,,0.0
ACOT11,0.2132377275234418,,0.0
SEMA3D,0.1912851627137342,,0.0
SCN3B,-0.46861555432984,,0.0810314470627497
AKT1S1,0.6785438499724215,,0.0
NYAP1,-0.4843905129619416,,0.0
MYL10,0.2462217319360176,,0.0
SDCBP2,0.5342526199669058,,0.0
HOXB7,0.398234969663541,,0.0
MECOM,-0.97573083287369,,0.0204925316393631
IMMT,-0.480419194704909,,0.0625064794588264
HPR,0.7252068394925537,,0.0
CYP17A1,0.4523993381136237,,0.0
IFNGR1,-0.1524544953116381,,0.0
AHI1,0.1813568670711527,,0.0
WDR48,-0.85857694429123,1,0.0
HLCS,-0.1491450634307777,,0.0
MCM8,0.0024269167126309,,0.0
PCDHGA4,-0.1279646993932708,,0.0
GIPR,0.7607280750137893,,0.0
CCL8,0.8434638720353007,,0.0
LANCL1,0.5154991726420297,,0.0360183284707631
PHF10,-0.0672917815774958,,0.0
KRTAP19-3,0.8988416988416987,,0.0
MCU,-0.7510204081632653,,0.0233951128090911
PRKAR2B,-0.4939878654164368,,0.012716081676823
SLC16A9,-0.4346387203530061,,0.0825793347299586
COX17,0.5392167677881963,,0.0
CSTA,0.4129067843353557,,0.0
BBX,-0.8393822393822394,,0.1547392427417027
ROBO4,-0.0940981798124654,,0.0506119441692195
DAPK3,0.3653612796469938,,0.0
PITHD1,0.8346387203530061,,0.0552532021253165
SULT2A1,0.7478212906784336,,0.0
MSRB1,0.6357418643132928,,0.0
GLIPR2,0.8869277440706012,,0.0
ARHGEF2,-0.91715388858246,,0.0
PLEKHG7,0.3623827909542194,,0.0
CARD16,0.3334804191947049,,0.0
NOTCH4,-0.178157749586321,,0.0
MTA1,-0.9512410369553228,,0.0
APBA2,-0.661003861003861,,0.0
EPAS1,-0.831549917264203,1,0.0420513030056253
CCL23,0.6152233866519581,,0.0
SGMS1,-0.7521235521235521,,0.0
SNAI2,-0.8999448428019856,,0.0
HPX,-0.0906784335355763,,0.0
PDIA6,-0.5448428019856592,,0.030335063579381
HAPLN1,-0.5184776613348042,,0.0
RNF182,0.689464975179261,,0.0414752415816267
CCL7,0.8075013789299503,,0.0
CARS1,-0.6070601213458356,,0.0380341445100948
MSH6,-0.2196359624931053,,0.0
SYNGR1,-0.1166023166023165,,0.0490152568739533
CFAP298,0.4751241036955322,,0.0
PIGP,0.9644787644787643,,0.0
CLDN14,0.8175399889685604,,0.0
LGI3,0.1788196359624931,,0.0
DONSON,-0.0878102592388306,,0.0
TWSG1,-0.0099282956425813,,0.0
RASEF,0.3913954771097627,,0.0
MRPL15,0.4058466629895201,,0.049313054271677
TNFAIP6,0.5661334804191946,,0.0
STK4,-0.568119139547711,,0.0
GAPVD1,-0.8539437396580254,,0.0
CNBP,-0.6428019856591285,,0.031303676124247
USO1,-0.5060121345835631,,0.0442378744588532
WNT3A,-0.3513513513513513,1,0.0
NCKAP1,-0.9838940981798124,,0.0
SNAP23,-0.2787644787644787,,0.0458413427785824
ATP13A5,0.1880860452289023,,0.0
MYOZ1,0.0472145615002757,,0.0
FAM53B,-0.6102592388306673,,0.0
ATP6V1E1,-0.2002206287920573,,0.0971463598947329
PRMT5,-0.9078874793160508,1,0.0
GPC2,0.2071704357418642,,0.0
CERT1,-0.4948703805846662,,0.0
BNIP3,0.2240485383342525,,0.0
CCL1,0.9780474351902924,,0.0
FAM83G,-0.1842250413678985,,0.0
CCDC92B,0.6136789851075566,,0.0
PPP4R3A,-0.914726971869829,,0.0
PNPLA3,0.4404853833425262,,0.0
C12orf43,0.3670159955874241,,0.0424582951343882
PDS5B,-0.6908990623276338,,0.0
TRAF1,-0.3741864313292885,,0.0
DARS1,0.1013789299503584,,0.0
CHMP2A,-0.6796469939327082,,0.0655548923787299
NLRX1,0.2101489244346386,,0.0
SARDH,0.2130170987313844,,0.0
MUC5B,-0.7953667953667953,,0.0
ARID3A,-0.7501378929950359,,0.0
HSD17B1,0.2250413678985108,0,0.0
CNTLN,0.6312189740761169,,0.0
JMJD6,-0.6544953116381688,,0.0
MMEL1,0.1089906232763375,,0.0
OSM,-0.0883618312189741,,0.0
GPBP1,-0.9059018201875344,,0.0325898587717185
OLR1,0.1544401544401543,1,0.0
HLA-DRB6,0.0,,0.0
LRP1B,-0.7735245449531164,,0.0439702178094583
GLI2,-0.833645890788748,,0.0
SNRNP70,-0.8622173193601765,,0.0
L1CAM,0.0,,0.0650243543736661
PSG9,0.6664092664092665,,0.0
UBE2I,-0.901599558742416,,0.0
SLC10A4,0.3619415333701048,,0.0
RUVBL2,-0.9257584114726972,,0.0561213271025752
PRKAR1A,-0.9776061776061776,,0.0119909734487705
UGCG,-0.8382790954219526,1,0.0275509824713834
SETD7,-0.5610590182018753,1,0.0
TUBB3,-0.449200220628792,1,0.0
DNMBP,-0.4858246001103143,,0.0
PTPN11,-0.9784886927744072,1,0.0
TRIM36,-0.3714285714285714,,0.0293889185516177
FOXA1,-0.6019856591285162,,0.0
AURKC,-0.277992277992278,1,0.0
SGMS2,-0.5398786541643685,,0.0
JCAD,-0.6929950358521787,,0.0
PMM2,0.964368450082736,,0.0
SORD,-0.0689464975179261,,0.0
PDYN,-0.3354660783232212,,0.011107522984207
HLA-DRB6,0.0,,0.0
SLCO1B3,0.3188086045228901,,0.0
SERPING1,-0.9033645890788748,,0.0
SLC6A8,0.0,,0.0
KCNJ2,-0.5024820739106454,0,0.0373109160074653
APLP1,-0.419084390512962,,0.0
SLC19A3,0.0008825151682294,,0.0
DNAJC5,-0.9527854384997242,,0.0221907145073365
CDK19,-0.4969663541092113,1,0.0155652275788724
PYGB,0.0958632101489245,,0.0248591173429986
EBNA1BP2,0.0655267512410369,,0.0
EMP3,0.0965250965250965,,0.0
MAP4K4,-0.8808604522890238,,0.0539715732502543
ABCC1,-0.6170987313844456,0,0.0
ASB18,0.8272476558190844,,0.0
PCYT1B,0.0,,0.0454884565922488
PSMD7,-0.4713734142305571,,0.0
RABEPK,0.1853281853281854,,0.0
BRMS1L,-0.2730281301709872,,0.0
ARMH1,-0.0607832322118035,,0.0
H3P28,0.0,,0.0
SPAG11A,0.940761169332598,,0.0
SPAG11B,0.7646993932708219,,0.0
FASTKD1,0.0700496414782128,,0.0
GRIFIN,0.9218974076116933,,0.0
HTR1B,-0.4107004964147821,,0.0
TRAIP,-0.3824600110314395,,0.0
NOG,-0.8296745725317154,,0.0
MROH1,0.0591285162713735,,0.0817778014310469
PTN,0.0474351902923331,,0.0690797424308313
SH3GLB1,-0.4970766685052399,,0.0
PSMD4,-0.8911196911196911,,0.0669617248487089
SCG3,-0.2146718146718146,,0.0183148393838904
BEST1,0.4889134031991176,,0.0
SALL1,-0.938334252619967,,0.0781659332102235
CHUK,-0.5562051847766134,0,0.0
NARS1,-0.0854936569222283,,0.0
PDPN,-0.450965250965251,,0.0
RUNX1,-0.5274131274131274,,0.0
NDRG4,-0.2554881412024269,,0.0468021218311121
CHRM4,-0.7973524544953117,1,0.0
KCNC4,-0.2810810810810811,,0.0
EIF2S2,-0.9160507446221732,,0.0386966450827981
ENPP1,-0.3964699393270822,,0.0
SPTBN4,-0.6562603419746277,,0.0
KRT14,-0.0635410921125206,,0.0
GPR119,0.0,0,0.0
UBXN11,-0.0341974627688913,,0.0
TRIML2,0.3499172642029784,,0.0
POU4F1,-0.4183121897407611,,0.0
IL31RA,-0.0311086596800882,,0.0
LIMK1,-0.8558190843905129,1,0.0
SPAG8,0.1362382790954219,,0.0
RDX,-0.6421400992829565,,0.0
NELL2,-0.6953116381687809,,0.0814482124180441
SPDYE4,0.2954219525648096,,0.0
NRG3,-0.5245449531163817,,0.0
CETN2,0.0,,0.0418430620546242
CHRD,-0.3468284611141754,,0.0
IL7R,0.021842250413679,,0.0
CCR6,0.7099834528405957,,0.0
UGT2B28,0.6548262548262549,,0.0
FOLR1,-0.3888582460011032,0,0.0
FLVCR2,-0.1195808052950909,,0.0
EXOSC10,-0.2012134583563155,,0.0
PPA1,0.0571428571428571,,0.0578327943843342
DHCR7-DT,0.0,,0.0
TINCR,0.0,,0.0
WNT3,-0.8301158301158301,,0.0
DNASE1L3,0.2711527854384996,,0.0
MBLAC1,0.9250965250965252,,0.0
SHF,0.1109762824048539,,0.0330289411295829
LGALS3BP,0.7367898510755653,,0.0
PKIB,0.058246001103144,,0.0242620751611066
RERE,-0.7317153888582459,,0.0
PDHA1,0.0,,0.0
FGB,-0.487699944842802,,0.0
HCAR3,0.8621070049641477,,0.0
C1QA,0.0500827357970214,,0.0
NSF,-0.7667953667953669,,0.0855111056127542
CHAD,0.1558742415885272,,0.0
TOE1,0.4226144511858798,,0.0
GJA4,-0.3127413127413128,,0.0
PCGEM1,0.0,,0.0
LOXL2,-0.1215664644236073,,0.0
SESN1,-0.4261445118587975,,0.0
PPP2CB,-0.3785990071704357,,0.0476742896778072
ZNF567,-0.1585217870932156,,0.0100426755650221
NPSR1,0.6131274131274131,1,0.0
SRGAP1,-0.7195808052950909,,0.0774892769810857
AMD1,-0.7496966354109211,,0.0494071994151036
ARMCX5-GPRASP2,0.0,,0.0
GPRASP3,0.0,,0.0
CD22,-0.5190292333149475,,0.0
RFC1,-0.8086045228902372,,0.0
PRPH,0.334473248758963,,0.0
TNFRSF8,-0.648869277440706,,0.0
SUPT3H,0.5523441809156096,,0.0
GIP,0.6690568119139548,,0.0
LRP4,-0.6868174296745726,,0.0821924086230652
TMEM123,0.5457253171538885,,0.0759113946418406
EIF4EBP1,0.4915609487038059,,0.0
GPT2,-0.4693877551020408,,0.0
KRTAP24-1,0.7512410369553226,,0.0
CASP5,0.1394373965802537,,0.0
PAX5,-0.8370656370656371,,0.0
SLC26A4,0.702592388306674,,0.0
CUL4B,0.0,,0.0
MICB,0.1343629343629344,,0.0
KCNK2,-0.4088251516822945,,0.0
IRS2,-0.0498621070049641,,0.0
SYT7,-0.6289023717595146,,0.0
BOP1,-0.0956425813568671,,0.0
PTRH1,0.605184776613348,,0.0
EMP2,0.8857142857142857,,0.0
NR4A1,-0.419415333701048,,0.0
BDKRB2,0.9557639271924988,0,0.0
PSPC1,-0.7125206839492554,,0.0
GPI,-0.1858797573083287,,0.1151780438958548
AGO2,-0.9938223938223938,,0.0
ISOC1,0.5682294539437396,,0.0
HOOK1,0.0023166023166023,,0.0
CGB5,0.0273579702151129,,0.0
RAB38,0.3734142305570878,,0.0
IRAK1,0.0,1,0.0
LRRC4,-0.7312741312741313,,0.0
DTNA,-0.663099834528406,,0.1052288539971859
ARFGEF2,-0.8047435190292334,,0.0
SNW1,-0.946607832322118,,0.0
DCP1B,-0.0453392167677881,,0.0
EXT1,-0.8553778268063983,,0.0
ARL2,-0.0574738003309431,,0.0
CD5L,0.3141753998896857,,0.0
ADH4,0.1949255377826806,,0.0
CCDC93,0.0305570876999448,,0.0
MT1M,0.8993932708218422,,0.109529564576902
RNASE2,0.9231108659680088,,0.0
DNMT3B,-0.7992277992277992,,0.0
PLIN3,0.4050744622173194,,0.0
ERLIN2,-0.4319911748483177,,0.0495563655798957
GLYAT,0.9435190292333148,,0.0
CLDN11,-0.8467733039161611,,0.0661698761507659
TMT1A,0.3384445670159957,,0.0382674270963706
ERMARD,0.0469939327082185,,0.0
FHIT,0.7257584114726972,,0.0
PDCD4,0.7782680639823496,,0.0
PRF1,0.6373965802537231,,0.0
L2HGDH,-0.1676778819635962,,0.0
HAS3,-0.3160507446221732,,0.0
NEBL,0.1266409266409267,,0.0
IL26,0.5608383894098179,,0.0
PARVG,0.1287369001654716,,0.0
BRD3OS,0.0,,0.0510457206836844
RIDA,0.6410369553226696,,0.041264271192339
PIK3R5,-0.7499172642029786,,0.0
CCN6,0.1588527302813016,,0.0
HPD,-0.2136789851075565,,0.0
VSX1,0.7862107004964147,,0.0
KRTAP13-3,0.9552123552123551,,0.0
ANKMY2,-0.0952013237727523,,0.0706560877894617
ENC1,-0.4993932708218422,,0.0841912551105899
SPMIP7,0.5654715940430226,,0.0
NUAK1,-0.5234418091560948,1,0.0
TTC3,-0.2259238830667401,,0.0370621309964579
ARHGAP26,-0.697407611693326,,0.0
DIP2B,-0.7427468284611142,,0.051068123659448
ANKRD18A,-0.1678985107556536,,0.0
PLEKHB1,0.3180364037506895,,0.0516057208167332
SPG7,0.714396028681743,,0.0
DIP2A,-0.5469387755102041,,0.0
SVOP,-0.865526751241037,,0.0555127411936288
SLC18A3,0.4059569773855489,,0.0
CTBS,0.2087148372862659,,0.0
CCL4L2,0.6456701599558743,,0.0
KARS1,-0.1495863210148924,,0.0
HPF1,0.5333701047986763,,0.0277720565959693
LURAP1L,0.6038610038610039,,0.0
EPHB4,-0.5110865968008825,0,0.0
FIBP,0.0706012134583562,,0.0401329461426573
AADAT,-0.5387755102040817,,0.0
SLC7A5,-0.5571980143408715,,0.0
GLB1,-0.0531715388858246,,0.0
BRCA2,-0.2824048538334253,,0.0
DVL1,0.1430777716492002,,0.0256237859451305
CADM1,-0.7693325979040264,,0.0
EGR3,-0.7995587424158852,,0.0
RTN4IP1,-0.0304467733039162,,0.0570320554626615
STK11,-0.8335355763927192,,0.0
MCM3AP,-0.3352454495311638,,0.0373330269061278
TTBK2,-0.8666298952013238,1,0.0809987856022287
C10orf90,0.1181467181467181,,0.0
NFKBIE,-0.4959735245449531,,0.0
HELLS,-0.5851075565361279,,0.0
STT3B,-0.7093215664644237,,0.0
MRPS30,0.4458907887479315,,0.0324126710501256
PTPRT,-0.8013237727523441,,0.0349901728610973
STXBP1,-0.9945945945945946,,0.0422061316279393
SMPD3,-0.5695532266960839,,0.0
DNM1,-0.7752895752895753,,0.0934248935501842
TAB2,-0.990292333149476,,0.0
POMK,0.2701599558742416,,0.0
NEIL3,0.1514616657473799,,0.0
PTPN5,-0.5953667953667954,1,0.0
MSMB,0.7395477109762825,,0.0
TSHZ3,-0.9148372862658576,,0.0
RP1,0.6455598455598455,,0.0
LIPT1,0.3730832873690017,,0.0
IL13RA1,0.0,,0.0184876512134456
CUL5,-0.6809707666850524,,0.0
PPIL2,-0.2413678985107556,,0.0
PROX1,-0.9423055708769994,,0.0
CDHR5,0.6699393270821843,,0.0
GPD1,-0.1353557639271925,,0.0
KDM5D,0.0,,0.0
CCR10,0.7665747380033094,1,0.0
GSDME,0.3039161610590182,,0.0122341358095838
GET4,0.3019305019305018,,0.0
FGF7,-0.5146166574738003,,0.0
RELCH,-0.827027027027027,,0.0
AATK,0.7284059569773855,,0.0
IGHD1-14,0.0,,0.0
ADM,-0.5938223938223939,,0.0
ABR,-0.7603971318257032,,0.0
CSNK1D,-0.6750137892995036,1,0.0
CDSN,-0.3334804191947049,,0.0
ADGRL2,-0.885273028130171,,0.0
GAB1,-0.6851627137341423,,0.0371534064070973
SPN,0.7076668505239934,,0.0
SLC25A15,0.1066740209597352,,0.0
ENSG00000289715,0.0,,0.0
BCKDK,-0.195146166574738,,0.0450719035663388
SDR42E1,0.8510755653612796,,0.0
PSPH,0.1723110865968009,,0.0
FGG,-0.6258135686707116,,0.0
HAND1,0.3719801434087149,,0.0
RPL21,0.0,,0.0
IL23R,-0.382680639823497,,0.0
TOX,-0.8664092664092664,,0.0
CLYBL,0.370546056260342,,0.0
SMS,0.0,,0.0
PLA2G4E,0.0666298952013237,,0.0
ACOX3,0.2547159404302261,,0.0
HBB,0.9908439051296194,,0.0
PIK3R3,0.7075565361279648,,0.0
MSX1,0.4993932708218422,,0.0647244725020794
OPN3,0.3346938775510204,,0.0644623203460772
CCL14,0.7630446773303916,,0.0
PNRC1,-0.4175399889685603,,0.0
SLC30A6,0.0536127964699393,,0.0
OR5B12,0.0,,0.0
PRMT1,-0.94561500275786,1,0.0
UROD,-0.0939878654164368,,0.0
NFATC4,-0.6891340319911748,,0.0
MEOX2,-0.356646442360728,,0.0
NTSR1,0.4671814671814671,1,0.0
IFI6,0.7928295642581358,,0.0
CALHM3,0.2282404853833426,,0.0
KIF5C,-0.9249862107004964,,0.0
CHI3L2,0.453723110865968,,0.0
CELF2,-0.8918918918918919,,0.0
FXYD1,-0.2386100386100386,,0.0
SFRP2,-0.1474903474903475,,0.0304259702116402
MYH11,-0.8175399889685604,,0.0163327207825811
IDH3A,0.2173193601765031,,0.050393636236917
RNF144A,-0.631880860452289,,0.0
LIPF,0.2948703805846662,,0.0
BBS4,-0.0279095421952564,,0.0
KLF6,-0.9921676778819636,,0.0178221040072159
OSTM1,0.6264754550468836,,0.0
REG1B,0.6208494208494209,,0.0
HECTD4,-0.89288472145615,,0.0
SPP2,0.7714285714285714,,0.0
IMP4,0.173965802537231,,0.0
DCLK2,-0.6595697738554882,1,0.0
POC1B,-0.0014340871483728,,0.0
TMBIM4,0.8292333149476006,,0.0
DPP9,-0.5094318808604523,1,0.0
TACR3,0.4013237727523442,1,0.0
EIF4A2,-0.8885824600110315,,0.0
EIF4A1,-0.8572531715388858,0,0.0
PLB1,0.2540540540540541,,0.0
SLC25A37,-0.1886376172090458,,0.0
FBXW7,-0.967015995587424,,0.0
WASF1,-0.8856039713182571,,0.0
MDM4,-0.9813568670711528,,0.0706666662200615
AMZ1,0.9110865968008826,,0.0
CD69,-0.1870932156646442,,0.0
PSPN,0.9554329840044128,,0.0
MRPL28,0.555984555984556,,0.0
AP3B2,-0.6662989520132377,,0.0
BMP2,-0.9479316050744622,,0.0
PRKACA,-0.8567015995587424,,0.0
STXBP3,-0.3280750137892995,,0.0
BPIFA2,0.271042471042471,,0.0
KDM6B,-0.9499172642029784,1,0.0
TRIM32,-0.3960286817429674,,0.0
CHRNB1,0.1450634307777165,,0.0
COG3,-0.875896304467733,,0.0395633991606488
SH3PXD2A,-0.8195256480970767,,0.0
EYA4,-0.6494208494208494,,0.0
MCM4,-0.2777716492002207,,0.0
METTL1,-0.3086596800882515,,0.0
LSM11,-0.0670711527854385,,0.0107032705048123
ATP6V1G2,0.3186982901268615,,0.1071934263050447
KCNF1,-0.5940430226144512,,0.0
SELENOW,0.8236072807501378,,0.0
SLC35G2,0.1131825703254274,,0.0719920607497533
EPC1,-0.9371207942636516,,0.110781436653793
PJA2,-0.7082184225041368,,0.0253839462809015
FGD4,-0.6688361831218974,,0.070147210706971
S100P,0.938665195808053,,0.0
RCBTB1,-0.3651406508549365,,0.0311274452414249
ST18,-0.6270270270270271,,0.0359939732910841
TICAM1,0.8496414782129067,,0.0
CACNG2,-0.9092112520683948,,0.024850042517038
VSIR,-0.5822393822393823,,0.0
FOXA2,-0.66861555432984,,0.0
SH2D3A,0.4980694980694979,,0.0
GPR34,0.0,,0.0
ANG,0.7908439051296194,,0.0
MAD2L2,-0.2772200772200772,,0.0
EIF5A2,0.5118587975730833,,0.0120617876981147
NEUROD2,-0.1241036955322669,,0.0
ORAI1,0.4418091560948705,,0.0
HLA-DQB1,0.8679536679536679,,0.0
NBEAL2,-0.5163816878102592,,0.0
GGTLC2,0.4400441257584115,,0.0
GLI3,-0.8888030888030888,,0.0
CYP2E1,-0.0938775510204081,,0.0
MAP7D1,-0.5872035300606729,,0.0
PFN1,-0.8685052399338113,,0.0
CD48,0.5216767788196359,,0.0
ECRG4,0.7007170435741865,,0.0
ZNF415,0.5021511307225592,,0.0457748504146485
BDKRB1,0.8824048538334253,1,0.0
MAZ,-0.845780474351903,,0.0
SLC38A2,-0.8801985659128516,,0.0289502887448274
SMAD7,-0.7530060672917815,,0.0
OTC,0.0,,0.0
LATS2,-0.6970766685052399,,0.0730587784932471
DSCAM,-0.9017098731384444,,0.0
CBLC,0.1631549917264203,,0.0
FAM168A,-0.9200220628792056,,0.0
MRPL48,-0.2452289023717595,,0.0
LILRB1,0.1966905681191395,,0.0
POLR2E,0.6979591836734693,,0.0
ZG16,0.1366795366795365,,0.0
GABPB1,-0.5718698290126862,,0.0
ELAVL3,-0.7817981246552675,,0.0601722235455067
MCAM,-0.1728626585769442,,0.0
SGPP1,0.2853833425261995,,0.0
ST14,-0.5817981246552675,0,0.0
SRSF1,-0.9722007722007722,,0.0
IL1R2,0.5936017650303365,,0.0
CES1,0.480750137892995,,0.0
ADAMTS15,-0.570876999448428,,0.0
MAP1A,-0.9039161610590182,,0.0
LRRC75A,-0.046773303916161,,0.0
GAL3ST2,0.8800882515168229,,0.0
PCBP3,-0.431218974076117,,0.0
GARNL3,-0.64434638720353,,0.0
NONO,0.0,1,0.0
LRRC17,0.1291781577495863,,0.0
EVC,0.2904578047435191,,0.0
MAGEE2,0.0,,0.0
MT1F,0.8499724214009929,,0.0412348626654552
SDHA,-0.3091009376723662,,0.0
MS4A14,0.7158301158301159,,0.0
UBAC2,-0.1890788747931605,,0.017333009101568
TFPI2,0.5474903474903474,,0.0
SERPINC1,-0.7512410369553226,,0.0
CCN1,-0.6787644787644788,,0.0
FMO3,0.5266409266409267,,0.0
GPATCH8,-0.9217870932156648,,0.0134812334215557
CCIN,-0.4600110314396028,,0.0
PRPH2,-0.3302813017098731,,0.0
CD320,0.6768891340319911,,0.0
TNFSF15,0.0294539437396579,,0.0
MT1G,0.7044677330391615,,0.0384905214130407
MINDY3,-0.3901820187534474,,0.0
GOLM2,-0.5180364037506895,,0.0
COLEC12,-0.5682294539437396,,0.0381419520754582
PGAM5,0.6000000000000001,,0.0
COL18A1,0.0565912851627137,,0.0
LRFN2,-0.3947049089906232,,0.0
OXCT1,-0.6646442360728075,,0.0625051831630891
SYT4,-0.8723662437948152,,0.0229193630120754
EXOC3L2,-0.4528405956977386,,0.0
MT1X,0.5672366243794815,,0.0406335467126551
PADI4,0.076558190843905,1,0.0
MT1H,0.6528405956977386,,0.0405557300327191
FNTA,0.626696083838941,,0.0
POT1,-0.1694429123000551,,0.0086803147529123
FAM3C,-0.105019305019305,,0.0
MARCHF5,-0.802426916712631,,0.0
CAPZA1,-0.863099834528406,,0.0
GALNT13,-0.388527302813017,,0.0
ROS1,0.0423607280750137,0,0.0
FAR1,-0.5748483177054606,,0.0
GDAP1,-0.0093767236624379,,0.0130065376337854
YDJC,0.9530060672917816,,0.0
QNG1,0.2660783232211803,,0.0740008301865069
CLK1,-0.3238830667402096,1,0.0
DNAJA2,-0.9182570325427468,,0.0
TAP2,-0.2177606177606177,,0.0
ERBB3,-0.441588527302813,0,0.0472298417052597
HNMT,0.7270821842250415,,0.0
AKT3,-0.7060121345835632,1,0.0
PTPRK,-0.6774407060121346,,0.0233951128090911
ZNF778,0.9207942636514066,,0.0
ZAP70,-0.5399889685603971,,0.0
SLC25A24,0.2415885273028131,,0.0
TIMM8B,0.7157198014340871,,0.0
BARHL1,-0.7734142305570877,,0.0
IMMP2L,0.8250413678985107,,0.0
MT1A,0.7870932156646442,,0.0
NT5DC3,-0.4236072807501378,,0.0
HLA-C,0.9918367346938776,,0.0
GPR158,-0.4659680088251516,,0.072821466556905
TNS1,-0.7446221731936018,,0.1472215967454322
IL11,0.8460011031439603,,0.0
TSC2,-0.9547710976282404,,0.0690438622614233
PDE3B,-0.0232763375620518,,0.0
MAP2K6,-0.5222283507997794,,0.0
HGFAC,0.7613899613899613,,0.0
TG,-0.1335907335907336,,0.0
CDH20,-0.6527302813017098,,0.0
RAB34,0.3196911196911196,,0.0
TSPAN6,0.0,,0.0350684587970894
UBE2C,0.1898510755653613,,0.0
BEX1,0.0,,0.0089954135551576
PIMREG,0.2897959183673468,,0.0
GOLGA6A,-0.8651958080529509,,0.0
MAD1L1,0.4257032542746828,,0.0
IREB2,-0.8069498069498069,,0.0
ASIC3,0.0902371759514617,,0.0
MT1E,0.7500275785990071,,0.0302227578989979
DGUOK,0.2573634859349145,,0.0
C6orf52,0.8396028681742966,,0.0
KLF8,0.0,,0.0
SPRR2B,0.9577495863210148,,0.0
EPB41L2,-0.6732487589630447,,0.0
PLA2G4D,0.1350248207391065,,0.0
LAMC3,-0.1023717595146166,,0.0
CCR1,0.9594043022614452,1,0.0
RORC,-0.8450082735797022,1,0.0
IL17F,0.2475455046883619,,0.0
PARL,0.4582460011031439,,0.0
LRRC14B,0.976392719249862,,0.0
ITK,-0.5128516271373414,1,0.0
RPS3A,-0.8939878654164368,,0.0
ENHO,0.9028130170987314,,0.0
CLN5,0.3846662989520133,,0.0
MCMDC2,-0.2531715388858245,,0.0
TMEM230,0.4929950358521786,,0.0
POMGNT1,-0.2611141753998897,,0.0
ITIH4,-0.2323221180364038,,0.0
SRI,0.5382239382239382,,0.043699912969351
NDUFAF7,0.5530060672917816,,0.0
SGTA,-0.371207942636514,,0.0
DUSP8,-0.263430777716492,,0.0490004254266943
GPER1,0.9290678433535576,0,0.0298724983320476
MXI1,-0.2238279095421952,,0.0412888033870714
GJC2,0.7438499724214009,,0.0
RAET1E,0.7472697186982902,,0.0
GCAT,0.1397683397683398,,0.0
PARP3,0.0557087699944842,,0.0
CD209,-0.0391616105901819,,0.0
TAS2R38,0.3546607832322117,,0.0
TMEM11,-0.9106453392167678,,0.0
SIX4,-0.4708218422504137,,0.0
SIRPB1,0.3749586321014893,,0.0
LDHA,-0.5516822945394374,,0.0
EID1,-0.6398234969663541,,0.0
SFRP5,0.4066188637617209,,0.0
SELENBP1,0.6044125758411472,,0.0136378588633196
LATS1,-0.8719249862107005,,0.0353803791946806
MCTS1,0.0,,0.0
INA,0.6707115278543849,,0.0999386357892367
RYK,-0.7331494760066188,,0.0
ARPP21,-0.4209597352454495,,0.0398818330830492
CYP21A2,-0.1000551571980143,,0.0
SENP1,-0.7661334804191947,,0.0
HOXD10,-0.2781025923883067,,0.0
RN7SK,0.0,,0.0
YARS1,-0.3910645339216767,,0.0439786340474219
ASTN1,-0.8041919470490899,,0.0462778136874748
SYTL2,-0.0414782129067843,,0.0118172535661921
CD300C,0.1378929950358522,,0.0
IGSF3,-0.895311638168781,,0.0
POU5F1,-0.8729178157749586,,0.0
ADCY1,-0.8490899062327634,,0.050648135967793
LONP1,-0.742084942084942,,0.0437978153995815
POU5F1P3,0.0,,0.0
SLC2A12,-0.227357970215113,,0.0
TPI1,-0.6178709321566465,,0.07242281228911
ESM1,-0.1835631549917263,,0.0
BAZ2A,-0.9396580253723112,1,0.0
F2,-0.629453943739658,0,0.0
POU5F1P4,0.0,,0.0
TEX22,0.9564258135686708,,0.0
C3orf18,0.6222835079977938,,0.0
TRPC1,-0.5259790402647546,,0.0
EFEMP2,-0.6207391064533921,,0.0602050689781928
F13A1,-0.3905129619415334,,0.016578361545401
MMP21,0.4147821290678433,,0.0
MTSS2,-0.4881412024269167,,0.0094151981927358
KLF15,-0.7803640375068946,,0.0699364343209644
IL20RA,0.2246001103143959,,0.0
ERCC3,-0.2917815774958632,,0.0543832640779956
FAP,-0.1340319911748483,,0.0
TMEM63A,-0.2231660231660232,,0.0
SLC49A4,-0.0500827357970214,,0.0
GBA3,0.0,,0.0
RIMBP3C,0.0,,0.0
ECD,-0.1405405405405405,,0.0
HRH2,-0.7637065637065636,1,0.0
ANTXR1,-0.8493105350248207,,0.0538908016947346
KPNA1,-0.8970766685052399,,0.0221944472561229
USP16,0.0658576944291229,1,0.0
IL27,-0.4328736900165472,,0.0
NAGLU,0.1128516271373414,,0.0
QRFP,0.6645339216767787,,0.0
C21orf58,0.7123000551571981,,0.0
C11orf16,0.150027578599007,,0.0
DUSP9,0.0,,0.0
RNF213,-0.4455598455598455,,0.0
LANCL2,-0.2126861555432984,,0.0
TBC1D8,-0.4504136789851075,,0.0
ANK2,-0.9089906232763376,,0.0666609187206111
NEDD4,-0.1894098179812465,,0.0
ENPP4,-0.2296745725317154,,0.0185147993496388
APOH,0.7114175399889686,,0.0
UCA1,0.0,,0.0
TAX1BP1,-0.307446221731936,,0.0
NOP56,-0.4059569773855488,,0.0
EP400,-0.8323221180364038,,0.1655366671869712
GLUD1,-0.3693325979040265,,0.0585607121269439
NCEH1,-0.656150027578599,,0.0
DLST,-0.7015995587424159,,0.0
UGT8,-0.7519029233314948,,0.0407769527103443
EIF2S1,-0.9110865968008826,,0.0
ARL6IP1,-0.4614451185879757,,0.0
METTL2A,0.4426916712630999,,0.0
DDX4,-0.8531715388858245,,0.0
ACLY,-0.7934914506343078,,0.0
WIF1,-0.0753447324875896,,0.0377110073994109
SLC25A21,0.7145063430777716,,0.0
ALG1,0.6207391064533923,,0.0
NLRP12,0.5464975179260894,,0.0
MT1B,0.1083287369001655,,0.0
HOTAIR,0.0,,0.0
MT1JP,0.0,,0.0
MT1IP,0.0,,0.0
ADCYAP1R1,-0.2903474903474903,,0.0
KDM5C,0.0,,0.0
SLAIN2,-0.2170987313844457,,0.0
CETN3,0.8206287920573634,,0.0
PCSK6,-0.1024820739106453,0,0.0
HIRIP3,0.0818532818532817,,0.0
VAV3,-0.2183121897407611,,0.0
NEUROG2,0.6473248758963044,,0.0
DDX3X,0.0,,0.0
DLK1,-0.7288472145615003,,0.0
STX16,0.0141202426916713,,0.0
MSH2,-0.4754550468836183,,0.0
DAB2IP,-0.7880860452289024,,0.0
GFRA1,-0.7450634307777164,,0.0
PMP2,0.6910093767236625,,0.1447500925381784
RPL6,-0.9695532266960838,,0.0
SETX,-0.7494760066188637,,0.0380426061403746
TFIP11,0.0914506343077772,,0.0
NRDC,-0.6843905129619415,,0.0
TBP,-0.7847766133480419,,0.0
OR5B2,0.0,,0.0
PEAK1,-0.6642029784886927,,0.0
TRAF5,-0.0523993381136238,,0.0153918821648043
CYP2B6,0.1396580253723109,,0.0
NDOR1,0.3261996690568118,,0.0
PAK3,0.0,1,0.0
EXOSC9,0.2683949255377826,,0.0
PSMA6,-0.9890788747931604,,0.0
SLC10A5,0.9238830667402096,,0.0
LILRB3,-0.2414782129067842,,0.0
ARG2,-0.3177054605626034,,0.0
HIP1,-0.6038610038610039,,0.0
ADI1,0.799338113623828,,0.0
XRCC1,-0.3290678433535576,,0.0
XPA,0.1789299503585217,,0.0
ERCC4,0.0260341974627689,,0.0
CKM,0.2131274131274132,,0.0
ATE1,-0.4536127964699393,,0.0
OPRK1,-0.1060121345835631,1,0.0
CNN1,-0.2675124103695532,,0.0
DNAAF4,0.0890237175951462,,0.0
DNAH5,-0.3436293436293436,,0.0
RNF103,-0.7211252068394925,,0.0271956085260849
NDST3,-0.4360728075013789,,0.0
TIGIT,-0.0688361831218974,,0.0
RXFP1,-0.0036403750689465,0,0.0205146699227514
PHYH,0.3109762824048538,,0.0105727774829355
DUOX2,0.3405405405405406,,0.0
ACBD6,0.1277440706012134,,0.0
HECTD2,-0.6497517926089355,,0.0
MLX,-0.4437948152233867,,0.0
FANK1,0.4766685052399337,,0.0
POLR1C,0.4677330391616106,,0.0
ATG7,0.0291230005515719,,0.0
HORMAD1,-0.3710976282404854,,0.0
EPOR,-0.3055708769994484,,0.0241508574387592
PRR30,0.9043574186431328,,0.0
PGR-AS1,0.0,,0.0
PLIN1,0.3904026475455047,,0.0
PORCN,0.0,,0.0418967531996233
RTN1,-0.5427468284611141,,0.0
CEBPZOS,0.0,,0.0
SCT,0.997242140099283,,0.0
AFP,-0.010369553226696,,0.0
RGS7,-0.7177054605626034,,0.0572085099814448
CXXC5,-0.8300055157198014,,0.0
WNT1,-0.0197462768891339,,0.0
NDUFB5,0.7247655819084391,,0.0561319213643379
MAPRE3,-0.9752895752895752,,0.0
NME7,0.3844456701599559,,0.1144689892797888
MYOT,-0.0778819635962493,,0.0
DLL4,-0.9581908439051297,,0.0
C1QB,0.0560397131825702,,0.0
GABARAPL1,-0.3848869277440706,,0.0
ACACB,-0.2169884169884169,0,0.1456143844285861
ZNF423,-0.9586321014892444,,0.0582676647819523
ITGAV,-0.2754550468836183,0,0.0412465869055809
ZNF526,-0.5106453392167678,,0.0
MOBP,-0.5059018201875345,,0.0795634360631741
CAMTA2,-0.6757859900717044,,0.0
NELFE,-0.4946497517926089,,0.0
SERPINA6,0.0697186982901267,,0.0
PEX7,-0.0490899062327633,,0.0
ERBIN,-0.6586872586872587,,0.1448914534923567
PPP2R2B,-0.9707666850523994,,0.0345999944587116
LELP1,0.966354109211252,,0.0
FLOT1,-0.1758411472697186,,0.0
TJP3,0.1688913403199117,,0.0
CHD6,-0.9437396580253724,,0.0
SUFU,-0.947600661886376,,0.0
PGBP,0.0,,0.0
RBP7,0.6122448979591837,,0.0
KLK12,0.7190292333149475,,0.0
CCDC116,0.3302813017098731,,0.0
DHX40,-0.6098179812465527,,0.0
CERS4,0.664864864864865,,0.0
LMNB2,-0.7961389961389962,,0.0
TAP1,-0.1606177606177605,,0.0
HSPA13,0.0633204633204633,,0.0
AGTRAP,-0.2258135686707115,,0.0
BBC3,0.5038058466629896,,0.0
COPG2IT1,0.0,,0.0946890209311459
LTO1,0.9091009376723662,,0.0
ATG14,-0.375399889685604,,0.0
NCOA4,-0.5039161610590182,,0.0
SLC33A1,-0.6268063982349696,,0.0
GBP1,0.2645339216767788,,0.0332719347439649
SPRR1B,0.8888030888030889,,0.0
PCDHGA5,-0.295973524544953,,0.0
CHST3,0.2655267512410368,,0.0
GLRX,0.7328185328185328,,0.0
CD9,-0.6263651406508549,,0.0554944108216498
CFAP73,0.5648097076668506,,0.0
PHF2,-0.8638720353006067,,0.0
VSIG4,0.0,,0.0
ENDOU,0.2232763375620519,,0.0
GCLC,-0.790954219525648,,0.0
SMAD2,-0.9243243243243244,,0.0
CTSG,0.5960286817429674,,0.0
TCF12,-0.5565361279646994,,0.0565362624907094
ELOVL2,0.546938775510204,,0.0
FMN2,-0.677661334804192,,0.0
CBLIF,-0.1783783783783783,,0.0
TNFRSF10D,-0.0885824600110314,,0.0
DEFA1,0.0,,0.0
HEXA,-0.0384997242140099,,0.0
TGFB3,-0.9245449531163816,,0.0
IL9R,0.0,,0.0
RRBP1,-0.4309983452840595,,0.0
ACP2,-0.2804191947049089,,0.0271888877012664
ELAVL1,-0.9779371207942636,0,0.0
SLC2A4RG,0.0174296745725317,,0.0
CBR1,0.6216216216216217,,0.0
DBI,0.8207391064533922,,0.0
S1PR5,0.0,,0.0
FBLN5,-0.5943739658025372,,0.0
IL12RB2,0.0803088803088802,,0.0
HSD11B1L,0.6339768339768339,,0.0
AHSG,0.1364589078874793,,0.0
GPM6A,-0.8360728075013789,,0.0
GSS,-0.2548262548262548,,0.0433182741477703
PPBP,0.792719249862107,,0.0
DNAJC10,0.1943739658025371,,0.0293804608716336
ADPGK,-0.0538334252619966,,0.0
TRIM63,0.5402095973524546,,0.0
RAMP3,0.7988968560397132,,0.0
GPR174,0.0,,0.0
DMD,0.0,,0.0264100437166235
CCNE2,-0.6476558190843905,,0.0
CHMP4B,-0.9519029233314948,,0.0279832296288626
DCHS2,-0.1015995587424158,,0.0
MAMDC2,-0.1926089354660782,,0.0
GRB14,-0.0506343077771649,,0.0157507142081287
HNRNPA1L2,0.1117484831770545,,0.0
PGS1,0.0506343077771649,,0.0
MT-ND4,0.0,0,0.0
TRIM13,-0.2576944291230005,,0.0187217046617779
BIRC3,-0.6402647545504688,0,0.0
GLRX3,0.9044677330391616,,0.0
KRT17,-0.1682294539437396,,0.0
CTHRC1,0.2786541643684501,,0.0
GP1BB,0.94980694980695,,0.0
MIDN,0.1361279646993933,,0.041974617636396
RPS25,-0.8107004964147821,,0.0
DRP2,0.0,,0.0
EIF2B1,0.1662437948152233,,0.0300835581745905
KLHL30,0.7699944842801987,,0.0
CIB1,0.4314396028681744,,0.0
PTGES2,0.367788196359625,,0.0
MAS1,0.8966354109211252,,0.0
FLNC,-0.7677881963596249,,0.0
DCC,-0.7792608935466079,,0.0
IFIT1,0.728626585769443,,0.0239486553965073
NPY4R,0.753888582460011,0,0.0
NPY4R2,0.6606729178157749,,0.0
DEFA1B,0.0,,0.0
PIP4P2,-0.2409266409266409,,0.0
FAM107B,-0.1073359073359073,,0.1412417665906051
CD80,-0.2557087699944843,,0.0
CYBA,0.8070601213458357,,0.0
C1QL3,-0.3032542746828461,,0.0
LMAN2,-0.363596249310535,,0.0
VGLL4,-0.2555984555984556,,0.0909117428129706
TDG,-0.2676227247655819,,0.0
ATOX1,0.570876999448428,,0.0
DCAF1,-0.9671263099834528,1,0.0
TBC1D24,0.4071704357418644,,0.0
MFN1,-0.0250413678985107,,0.0258593009291807
SLC8A2,-0.8600110314396029,,0.0
GYPA,0.801765030336459,,0.0
BDH1,0.3728626585769443,,0.0628236849601843
F13B,-0.1310535024820739,,0.0
MC1R,0.960507446221732,0,0.0
PSMA2,-0.9281853281853282,,0.0
SDF4,-0.1613899613899614,,0.0817778014310469
SMO,-0.4279095421952564,1,0.0
NRARP,0.8340871483728627,,0.0
KLRB1,-0.0303364589078874,,0.0
ENSG00000300510,0.0,,0.0
PYGO2,-0.4783232211803641,,0.0
ELL3,0.0899062327633757,,0.0
WTAP,-0.851296194153337,,0.0
CLRN1,0.3442912300055156,,0.0
ADAM3A,0.0,,0.0
ADAM3A,0.0,,0.0
HSD3B2,0.63849972421401,,0.0
KRT88P,0.0,,0.0
ASIC1,-0.722338665195808,,0.0
SBNO2,0.0875896304467733,,0.0
OTOF,0.0869277440706011,,0.0
SKIL,-0.6602316602316602,,0.0
SBNO1,-0.9669056811913956,,0.0
SUN2,-0.3567567567567568,,0.0
INHBE,-0.0732487589630447,,0.0
FGF12,-0.0634307777164919,,0.0425362431226149
IGHM,0.0,,0.0
FDPS,-0.3751792608935466,1,0.0216055209947256
KCNJ12,-0.8285714285714285,,0.0
MAS1L,0.9545504688361832,,0.0
NR1I3,0.0838389409817981,,0.0
MSRA,0.9964699393270822,,0.0
PRKAR1B,-0.4544953116381688,,0.0435120124467962
CPEB1,-0.9683397683397684,,0.0
SETD1A,-0.90292333149476,,0.0
ART4,-0.1277440706012135,,0.0
UPF1,-0.9884169884169884,,0.0
DLG3,0.0,,0.0
CNTNAP4,-0.2365140650854936,,0.0
MRPL43,0.6127964699393271,,0.0
ACTR1A,-0.8569222283507998,,0.0425264720295675
IFIT2,0.8708218422504137,,0.0
TRIM64C,0.2714837286265859,,0.0
MC4R,0.5513513513513513,1,0.0
BCL11B,-0.728626585769443,,0.0099449909464146
CXADR,-0.3652509652509652,,0.0
DMXL2,-0.8386100386100386,,0.0383389885721055
HRH1,0.1910645339216767,0,0.0
BMP7,-0.6632101489244346,,0.0349451128150861
ARR3,0.0,,0.0
CXADRP1,0.0,,0.0
FUT4,0.4091560948703805,,0.0
UFC1,0.1436293436293436,,0.0537706991850491
CRHBP,-0.3397683397683397,,0.0
SCAMP3,-0.1488141202426917,,0.0
KMO,-0.3586321014892443,,0.0
MED28,0.7939327082184224,,0.0
LYPD6,0.1969111969111969,,0.0
ATG9A,-0.8599007170435742,,0.0
ANTXR2,0.0207391064533921,,0.0
TRIM9,-0.7874241588527303,,0.0
CHCHD2,0.7354660783232212,,0.0
CPAP,-0.0461114175399889,,0.0
ITGA6,-0.6664092664092665,,0.0390240635260747
GDPD3,0.3537782680639822,,0.0
PDE1B,-0.8182018753447324,1,0.0
NOCT,-0.3598455598455599,,0.0
IGHG2,0.0,,0.0
SLC9A1,-0.7162713734142305,1,0.0
RAB11A,-0.5982349696635412,,0.0563723705034576
ATP5MC3,-0.2023166023166023,,0.0739572422759248
RPL13,-0.9232211803640376,,0.0
EBF3,-0.8430226144511859,,0.0
PPP1R15A,0.2188637617209046,,0.0
EIF2S3,0.0,,0.0
KIAA0825,-0.0450082735797021,,0.0
WDR1,-0.741092112520684,,0.0
SMARCA5,-0.9429674572531715,,0.0
GAA,0.0689464975179261,0,0.0
ABCC12,0.0991726420297849,,0.0
IL17RB,0.2688361831218975,,0.0371939259232937
SLC31A1,-0.5866519580805295,,0.0
TEK,-0.829123000551572,1,0.0
SUSD3,0.5453943739658025,,0.0
SSTR1,-0.2736900165471594,0,0.0248831382019996
TDRD10,0.1692222835079977,,0.0
RPPH1,0.0,,0.0
SERPINA4,0.4725868725868725,,0.0
GLA,0.0,,0.0
MRPL23,0.8829564258135687,,0.0308557515693024
OR5L1,0.9266409266409266,,0.0
SYCE3,-0.2841698841698842,,0.0
GPR153,0.4141202426916712,,0.0
WNT8B,-0.0198565912851627,,0.0
EIF2B2,0.4538334252619966,1,0.0
MKNK1,-0.1449531163816878,1,0.048341349554292
BPTF,-0.9965802537231108,1,0.0
TGFA,0.0483177054605625,,0.0179619624942071
KCNMA1,-0.8611141753998897,,0.0
PGD,-0.6292333149476006,,0.0
CLEC1B,0.6735797021511307,,0.0
ST8SIA2,-0.1904026475455047,,0.0132303186260884
CYP3A5,0.1097628240485384,,0.0
KRT6A,-0.3588527302813017,,0.0
CXCL3,0.5917264202978489,,0.0
MB,0.1221180364037506,,0.0
CIAO2A,0.1575289575289575,,0.0
THPO,0.2604522890237175,,0.0
EIF2B4,-0.4532818532818533,,0.0
SP4,-0.8554881412024269,,0.0
QPRT,0.4178709321566465,,0.0
NTF4,0.680750137892995,,0.0
DHX32,-0.0858246001103143,,0.0
MRS2,-0.0484280198565912,,0.0
IFITM2,0.713734142305571,,0.0252801858979502
ARPP19,0.8179812465526752,,0.0397819219230489
LMO3,-0.681081081081081,,0.0
OLFM3,-0.5819084390512962,,0.0317078777014182
SNRPG,0.5905129619415335,,0.0
PCDH11X,0.0,,0.0
SLC27A6,0.5947049089906233,,0.0
MOCS2,0.1762824048538334,,0.0184840337326877
MRAP,0.6382790954219526,,0.0
NKILA,0.0,,0.0
DSC2,-0.3762824048538334,,0.0
MRPS6,0.1284059569773854,,0.0
PRR34,0.0,,0.0
SINHCAF,-0.7789299503585217,,0.0
RBM34,0.2316602316602316,,0.0
ZNF160,0.2313292884721456,,0.0
SENP3,-0.900496414782129,,0.0
ADGRG7,0.3813568670711527,,0.0
ITGB1BP2,0.0,,0.0
RNF39,0.8648648648648649,,0.0
SEL1L2,0.0176503033645891,,0.0
HEPH,0.0,,0.0710782121436742
TCHP,0.2501930501930502,,0.0
BIRC2,-0.8136789851075565,0,0.0
NDUFS3,-0.1934914506343077,,0.0591796428819914
FAT1,-0.6065085493656922,,0.052805284444098
SPRR1A,0.4640926640926641,,0.0
PSMD11,-0.9979040264754552,,0.012747493277791
CDH17,-0.0155543298400441,,0.0
CYP11B1,-0.07865416436845,,0.0
CD244,-0.6874793160507446,,0.0
SFN,-0.6690568119139548,,0.029903581098255
SNAP47,-0.24434638720353,,0.0518275857794499
CRHR2,0.4162162162162162,,0.0
RAD50,-0.1387755102040816,,0.0
GDA,0.3578599007170435,,0.0353909804118926
IL1RN,0.6892443463872036,,0.0
ADAM11,-0.5895201323772752,,0.0
CAD,-0.7848869277440707,,0.0
GALNT2,-0.6713734142305571,,0.0
SBSN,0.1758411472697187,,0.0
NBPF1,-0.8261445118587976,,0.0
KRT5,-0.6461114175399889,,0.0
LUC7L3,-0.9426365140650856,,0.0
SERPINB2,0.1147269718698289,,0.0
CACUL1,-0.5141753998896856,,0.0
UBQLN4,-0.876227247655819,,0.0
SFRP4,-0.1917264202978489,,0.0
ERLEC1,-0.0401544401544401,,0.0657424954591955
GSTM2,0.6205184776613348,0,0.0
RSPO2,-0.4809707666850524,,0.0209348633616676
NAT8B,0.0,,0.0
PCBD1,0.7851075565361281,,0.0
KDM6A,0.0,1,0.0
ASTN2,-0.716492002206288,,0.0
ABI2,-0.5886376172090457,,0.0
COL4A5,0.0,,0.0
STX6,-0.2293436293436294,,0.025559421215396
SLC22A17,0.0158852730281302,,0.0749629846451263
GALNT4,-0.5036955322669608,,0.0
PSMB6,-0.4080529509100937,,0.0728459147931662
NDUFA2,0.5547710976282405,,0.0475046617550149
TSN,-0.8796469939327082,,0.0493388374825218
MLIP,0.2317705460562602,,0.1134832590456405
MUC5AC,0.3453943739658025,,0.0
MITF,-0.7072255929398786,,0.0459078771782326
EPB41,-0.3847766133480419,,0.0
SLC2A14,-0.7669056811913955,,0.0
CYP24A1,0.689134031991175,,0.0
CST4,0.9056811913954772,,0.0
PCNA,-0.7726420297848869,,0.0309260101837177
BGN,0.0,,0.0190681811342125
TSHR,0.0781025923883067,0,0.0
YTHDF3,-0.9082184225041368,,0.0
SEPTIN2,0.0279095421952564,,0.0
DNAI1,-0.1973524544953117,,0.0
PACS1,-0.8867071152785438,,0.0
KDM3A,-0.7209045780474352,1,0.0296562875332803
TLR1,0.5591836734693878,,0.0
MTUS2,-0.6860452289023717,,0.0262546351801501
PADI2,0.5367898510755653,0,0.0
SCG5,0.4108108108108108,,0.0611218258722172
MUL1,0.3837837837837838,,0.0
CBLL2,0.0,,0.0
IL27RA,-0.056480970766685,,0.0
BUB1B,-0.4260341974627689,,0.0
TYRO3,-0.6143408714837286,,0.0
AGRP,0.2185328185328185,,0.0
CDCP1,-0.5673469387755101,,0.0
LDLRAP1,0.206949806949807,,0.0
SNX27,-0.6660783232211804,,0.0446270746736194
CALN1,-0.122007722007722,,0.0150882040814839
ARMCX6,0.0,,0.0
SLCO1B1,0.6259238830667402,,0.0
FBXO2,0.5844456701599559,,0.0
PRMT3,0.343519029233315,1,0.0
BEST3,0.4833976833976834,,0.0
PTBP3,-0.6913403199117485,,0.0
CCNG1,-0.5066740209597352,,0.0
AKNAD1,-0.0971869829012685,,0.0
ACAD9,-0.146938775510204,,0.0
MACROH2A1,-0.9789299503585218,,0.0
NAPSA,0.5169332597904026,,0.0
LTA4H,-0.2447876447876448,1,0.0258546381588059
PLK4,-0.5444015444015444,0,0.0
BCL2L2,-0.1494760066188637,,0.0423677879620988
DGKE,0.0458907887479316,,0.0122341358095838
DNAAF3,0.2990623276337563,,0.0
NHERF1,0.5421952564809707,,0.0
H4C3,0.9846662989520132,,0.0439598153552255
PAM,-0.1829012686155543,,0.0383983890516429
FZD5,-0.6306674020959735,,0.0
NAV2,-0.8965250965250965,,0.0683344923360187
PENK,0.5941533370104799,,0.0218858348338579
MEF2D,-0.8993932708218423,,0.0
STT3A,-0.6777716492002206,,0.0
SLC7A2,0.283507997793712,,0.1216275236954654
YTHDC2,-0.8654164368450082,,0.0
WARS1,-0.7338113623827909,,0.0254967885878754
PMP22,-0.821511307225593,,0.0107520768596798
LAG3,-0.1323772752344181,,0.0
EPHA5,-0.4208494208494209,,0.0278831366150035
GNA13,-0.9154991726420298,,0.0
MARS1,-0.322338665195808,,0.0
OTUD1,0.1151682294539437,,0.0
F11,0.30711527854385,0,0.0
ELK4,-0.1939327082184224,,0.0098331272262791
IGHG4,0.0,,0.0
NEK4,0.3296194153337011,,0.0
SLK,-0.5514616657473801,,0.0
ASH1L,-0.993050193050193,1,0.0
XPNPEP1,-0.6380584666298952,,0.0
ASB9,0.0,,0.0
RECQL4,0.6959735245449532,,0.0
LMLN,0.0504136789851075,,0.0
SP3,-0.9403199117484832,,0.0
MYRF,-0.946938775510204,,0.0
CXCR6,0.6677330391616105,,0.0
PTPRZ1,-0.6921125206839492,,0.0556743843422834
SEPTIN6,0.0,,0.0545405875374757
TBC1D5,-0.1706563706563706,,0.0
CCNC,-0.3867622724765581,,0.0
GFM1,-0.2396028681742967,,0.0
FA2H,-0.3524544953116382,,0.0
SH2B1,-0.8217319360176503,,0.0
RTEL1,-0.4895752895752896,,0.0
PABPC4,-0.8777716492002207,,0.0
TMEM219,0.626365140650855,,0.0
NACA2,0.0995035852178709,,0.0
GRHL2,-0.8298952013237728,,0.0
EDN3,-0.4404853833425262,,0.0
ACTRT1,0.0,,0.0
ZFPM1,0.2549365692222836,,0.0
ADAM33,0.5002757859900717,,0.0562705737417287
LIAS,0.0330943188086045,,0.0
LOXL1,0.1759514616657473,,0.0
CFI,0.1939327082184225,,0.0
CDS1,-0.005515719801434,,0.0358501957419953
POMT1,0.05857694429123,,0.0
HLA-E,-0.3512410369553227,,0.0514386567048385
AQP9,0.3327082184225041,,0.0
ADAMTSL2,-0.4668505239933811,,0.0
CFAP20,-0.3126309983452841,,0.0332777293793723
CDK10,0.5549917264202979,1,0.0321879002444965
INPP5F,-0.2143408714837286,,0.0138344918111717
RHBDD2,0.2750137892995035,,0.0386223096566336
CRTAM,0.292553778268064,,0.0
MSH3,0.1076668505239932,,0.0
ADRA1A,0.553888582460011,0,0.0
SERPINB9,0.3156094870380583,,0.0
PTGR2,0.2661886376172091,,0.0
TWF1,-0.5663541092112521,,0.0423969795032493
ZC3H12A,-0.7520132377275235,,0.0
FTH1,-0.7988968560397132,,0.0
EDNRA,-0.7680088251516823,1,0.0
BRS3,0.0,1,0.0
GPR42,0.9051296194153338,,0.0
ZFPM2,-0.9066740209597351,,0.0358524450569911
ASPH,0.0750137892995035,,0.0349494396531738
VPS18,-0.7583011583011583,,0.0
TRAF3IP2,-0.3327082184225041,,0.0
H2AX,-0.3138444567015995,,0.0449604775417567
RXFP3,0.7086596800882514,0,0.0
SYNPO,-0.5959183673469388,,0.0
EARS2,0.297738554881412,,0.0
CHST15,-0.3761720904578047,,0.0
DAOA,0.6535024820739106,,0.0
SERPINA2,0.0,,0.0
ICOSLG,0.0,,0.0
GPR6,0.2942084942084941,,0.0263198079660294
NEK9,-0.2264754550468836,,0.0
SV2C,-0.4105901820187534,,0.0
ALOX15B,0.4698290126861555,,0.0
GRM3,-0.6976282404853833,0,0.0
LIPE,-0.0638720353006067,0,0.0
C4orf33,0.4075013789299504,,0.0
SPAG5,-0.3430777716492001,,0.0
PDK2,-0.0835079977937121,,0.0
RUFY3,-0.4500827357970215,,0.0
PLOD3,-0.0749034749034749,,0.0
AKT2,-0.7965802537231108,1,0.0
LSM3,0.8806398234969663,,0.0144479538677647
STK39,-0.8134583563154991,,0.0225624094470002
ARF1,-0.9259790402647544,,0.0220418679891961
AGTR2,0.0,1,0.0
NPAS3,-0.8986210700496415,,0.0625302166402563
SULF1,-0.7186982901268615,,0.0
ARHGAP11A,-0.2859349145063431,,0.0
LAMA2,-0.2846111417539989,,0.0
BAG1,0.6681742967457254,,0.0
NPC1L1,-0.0244897959183673,,0.0
TLE3,-0.9049089906232765,,0.0
C20orf203,0.8680639823496967,,0.0
CARD10,-0.4675124103695532,,0.0
PDCD10,-0.0766685052399338,,0.0103695097987256
ATF3,-0.1547710976282404,,0.0
CCNB1,-0.322007722007722,,0.0
IP6K3,0.1104247104247104,,0.0
PA2G4,-0.9364589078874792,,0.0
CTRL,0.5819084390512963,,0.0
GNG3,0.6740209597352453,,0.0949991596172322
DRC11,-0.4772200772200772,,0.1375171181263528
VCAN,-0.9416436845008274,,0.1150548490823152
SMC3,-0.9862107004964148,,0.1207287870825842
AGAP3,-0.8396028681742967,,0.0
BRAF,-0.932377275234418,1,0.0476364862667991
PAQR7,-0.2236072807501379,,0.0
RAB22A,-0.2156646442360728,,0.0385714035630058
AOC1,0.4571428571428571,0,0.0
TRBV16,0.0,,0.0
SLC4A1,-0.7877551020408163,,0.0
LAT2,-0.4154440154440154,,0.0
SFTA3,0.0,,0.0
SFTA3,0.0,,0.0
AKAP1,-0.6590182018753448,,0.0
FOXP1,-0.9024820739106454,,0.0
VTI1A,-0.1814671814671814,,0.0737847733276489
MT-CYB,0.0,,0.0
SRPRA,-0.5267512410369553,,0.0432526609467159
VEGFD,0.0,,0.0
PSMA3,-0.7886376172090458,,0.0716937085493492
METAP2,-0.3601765030336459,1,0.0
FAM200B,0.3299503585217871,,0.0
TSHZ1,-0.8961941533370105,,0.0
TMEM54,0.725868725868726,,0.0
PSMA4,-0.7852178709321567,,0.0
CBL,-0.541753998896856,,0.0334518034281421
UQCRC2,0.2632101489244347,,0.0668737121212232
EXOC3L4,0.7061224489795919,,0.0
STX1B,-0.880750137892995,,0.0
SEMA3E,-0.4808604522890237,,0.0
PODXL2,-0.6624379481522339,,0.0594230203809947
ACP1,0.714065085493657,0,0.0652797933750673
GARS1,-0.5075565361279647,,0.0565703603495725
ICAM3,0.7098731384445671,,0.0
CYP3A4,-0.2552675124103696,0,0.0
GPLD1,-0.2408163265306122,,0.0
KISS1R,0.9224489795918368,1,0.0
CDK18,0.2024269167126309,1,0.0
CLSTN2,-0.5971318257032543,,0.0
SLC5A5,0.0578047435190292,,0.0
NLN,-0.0592388306674021,,0.0
FNBP4,-0.8447876447876448,,0.0
CHD2,-0.9704357418643133,,0.0
BSN,-0.9087699944842802,,0.0475345030058575
SLCO4A1,0.1651406508549366,,0.0322247761838863
PRND,0.7153888582460011,,0.0
PLA2G2F,0.6732487589630447,,0.0
ARFRP1,-0.0580253723110866,,0.0
RAB25,0.4574738003309431,,0.0
LIG3,-0.5348041919470491,,0.0
DDAH2,-0.6276889134031991,,0.0
NCALD,-0.1630446773303916,,0.1175647954103301
TUSC2,0.5792608935466079,,0.0
METTL16,-0.6980694980694981,,0.0
CETN1,0.7248758963044677,,0.0
ATP5PD,-0.1649200220628792,,0.0274747663999165
CTSC,0.1513513513513513,1,0.0
H4C14,0.0,,0.0
H4C6,0.938334252619967,,0.0
FGFR4,-0.1473800330943188,1,0.0
H4C1,0.9905129619415334,,0.0
H4C16,0.8151130722559294,,0.0
H4C8,0.9859900717043576,,0.0
H4C13,0.9938223938223938,,0.0
H4C12,0.8471042471042471,,0.0
H4C15,0.0,,0.0
H4C9,0.7621621621621621,,0.0
H4C2,0.938996138996139,,0.0
H4C11,0.4607832322118037,,0.0
H4C4,0.9801434087148372,,0.0
H4C5,0.9981246552675124,,0.0
CDH3,-0.2493105350248207,,0.0
SLC10A3,0.0,,0.0
MS4A1,0.0368450082735796,,0.0
MYO6,-0.7057915057915058,,0.0
MEFV,0.3126309983452839,,0.0
AHNAK,-0.2981798124655267,,0.070445917376438
PFDN5,0.8190843905129619,,0.0
RAB3GAP1,-0.2899062327633755,,0.0
EEF1A2,-0.8754550468836183,0,0.1156288345722326
GUCY2D,-0.0985107556536127,,0.0
AQR,-0.7794815223386652,,0.0
ASNS,-0.3739658025372311,,0.0
CASC15,0.0,,0.0
TUSC7,0.0,,0.0
HIF1AN,-0.5626034197462768,,0.0
AQP6,0.6013237727523442,,0.0
RMND5A,-0.5521235521235521,,0.0
SSPOP,0.0,,0.0
RCC1,-0.7993381136238279,,0.0
UCN3,0.8146718146718146,,0.0
DBP,0.1380033094318808,,0.0
PPFIA1,-0.9409817981246552,,0.0208431912526047
TRADD,-0.1427468284611142,,0.0
HDGF,-0.7996690568119139,,0.0
NDUFS7,-0.4025372311086597,,0.0885926182169674
PTGIS,0.3100937672366244,,0.0
VDAC2,-0.90711527854385,,0.0
PCDHGC5,-0.6168781025923883,,0.0
APAF1,-0.4857142857142857,,0.0
POU3F2,-0.2507446221731936,,0.0281631197024168
KCNQ1OT1,0.0,,0.0
ELP3,-0.0570325427468284,,0.0
PNLIP,0.0259238830667403,,0.0
PSMB2,-0.1569773855488141,0,0.0651382534045238
RTKN2,0.6452289023717594,,0.0
KRT20,0.4638720353006067,,0.0
OSMR,-0.0718146718146718,,0.0485027574522186
DNAH11,-0.0972972972972973,,0.0
HIGD1A,0.6398234969663541,,0.0
TRAF3,-0.8706012134583563,,0.0
DPP10,-0.8166574738003309,,0.021448416718001
NMNAT1,0.5242140099282957,,0.0
NAE1,-0.2116933259790402,0,0.0391405930267526
GALNTL6,-0.3221180364037507,,0.0
ABCC11,0.0628792057363485,,0.0
ADM2,0.9323772752344182,,0.0
VPS4A,-0.5887479316050744,,0.0528664574907778
KRT6B,-0.1017098731384446,,0.0
MOV10,-0.7573083287369001,,0.0
GJB6,0.7004964147821291,,0.0240528856122808
PTOV1,-0.6639823496966354,,0.0410827962627739
SLC20A1,-0.5269718698290127,,0.040624804526498
PRPF6,-0.7456150027578599,,0.0252016638721804
AKR1B10,0.5357970215113073,0,0.0
IRF2BP2,-0.4229453943739658,,0.1217739166976327
EIF3H,-0.2879205736348593,,0.0494763209997277
CDNF,0.5439602868174296,,0.0
IL18BP,0.7220077220077219,,0.0
PAFAH1B1,-0.994484280198566,,0.0
GPC1,-0.2180915609487038,,0.0
FOLR2,-0.0266960838389409,,0.0
ITGA5,-0.7366795366795367,,0.0
DNAJC6,-0.7762824048538335,,0.0123414958202219
UPP1,0.2379481522338664,,0.0
RCVRN,0.7499172642029786,,0.0
LRIT1,0.617650303364589,,0.0
ACOT8,0.2248207391064534,,0.0582594927064576
OCA2,-0.1731936017650303,,0.0
PSME2,-0.3277440706012134,,0.0
TNFAIP8,0.471373414230557,,0.0
RBL2,-0.5659128516271373,,0.0
ADCY3,-0.4416988416988416,,0.0
LPAR4,0.0,,0.0
AKAP12,-0.6944291230005516,,0.0
PSPHP1,0.0,,0.0
DNER,-0.6191947049089906,,0.04540470447525
PIR,0.0,1,0.0
CPAMD8,-0.246442360728075,,0.0
LRP11,0.1659128516271373,,0.0
IL9R,0.0,,0.0
CLDN3,-0.3680088251516823,,0.0
SLC5A3,-0.8233866519580806,,0.0412708816519157
IQGAP1,-0.8004412575841147,,0.0519444613801238
ENSG00000290929,0.0,,0.0
MAL2,0.7416436845008274,,0.0594364495451208
TNPO1,-0.9793712079426364,,0.09657761585288
NTNG1,-0.746607832322118,,0.0092993277496697
NOP53,0.197904026475455,,0.0
NGRN,0.7501378929950357,,0.0
SCFD1,-0.2714837286265857,,0.0
DSP,-0.7480419194704909,,0.0
KNOP1,-0.0112520683949255,,0.0318422733677054
TIPRL,-0.548703805846663,,0.0252509629305894
BAG6,-0.91296194153337,,0.0400819244012035
FCHO1,-0.689795918367347,,0.0
COL8A1,-0.4581356867071152,,0.0
ZNF608,-0.9758411472697188,,0.0
GABARAP,0.6397131825703255,,0.0
GNG10,0.9659128516271374,,0.0
SKAP2,0.6893546607832322,,0.0
KRT6C,0.5503585217870932,,0.0
CALCOCO1,-0.5328185328185329,,0.0
ZNF646,-0.619415333701048,,0.0
GIT1,-0.9189189189189187,,0.0
KCND1,0.0,,0.0
ARPC1B,-0.1600661886376172,,0.0
CAPG,-0.0371759514616657,,0.0
ASS1,0.2998345284059569,,0.0
ELOVL1,-0.7646993932708218,,0.0
SAT1,0.0,,0.0763895294370007
VPS51,0.4934362934362934,,0.0813334997768084
DBNL,-0.315057915057915,,0.0
CIZ1,-0.448869277440706,,0.0
CEL,0.0063982349696636,,0.0
RAB40B,0.724103695532267,,0.0
GREM1,-0.1938223938223938,,0.0
MPEG1,0.9713182570325428,,0.0
TNFRSF25,-0.2289023717595146,,0.0177033956377133
CBLN4,-0.0317705460562603,,0.0106901247223542
RRAD,0.2746828461114174,,0.0
TMC1,-0.0937672366243794,,0.0
GNAO1,-0.992719249862107,,0.0
QRFPR,0.7062327633756205,0,0.0
KLF9,-0.8482073910645339,,0.0802715267489831
HOXA10,-0.2311086596800882,,0.0
RBBP5,-0.982680639823497,,0.0
HOXB13,0.4818532818532819,,0.0
LPCAT2,0.3720904578047435,,0.0
ZFAS1,0.0,,0.0
IQCE,0.6408163265306122,,0.0
LINC01929,0.0,,0.0
ZNF587B,0.7868725868725868,,0.0
ADAM1A,0.0,,0.0
ABCA4,-0.3070049641478213,,0.0
LDB3,-0.1804743519029233,,0.0856582439714561
GGA1,-0.7222283507997793,,0.0
CRNN,0.249531163816878,,0.0
RAD52,0.3694429123000551,,0.0
TUBA4A,-0.0410369553226696,,0.0632091297228249
XAF1,0.4904578047435191,,0.1198060672758952
ENTPD2,0.5867622724765582,,0.0
CRIPTO3,0.0,,0.0
NPY2R,0.1997793712079425,1,0.0
TCF4,-0.9955874241588528,,0.0
CACNA2D3,-0.7360176503033646,,0.0653294866009465
C9,0.4189740761169331,,0.0
ARHGEF5,-0.778157749586321,,0.0
RFK,-0.6241588527302813,,0.0163130560056997
AFF1,-0.7002757859900717,,0.086760421260198
BCL2L2-PABPN1,-0.7929398786541644,,0.0
IK,-0.3329288472145615,,0.0747678545950761
NTRK3,-0.8477661334804192,1,0.0097547979273941
RBM25,-0.9576392719249862,,0.1039687708504981
EDA,0.0,,0.0
ETV5,-0.9357970215113072,,0.0
C1QC,0.7645890788747931,,0.0
MIAT,0.0,,0.0
ECSIT,0.1190292333149476,,0.0
UPRT,0.0,,0.0252254351110832
MAL,-0.432211803640375,,0.0
GUK1,0.2646442360728074,,0.0197640892839068
IGKV2D-24,0.0,,0.0
CSH2,0.2216216216216215,,0.0
CSH1,0.4054054054054055,,0.0
CFB,-0.4113623827909543,1,0.0
OR8J1,0.0,,0.0
SRM,-0.5777164920022062,,0.0
UBR5,-0.9986762272476558,,0.0
ACAA2,0.3148372862658577,,0.0
NCBP2,-0.4859349145063431,,0.0
MSTN,-0.6073910645339217,,0.0
PML,-0.5515719801434087,,0.0
SRCAP,-0.9418643132928848,,0.0
CDK17,-0.56569222283508,1,0.0
GPC5,0.2725868725868725,,0.0
FAM215A,0.0,,0.0
LDHB,-0.0709321566464423,,0.0518090841556072
VASP,-0.3731936017650303,,0.0
SIGLEC14,-0.3006067291781578,,0.0
GNAI3,0.2526199669056812,,0.0
MGST3,0.4423607280750137,,0.0
SLC30A4,-0.4661886376172091,,0.0
SLC6A9,-0.6394925537782681,1,0.0
HES1,-0.5584114726971869,,0.0
DES,-0.270711527854385,,0.0
SAA3P,0.0,,0.0
MYLK,-0.5638168781025924,,0.0
TIMELESS,-0.1915057915057915,,0.0
TNFSF8,-0.6738003309431881,,0.0
CYP1A1,0.6647545504688361,0,0.0
APLNR,-0.2708218422504137,0,0.0876469386704297
EPHA6,-0.5287369001654716,,0.0
SUMO3,-0.6218422504136789,,0.0
KCNN1,-0.4934362934362934,,0.0
CHRFAM7A,-0.439161610590182,,0.0
CRISP1,0.8127964699393271,,0.0
NADK,-0.5341423055708769,,0.0
PGAM1,0.5539988968560396,,0.0
TPM3,-0.6761169332597904,,0.0357614797212175
MLN,0.7556536127964699,,0.0
NPDC1,0.3793712079426365,,0.0
NPS,0.7824600110314397,,0.0
MED25,-0.1632653061224489,,0.1202273791644584
ILK,-0.2890237175951461,,0.0
BLVRB,0.8023166023166024,,0.0494377227674637
IGHV5-51,0.0,,0.0
SLA2,0.125096525096525,,0.0
SIAH1,-0.888030888030888,,0.0
LUZP2,0.4246001103143959,,0.0
TFF3,0.3896304467733038,,0.0
SLIT2,-0.9394373965802536,,0.0107597614188502
REG3A,0.2590182018753446,,0.0
GDNF-AS1,0.0,,0.0
PTS,0.7901820187534474,,0.0380259248514513
MAP2K2,-0.1901820187534473,1,0.0
NRXN2,-0.8741312741312741,,0.0647848773704332
MRE11,-0.2848317705460562,,0.0
SLC12A3,0.0627688913403199,,0.0
PTPN22,-0.0435741864313292,,0.0
MRFAP1L2,0.0,,0.0159290787323518
ADH1A,0.2386100386100387,,0.0
SYMPK,-0.7030336458907888,,0.1061284369174326
RGCC,0.9955874241588528,,0.0403289441285041
TNFSF13B,-0.7381136238279096,,0.0
KIDINS220,-0.7377826806398236,,0.0
OGDHL,-0.2114726971869829,,0.0
NEUROD1,-0.4519580805295091,,0.0149510186818915
SDC1,-0.1557639271924986,,0.0
CLDN4,0.6371759514616657,,0.0
APOA5,0.3103143960286818,,0.0
AKR1B1,-0.3670159955874241,,0.0
SMOX,-0.5002757859900717,1,0.0606025470736346
XDH,0.037065637065637,0,0.0
FOXO4,0.0,,0.0
CRYGC,-0.0478764478764478,,0.0
ARHGEF40,-0.4077220077220077,,0.1234766041119675
DEFB104B,0.0,,0.0
DEFB104A,0.0,,0.0
TERC,0.0,,0.0
MEGF10,-0.426696083838941,,0.1089354831771039
SOCS2,-0.1067843353557639,,0.0
FCGR2C,0.0,,0.0
PSMD8,0.4528405956977386,,0.0735457249906554
A1BG,0.5506894649751792,,0.0
GPR15LG,0.7597352454495312,,0.0
DACH2,0.0,,0.0
RSU1,0.1288472145615002,,0.0
ASAH2B,0.0,,0.0
SELENOM,0.7267512410369554,,0.0610310596812594
THBD,0.96569222283508,,0.0
AKR1C2,0.1246552675124104,,0.0
ATP6V1H,-0.2550468836183122,,0.0922957950966309
HDAC5,-0.9084390512961942,0,0.0
CHD5,-0.8111417539988969,,0.0137437952520201
GUCA1A,0.1856591285162714,,0.0
CDK7,-0.3278543849972422,1,0.0
TRA2B,-0.6565912851627138,,0.0
MIR17HG,0.0,,0.0
VHL,0.0322118036403751,1,0.0
ATG16L2,0.3555432984004412,,0.0
F11R,-0.1192498621070049,,0.0
SIK1,0.0,1,0.0
ZIC1,-0.8815223386651958,,0.1005888358092103
ANGPTL6,0.5489244346387203,,0.0
NSUN7,0.4479867622724764,,0.0
CCKAR,0.0785438499724213,0,0.0
TAB3,0.0,,0.0185322657924906
NCAN,-0.6548262548262549,,0.0
ZEB2,-0.9908439051296194,,0.0
FAM180B,0.7519029233314947,,0.0
PVT1,0.0,,0.0
FOXC1,0.4839492553778268,,0.0
IGHV4-34,0.0,,0.0
IGHV3-15,0.0,,0.0
UBL5,0.7723110865968008,,0.0
ZNHIT3,0.9011583011583012,,0.0
IGHV3-53,0.0,,0.0
IGHV1-45,0.0,,0.0
IGHV2-70,0.0,,0.0
IGHV3-30,0.0,,0.0
GDI2,-0.3287369001654716,,0.0
IGHV4-39,0.0,,0.0
SLC1A7,0.2699393270821841,,0.0
RPS27L,0.8937672366243794,,0.0
FBXO27,0.7214561500275787,,0.0
SOX7,0.5831218974076118,,0.0
IGHV3-21,0.0,,0.0
TRBV5-1,0.0,,0.0
HIPK3,-0.7247655819084391,,0.0
SSC5D,0.4739106453392168,,0.0
IGHV2-5,0.0,,0.0
IGHV3-7,0.0,,0.0
IGHV3-16,0.0,,0.0
IGHV3-64,0.0,,0.0
RC3H1,-0.7274131274131275,,0.0
IGHV3-43,0.0,,0.0
OR10AD1,0.0,,0.0
ILDR2,-0.5416436845008273,,0.0
IGHV3-72,0.0,,0.0
IGHV3-38,0.0,,0.0
CPN2,0.8667402095973524,,0.0
IGHV4-28,0.0,,0.0
IGHV3-49,0.0,,0.0
TMEM67,0.1992277992277993,,0.0
IGHV3-66,0.0,,0.0
IGHV1-58,0.0,,0.0
IGHV3-11,0.0,,0.0
IGHV3-48,0.0,,0.0
TRBV9,0.0,,0.0
IGHV3-33,0.0,,0.0
IGHV2-26,0.0,,0.0
IGHV1-24,0.0,,0.0
SLC7A4,0.192388306674021,,0.0
IGHV3-74,0.0,,0.0
IGKV3-7,0.0,,0.0
IGHV3-73,0.0,,0.0
IGHV3-35,0.0,,0.0
IGHV3-20,0.0,,0.0
ANKFY1,-0.7276337562051848,,0.0
IGHV4-61,0.0,,0.0
FGF18,-0.7121897407611693,,0.0
CBX7,-0.3382239382239382,0,0.0
LMX1B,-0.785438499724214,,0.0
IGHV6-1,0.0,,0.0
ARL8A,-0.5942636514065085,,0.0
IGHV4-59,0.0,,0.0
IGHV4-4,0.0,,0.0
SERGEF,0.2327633756205185,,0.0
TRBV20-1,0.0,,0.0
ACOX2,-0.09288472145615,,0.0
F2RL2,0.5977937120794263,,0.0
FYB1,-0.7560948703805846,,0.0
WNT7A,-0.275896304467733,,0.0
SPIN1,-0.921676778819636,1,0.0
SIGLEC11,0.5007170435741863,,0.0
DNAH8,-0.4457804743519029,,0.0
PSMC5,-0.8098179812465527,,0.0474476225116844
RLN3,0.8435741864313293,,0.0
MUC2,-0.2361831218974076,,0.0
ICAM5,-0.4742415885273028,,0.0
ENPP3,0.4026475455046883,,0.0
KNDC1,-0.2622173193601764,,0.0562557453462373
LSM2,0.2832873690016546,,0.0
CNTN3,-0.4806398234969663,,0.0306481153355912
ATG10,0.8166574738003309,,0.0
WDR76,-0.0465526751241036,,0.0
FDXR,-0.1181467181467181,,0.0
EAF2,0.2928847214561501,,0.0
MATK,-0.0816326530612244,,0.0
PPRC1,-0.9254274682846112,,0.0
BTG1,-0.7325979040264754,,0.0
SOX5,-0.9541092112520684,,0.0510580884462662
FFAR2,0.8029784886927744,1,0.0
PLXNA3,0.0,,0.0
SYT13,-0.3215664644236072,,0.0671592854026689
FNBP1L,-0.4123552123552123,,0.0
CYP11A1,-0.4371759514616657,,0.0
ATP5MF,0.4176503033645891,,0.0589670385043048
DCT,0.2334252619966905,,0.0
RAD23B,-0.9412024269167126,,0.0
CPQ,0.1965802537231109,,0.0
CDK13,-0.758411472697187,1,0.100365838200704
FOXP2,-0.9781577495863212,,0.0
FXR1,-0.8322118036403751,,0.1105732191004265
RBMX,0.0,,0.0354750380129042
SGIP1,-0.760838389409818,,0.0622882645537263
MT-ND2,0.0,,0.0
SCAF11,-0.7819084390512963,,0.0429967771523492
ANKRD13D,-0.629123000551572,,0.1189450709291495
GLI1,-0.4302261445118588,0,0.0
SMC4,-0.3260893546607832,,0.0
NAP1L2,0.0,,0.0252544339256145
PITX1,-0.6028681742967457,,0.0
RHOBTB3,-0.3321566464423607,,0.0678746277113532
SLC1A1,0.136900165471594,,0.0399548801344622
OVOL2,0.4112520683949254,,0.0
TNFRSF13C,0.7146166574738004,,0.0
FBXL2,-0.4439051296194153,,0.0
KIAA1549L,-0.4212906784335356,,0.0432183625812216
CD24,0.9232211803640376,,0.0
SLC2A5,0.6483177054605627,,0.0
COL9A1,-0.1394373965802536,,0.0
RAB14,-0.941092112520684,,0.0
CORO1A,-0.6060672917815775,,0.097099026854522
DYNC1H1,-0.98996138996139,,0.0563910083253245
DSC1,-0.0307777164920022,,0.0
PTGER4,-0.6366243794815223,1,0.0
C7,-0.0726971869829012,,0.0
DPM3,0.5746276889134032,,0.0988148433958483
HAP1,0.5214561500275785,,0.0
TRAPPC9,-0.3082184225041368,,0.0
WASL,-0.623938223938224,,0.0254988769711205
AKTIP,-0.5534473248758963,,0.0397859772566392
RMRP,0.0,,0.0
CHRM5,-0.505350248207391,0,0.0202694579784874
ENSG00000251605,0.0,,0.0
ENSG00000254051,0.0,,0.0
GOPC,-0.2638720353006067,,0.0
PFN2,0.6030888030888031,,0.0514633029000777
HSPB6,0.966023166023166,,0.0
PCLO,-0.9617209045780476,,0.0326057684416302
ALDOC,-0.309873138444567,,0.0554060492170375
PCK2,0.1609487038058465,,0.0
MPC1,-0.084942084942085,,0.0
PEA15,-0.9302813017098732,,0.0097498486269341
LCN1,0.7524544953116381,,0.0
GDPD5,-0.1487038058466629,,0.0
ATXN3,-0.5928295642581357,,0.0
GK,0.0,,0.0
IRAK2,-0.0126861555432984,,0.0
BTG2,0.3794815223386651,,0.0
FIG4,-0.0038610038610038,,0.101772236024757
NAA25,-0.8526199669056812,,0.0
PAQR6,0.4587975730832874,,0.0540519431909614
PEG10,-0.6526199669056811,,0.0
MAST4,-0.4902371759514616,,0.0
VAMP7,0.0,,0.0659727428201304
SLC19A1,0.7341423055708769,0,0.0158065839507439
GYS1,-0.1222283507997793,,0.0
MT-CO3,0.0,,0.0
MIEN1,0.6495311638168781,,0.0531843432435787
ATP1B1,-0.9596249310535024,,0.0469779875444771
AZI2,-0.4571428571428572,,0.0
MT-ND6,0.0,,0.0
BIN2,-0.3407611693325979,,0.0
DNAJC1,-0.0145615002757859,,0.1163525636534599
TRMO,-0.0230557087699945,,0.0
CAV3,0.1735245449531164,,0.0
GOT2,-0.5791505791505791,,0.074677051014842
DCD,0.8535024820739106,,0.0
SOS2,-0.7772752344180915,,0.0489829355560539
FBLIM1,0.1926089354660782,,0.0
NT5DC1,0.6103695532266962,,0.011850461468588
CCNL2,-0.4842801985659128,,0.0
NCS1,-0.8109211252068395,,0.0
BAIAP2,-0.7440706012134584,,0.0
IGLON5,-0.2423607280750137,,0.0
RILP,0.996911196911197,,0.0
TNKS,-0.5186982901268615,1,0.0
CCM2,-0.3609487038058466,,0.0
STARD3,-0.2670711527854384,,0.0
BBS9,-0.0158852730281301,,0.0
PARN,-0.0865968008825152,,0.0212956973014507
DNAJA3,-0.3864313292884721,,0.0
CTSF,0.5073359073359074,,0.0
REL,-0.7759514616657474,,0.0
IGHD2-15,0.0,,0.0
DPYD,0.2163265306122448,,0.0
LIG1,-0.4067291781577495,,0.0
RASA2,0.6728075013789299,,0.0
NOLC1,-0.5177054605626035,,0.0
RPS23,-0.9654715940430226,,0.0
TCHHL1,0.7637065637065636,,0.0
CMC1,0.936569222283508,,0.0
CIBAR1,0.1641478212906784,,0.0
RMDN1,0.4159955874241587,,0.0
CCNE1,-0.8317705460562603,0,0.0
COL27A1,-0.6447876447876448,,0.1108039340276173
MPC2,0.3146166574738003,,0.0
HNRNPR,-0.9869829012686157,,0.0
HSPA6,0.9128516271373416,,0.0
CAPS,0.6544953116381689,,0.0
RFX4,-0.9676778819635964,,0.115317600575332
LY86,0.5997793712079427,,0.0
EIF3A,-0.9672366243794815,,0.0
PUM2,-0.5998896856039713,,0.05955018185547
BIRC6,-0.9484831770546056,,0.0
TNFSF9,0.875896304467733,,0.0
EPG5,-0.595477109762824,,0.0
AHRR,-0.1245449531163817,,0.0
ID4,0.9645890788747932,,0.1085399894882049
ACSL6,-0.5894098179812466,,0.0258094429374098
ATP1A2,-0.5717595146166574,,0.0396508892513235
MTMR11,0.0522890237175952,,0.0
SLC7A1,-0.8433535576392719,,0.0
AJAP1,-0.8186431329288473,,0.1070930020077195
FGF13,0.0,,0.0250184526237416
OIP5,0.8161059018201875,,0.0
NCF4,0.0645339216767788,,0.0
APC2,-0.0146718146718146,,0.0
HS3ST2,-0.0159955874241588,,0.0
ATG3,-0.1424158852730281,,0.0463586622022615
OR4K2,0.440926640926641,,0.0
SP6,-0.1650303364589078,,0.0
GAPT,0.8803088803088803,,0.0
ACSL3,-0.5609487038058467,,0.0291984028433349
PTK6,0.4593491450634308,1,0.0
SLC38A3,-0.7591836734693878,,0.0
PMM1,0.1778268063982349,,0.0
ABCA5,0.0026475455046883,,0.0
LMOD1,-0.8153337010479867,,0.0
TTC8,-0.2864864864864864,,0.0180866233005264
MRPL41,0.8338665195808053,,0.1093713878149108
ANKK1,0.5907335907335907,,0.0
MASP1,-0.1643684500827358,,0.0
PTPMT1,0.1172642029784887,,0.0
CKMT1A,0.6997242140099282,,0.0
DHDDS,-0.6493105350248207,,0.0
SEPTIN5,-0.7013789299503586,,0.0
KRT10,-0.1520132377275234,,0.0
IRAK3,0.5642581356867071,1,0.0
SLC25A5,0.0,,0.0739833176040778
RAC2,-0.9583011583011584,,0.0
SCARA3,0.2884721456150028,,0.0
RPL35,-0.8050744622173194,,0.0
SLC50A1,0.1845559845559845,,0.0
KISS1,0.7180364037506894,,0.0
FGF5,0.62007722007722,,0.0
PART1,0.0,,0.0961649478458569
STX7,-0.1205736348593491,,0.0174249841162322
TMEM106A,0.3737451737451738,,0.0
FGA,0.6853833425261997,,0.0
GMCL2,0.3919470490899062,,0.0
GMCL1,0.6711527854384998,,0.0
MYOCD,-0.8009928295642581,,0.0
CTH,0.1968008825151681,,0.0
EPHA8,-0.414892443463872,,0.0
CST12P,0.0,,0.0
COCH,-0.1263099834528406,,0.0
PPDPF,0.9813568670711528,,0.0681845477425538
SUCLG1,-0.0190843905129619,,0.0
EXOC3,-0.7145063430777716,,0.0549322639163299
GAL3ST1,-0.3293987865416437,,0.0
SRSF3,-0.9820187534473248,,0.0
ZNF804B,-0.1199117484831771,,0.0
HERC5,-0.0680639823496966,,0.0
VASH1,-0.1945945945945946,,0.0
SOCS7,-0.6790954219525649,,0.0
KCNK3,-0.2439051296194153,1,0.0
PLOD2,0.4003309431880861,,0.1093614587840979
TET3,-0.9481522338665196,,0.0
DHFR,0.0441257584114727,0,0.0
ARHGAP21,-0.9156094870380584,,0.1047340215504416
TUBB4A,-0.5628240485383342,,0.1016222740452287
SEMA3G,0.0672917815774958,,0.0
BACH2,-0.9751792608935466,,0.0
ITGB8,-0.5512410369553227,,0.074736735116765
DIAPH1,-0.8309983452840596,,0.0
MFF,-0.5412024269167126,,0.0
HDC,-0.5595146166574738,,0.0
GANAB,-0.8046332046332046,,0.0
SLC22A3,0.4468836183121898,,0.0
SLC35A1,-0.4626585769442912,,0.0
C1QBP,0.3245449531163817,,0.0742310194241246
PCSK5,-0.4039713182570326,,0.098518905239672
GNB3,0.1873138444567015,,0.0
DCPS,0.0548262548262548,,0.0
ADO,0.667953667953668,,0.0
IFNL1,0.543188086045229,,0.0
MAPK7,-0.4506343077771649,1,0.0
TNNI3,0.2294539437396581,,0.0
HBA1,0.8992829564258136,,0.0
KLC2,-0.5489244346387203,,0.0
GSTA1,0.7103143960286817,,0.0
ITGA1,-0.332377275234418,,0.0
DNAH1,-0.3533370104798676,,0.0481642481564988
RHOB,-0.1843353557639272,,0.0311816860483652
TRAK2,-0.1325979040264754,,0.0
SLC44A2,-0.3109762824048538,,0.0262986609170762
TRIM28,-0.9720904578047436,,0.0
DCLK3,-0.0386100386100386,,0.0
ZNF365,-0.1987865416436844,,0.0935020216792787
TDP2,0.3845559845559845,,0.0288290686983808
CERK,-0.2400441257584115,,0.0
NMNAT3,0.6283507997793711,,0.0
DNTT,-0.046442360728075,,0.0
PHEX,0.0,,0.0
TBL1X,0.0,,0.1103219039207522
TNNT2,-0.4595697738554881,,0.0
OLFML3,0.0240485383342525,,0.0
ARMS2,0.8567015995587424,,0.0
FKBP2,0.4132377275234418,,0.0
ENSG00000258593,0.0,,0.1100984194768249
ADAM23,-0.7761720904578048,,0.0827829319175001
PPIL1,0.1891891891891892,,0.0
PALLD,-0.5127413127413127,,0.0993511042536675
FKBP6,0.1799227799227798,,0.0
UNG,0.4145615002757861,,0.0
FKBPL,0.6014340871483728,,0.0
HHIP,-0.8921125206839493,,0.0206097815878565
LRRFIP1,-0.2645339216767788,,0.0427506828813251
EOMES,-0.6971869829012687,,0.0
SEC22B,0.8651958080529509,,0.0
RASSF1,0.6135686707115278,,0.0
SLC47A1,0.2397131825703253,,0.0
GOLM1,-0.1448428019856591,,0.0
DSPP,0.480088251516823,,0.0
TCIM,0.5492553778268063,,0.0
COL2A1,-0.966354109211252,,0.0
HBA2,0.9431880860452287,,0.0
ASB2,0.4454495311638169,,0.0
RUNX1T1,-0.9644787644787643,,0.0
HDHD2,0.7797021511307225,,0.0
LINC01605,0.0,,0.0
MIR503HG,0.0,,0.0
CMTM2,0.5213458356315499,,0.0
H3P43,0.0,,0.0
PRPF4,-0.8915609487038059,,0.0
SRARP,0.9319360176503032,,0.0
FAM110B,-0.6134583563154992,,0.0
GRSF1,0.6638720353006067,,0.0
DSG4,0.1690016547159405,,0.0
MIS18A,0.5822393822393823,,0.0
SRSF11,-0.9354660783232212,,0.0
FNIP1,-0.8023166023166023,,0.0
TPM2,-0.1713182570325427,,0.0
TNFRSF19,-0.1883066740209596,,0.0
EPHB1,-0.7505791505791506,,0.0304546651135847
CPT1B,-0.3771649200220629,,0.0
CNDP1,-0.0441257584114727,,0.0
IGBP1,0.0,,0.0
ZNF875,0.9160507446221732,,0.0
RAB3C,0.1821290678433536,,0.0914748176959414
CD177,0.7194704908990623,,0.0
NELL1,-0.2444567015995588,,0.0402499436756161
APBB2,-0.6437948152233867,,0.0
BMPR2,-0.8189740761169333,0,0.0373653376291017
CD109,0.218753447324876,,0.0
MOGS,-0.2043022614451185,,0.0
CLCN7,-0.2517374517374517,,0.0
EXT2,-0.3263099834528405,,0.0
NUSAP1,0.1434087148372862,,0.0
CD53,-0.0970766685052398,,0.0
PTCH1,-0.9814671814671816,,0.0235302361029081
WDR5,-0.9994484280198566,1,0.0
SFTPC,0.0535024820739107,,0.0
MYH6,-0.5260893546607832,,0.0
ADAM8,0.6241588527302813,,0.0
ZDHHC5,-0.7488141202426917,,0.0
SLC22A6,-0.0600110314396028,,0.0
GP2,0.2177606177606177,,0.0
TUBA1A,-0.8269167126309983,,0.0
STX3,-0.3694429123000551,,0.0
CALY,0.7152785438499725,,0.0978085030201013
SCN2B,0.3171538885824601,,0.0983960018252044
SELENOO,0.7969111969111968,,0.0
PSMA7,-0.8308880308880309,,0.0
PTBP2,-0.7727523441809157,,0.0361724601581838
RPS17,-0.9719801434087147,,0.0
NFIL3,-0.4403750689464974,,0.0
SLC25A16,0.5145063430777717,,0.0395656135446033
MYO7A,0.0465526751241036,,0.0
TIA1,-0.6691671263099834,,0.0084562428212534
OTX2,-0.8687258687258688,,0.0
ATP5F1D,0.9879757308328736,,0.0959826172464422
TTPA,0.4841698841698842,,0.0
NNT,-0.5824600110314396,,0.0
RAB11FIP3,-0.8114726971869829,,0.1068710842089037
NUP50,-0.4871483728626585,,0.0626332908200643
OXTR,0.4870380584666298,1,0.0
GLG1,-0.7580805295091009,,0.0605793183186365
HSPE1,-0.5285162713734142,,0.0
TRIM59,-0.4722559293987866,,0.0
SRPX2,0.0,,0.0
SRSF10,-0.6899062327633756,,0.0
PDAP1,-0.0608935466078323,,0.0
TDP1,0.0234969663541091,,0.0
LRRC15,0.8618863761720905,,0.0
MGARP,0.8553778268063983,,0.0
JAM3,0.0604522890237175,,0.0
EPPK1,0.9568670711527854,,0.0
GRAMD2B,0.419746276889134,,0.0854836125296886
GAN,-0.2187534473248759,,0.0495244537473811
GPR84,-0.1578599007170436,,0.0
ASPRV1,0.455819084390513,,0.0
ENSG00000293615,0.0,,0.0
SOX2-OT,0.0,,0.0959110217665073
PRKCSH,-0.4357418643132928,,0.0
ZBTB4,-0.8102592388306674,,0.0
CPS1,-0.3429674572531715,,0.0
CHST11,-0.6764478764478765,,0.0986000620645566
PAPSS2,0.3022614451185879,,0.0
FAM162A,0.7643684500827359,,0.0841502996055943
GNG13,0.8447876447876448,,0.0
YLPM1,-0.6260341974627689,,0.0984831012662519
ENSG00000279118,0.0,,0.1060359258289947
SOX6,-0.9745173745173744,,0.0
HPCA,-0.6233866519580805,,0.0784356759328279
PGLYRP1,0.6265857694429122,,0.0
PRLH,0.9832322118036404,,0.0
ABCC6,-0.0891340319911748,,0.0
PSMA5,-0.8726971869829012,,0.0612447904136768
ARAF,0.0,,0.0
CXCL17,0.1061224489795917,,0.0
PLPPR4,-0.5963596249310534,,0.0088641730474892
ZNF460,-0.6339768339768339,,0.0
PPP1R37,-0.6666298952013238,,0.0
UCN2,0.9597352454495311,,0.0
CALD1,-0.6916712630998345,,0.0889671330674722
NOX1,0.0,0,0.0
PRRC2A,-0.8696083838940982,,0.0
KCND2,-0.7639271924986211,,0.0
HM13,-0.6161059018201875,,0.0
PFAS,-0.3211252068394925,,0.0
CEND1,0.370876999448428,,0.0
OPN1SW,0.1145063430777717,,0.0
PSMA8,-0.086265857694429,,0.0
FAIM2,-0.3622724765581908,,0.0973481762904805
HYDIN,-0.6264754550468836,,0.0
TUSC3,0.522338665195808,,0.0
ALPK1,0.1987865416436844,,0.0
RPL29,0.6272476558190845,,0.0
SLC39A3,0.182349696635411,,0.0498084506311157
PRUNE2,-0.4501930501930502,,0.0591118740469517
PLSCR4,-0.4252619966905681,,0.0949324887724915
VAV1,-0.8429123000551572,,0.0
COX7A2,0.8943188086045228,,0.0
PTGER1,0.9201323772752344,0,0.0
IL10RA,-0.1212355212355212,,0.0
HACE1,0.0197462768891341,,0.0237051234299851
ELF1,-0.4956425813568671,,0.0
ADAM9,-0.6015444015444016,,0.0
SPRR3,0.8981798124655267,,0.0
VPS29,-0.8422504136789851,,0.0496963087756985
LSR,-0.0154440154440154,,0.0
NEIL1,-0.0755653612796469,,0.0
EIF3G,-0.7864313292884721,,0.1041921038675021
ARL6IP5,-0.1948152233866519,,0.0
SAMD4A,-0.4193050193050193,,0.0508255129924962
EPHX1,0.2307777164920021,,0.0
PIEZO2,-0.6179812465526751,,0.0
TGFB1I1,-0.1559845559845559,,0.0272459320974148
THBS4,-0.0407060121345835,,0.0
PDK3,0.0,,0.0652554692776965
LCP2,-0.7256480970766686,,0.0
ZC3H13,-0.8198565912851628,,0.0
ELANE,0.4472145615002758,1,0.0
ZHX2,-0.6694980694980694,,0.0920497521250613
HAS2,-0.7616105901820187,,0.0
CDK20,0.5524544953116381,,0.0
HNF1B,-0.9318257032542748,,0.0
DAW1,0.2885824600110314,,0.0
CRNDE,0.0,,0.0
IFT43,0.4914506343077771,,0.0
MARCHF6,-0.8760066188637617,,0.0
CPA3,0.3650303364589078,,0.0
GOLGA6L9,0.2084942084942085,,0.0
ARF4,-0.7736348593491451,,0.0
ELAC2,0.0942084942084942,,0.0
SPIB,-0.6078323221180364,,0.0
CCR9,0.0317705460562602,,0.0
RNU1-4,0.0,,0.0
CYP2J2,0.1671263099834528,,0.0
GNA11,-0.814892443463872,,0.0
LAMTOR4,0.8133480419194705,,0.0338725023347006
PNOC,0.2430226144511857,,0.0
TSPAN3,-0.4231660231660231,,0.0542238931998446
FCGR1BP,0.0,,0.0
ZMPSTE24,0.198565912851627,,0.0
DPYSL4,-0.1441809156094871,,0.0851852098240072
MFHAS1,-0.1887479316050744,,0.0868045647893901
RNU1-1,0.0,,0.0
DPYS,0.1118587975730833,,0.0
TOB1,-0.9124103695532269,,0.0992921837029604
DSG3,-0.1845559845559845,,0.0
PLA1A,0.2918918918918918,,0.0
PIGF,-0.1790402647545504,,0.0
TARBP1,-0.0330943188086044,,0.0
HNRNPM,-0.7948152233866519,,0.0
CHL1,-0.4681742967457253,,0.0474515210625011
NEDD4L,-0.7332597904026475,,0.0324777919366928
DCHS1,-0.6996138996138996,,0.097476873979916
RAB8A,-0.853392167677882,,0.0324440871549857
TXNRD2,0.3632653061224489,,0.0
CSRP1,-0.0934362934362934,,0.0371104613388755
HYOU1,-0.7837837837837838,,0.0
RAG2,-0.3923883066740209,,0.0
LTBP2,-0.5752895752895753,,0.0
MTRR,-0.0633204633204633,,0.0
C6,0.0683949255377827,,0.0
VAMP8,0.6966354109211252,,0.0
SDHC,-0.1331494760066188,0,0.0
CLCN2,-0.3092112520683949,0,0.0
STYK1,0.2976282404853834,,0.1023335171634904
SGO1,0.1268615554329839,,0.0
TMPRSS2,0.0379481522338664,,0.0
OSBPL11,-0.7089906232763376,,0.0200194949611371
TMEM30A,-0.1083287369001654,,0.0288282760041361
ABCG8,0.5408714837286266,,0.0
MUC1,-0.0070601213458356,,0.0
ATP6V0E1,-0.1884169884169884,,0.0738847119722817
NEUROG1,0.8414782129067844,,0.0
HBD,0.7350248207391064,,0.0
SLC38A7,-0.2654164368450082,,0.0
TNXB,-0.4726971869829013,,0.0
CASTOR3P,0.0,,0.0
NRG2,-0.5944842801985659,,0.0
AOAH,-0.1598455598455598,,0.0
CASTOR3P,0.0,,0.0
LTB4R2,0.8616657473800331,,0.0
NMU,0.4926640926640926,,0.0
F9,0.0,,0.0
ALDH6A1,-0.2306674020959734,,0.0824079463865415
TMEM94,-0.5666850523993381,,0.0
FAM47E,0.349365692222835,,0.0
ENTPD1,-0.3855488141202426,,0.0
PPP1R2,0.2201875344732486,,0.0
ITIH2,0.395477109762824,,0.0
TRAPPC6A,0.9082184225041368,,0.0
ADA2,-0.1556536127964699,,0.0
C1R,-0.5248758963044677,,0.0
MDGA1,-0.3385548814120243,,0.0
LRFN5,-0.5333701047986763,,0.0592774069657757
USP42,-0.8401544401544402,,0.101329483301363
DLX4,0.1595146166574739,,0.0
PFKM,-0.3273028130170987,,0.0810632517843202
HTR2B,0.061665747380033,1,0.0
PITX3,-0.4479867622724766,,0.0
ALKBH6,0.3211252068394925,,0.0917769788459313
FBL,-0.7857694429123001,,0.0
IMMTP1,0.0,,0.0
RPS16,-0.8757859900717043,,0.0
SLC5A7,-0.7287369001654715,0,0.0
CHEK2,0.6043022614451186,1,0.0
CCT4,-0.5084390512961942,,0.0853504818471202
GRIK3,-0.7998896856039713,,0.0
SOX3,0.0,,0.0
RPL31,-0.9458356315499172,,0.0
NUP43,-0.2159955874241588,,0.0
H3P30,0.0,,0.0
MAGT1,0.0,,0.037052971128952
CLSTN3,-0.6797573083287369,,0.0
BARD1,0.212796469939327,,0.0
OR2B2,0.9099834528405956,,0.0
GNAQ,-0.256150027578599,,0.0
USP34,-0.9794815223386651,,0.0
VAMP7,0.0,,0.0
PTPN20,-0.4366243794815223,,0.0
LOXL3,-0.3002757859900716,,0.0
MYH2,-0.4743519029233315,,0.0
STK16,0.0187534473248758,0,0.0
ICMT,-0.5633756205184777,,0.0
TAMM41,0.2011031439602868,,0.0
ADGRF5,-0.4112520683949255,,0.0
PTPRN,-0.3210148924434638,,0.0631467030074028
KCNC1,-0.8350799779371207,,0.0
AP1S2,0.0,,0.0480019754074536
RGS12,-0.439492553778268,,0.0
KANK1,0.3162713734142306,,0.0882630852501893
HNF4A,-0.7523441809156095,,0.0
CSMD1,-0.5865416436845008,,0.0
MTPAP,-0.5161610590182019,,0.010336170901086
LAMB3,-0.2397131825703254,,0.0
TUB,-0.3597352454495311,,0.0853202606754874
CERS6,-0.5773855488141202,,0.0
TFDP2,-0.7479316050744622,,0.0
ANLN,-0.6473248758963044,,0.0797862902741499
ATP6AP2,0.0,,0.0
SLC20A2,-0.5137341423055708,,0.0
CRLS1,0.9409817981246552,,0.0
PLIN4,0.6792057363485935,,0.0
GNAT3,0.0725868725868725,,0.0
CLIP2,-0.7130722559293987,,0.0
TLN2,-0.7346938775510203,,0.0488173270568877
HRK,0.9944842801985658,,0.0924684541284148
TPMT,-0.2490899062327634,,0.0
CHRNA3,0.1756205184776613,,0.0
ELK3,-0.5579702151130723,,0.0
ULK2,-0.3408714837286266,1,0.0
IFI16,-0.0552675124103695,,0.0
ALLC,0.3063430777716491,,0.0
SLC12A7,0.1059018201875345,,0.0914699753798173
SLC27A1,0.5126309983452841,,0.0
FGL2,-0.3259790402647545,,0.0
CEACAM1,-0.2441257584114726,,0.0
RPL15,-0.986100386100386,,0.0847927022941858
ARL17B,0.0,,0.0
MROCKI,0.0,,0.0
SOCS4,-0.2574738003309431,,0.0
B3GALT2,-0.5838940981798124,,0.0
TNFSF18,0.5349145063430778,,0.0
TNFRSF10C,0.665526751241037,,0.0
GPR132,0.9354660783232212,1,0.0
RIC8B,-0.766023166023166,,0.0
HEXIM1,-0.9808052950910092,,0.0
RPN2,-0.6362934362934363,,0.0
DMPK,-0.4786541643684501,,0.0
TNFRSF14,-0.2426916712630998,,0.0
HELZ2,0.0429123000551572,,0.0
SPART,-0.3522338665195808,,0.0
CD300A,-0.0643132928847214,,0.0
TRPM3,-0.7088803088803088,,0.0489155254077467
ENPP6,0.0496414782129068,,0.0
GASK1B,0.0043022614451186,,0.0984363880806439
LPAR1,-0.8070601213458356,0,0.080642930960987
PPY,0.5252068394925538,,0.0
WDR37,-0.7685603971318257,,0.0224057397758906
NAT8,0.9191395477109764,,0.0
DAXX,-0.6614451185879757,,0.0
EMD,0.0,,0.0
FBXO32,-0.6441257584114727,,0.0110532725334318
HDLBP,-0.9000551571980143,,0.0642971188972506
ZNF267,0.0667402095973523,,0.0146075810884815
SUMF1,0.4585769442912299,,0.0
KCTD2,0.2845008273579701,,0.0
GPR162,-0.2768891340319912,,0.0
NPAS2,-0.8559293987865416,,0.0
RASGRF2,-0.5505791505791506,,0.0491958270027406
HADH,0.2170987313844457,,0.0
SRF,-0.8400441257584115,,0.0
KLF14,0.8084942084942084,,0.0
PLCB2,-0.0110314396028681,,0.0
RNF175,0.0338665195808052,,0.0793153691415647
MYRIP,-0.5236624379481523,,0.0
FUBP1,-0.9044677330391616,,0.0
MIR20B,0.0,,0.0
OSGIN1,0.6337562051847767,,0.0
TRIM24,-0.8891340319911748,1,0.0
LFNG,-0.3585217870932157,,0.0
MILR1,0.419415333701048,,0.0
PECR,0.8143408714837286,,0.0
FGFRL1,0.3359073359073359,,0.0
ADGRB1,-0.82426916712631,,0.0
PRR32,0.0,,0.0
SETDB2,-0.1896304467733038,,0.0
ASAP2,-0.7258687258687259,,0.0
LINC01311,0.0,,0.0
CARNS1,0.592057363485935,,0.0
TRDN,0.5695532266960839,,0.0
FOXJ3,-0.7737451737451737,,0.0
IGHD4-11,0.0,,0.0
TCEAL6,0.0,,0.0
QTMAN,0.6797573083287369,,0.0
MYCL,-0.5476006618863762,,0.0
PPM1B,-0.5188086045228902,,0.0
FMN1,0.0583563154991726,,0.0
NOVA2,-0.553888582460011,,0.0918849919226431
REEP1,-0.0908990623276337,,0.0533106706181172
MCEMP1,-0.0931053502482074,,0.0
TAS1R2,0.2790954219525647,,0.0
CDT1,0.8130170987313845,,0.0
FAR2,-0.6706012134583563,,0.0486043409773236
AIRE,0.3460562603419745,,0.0
GZMH,0.6334252619966905,,0.0
MTUS1,0.1000551571980143,,0.0662689775392085
PRXL2B,0.8790954219525648,,0.0938147203037475
NADK2,-0.0721456150027578,,0.0892486766494696
HESX1,-0.221842250413679,,0.0
COX15,0.3863210148924434,,0.0
ACO1,-0.2233866519580805,,0.0239125917029468
SPTBN2,-0.7378929950358522,,0.0292510155056667
FRMPD4,0.0,,0.0583968697570762
CTTN,-0.7087699944842802,,0.0
TUBA1B,-0.987203530060673,,0.0
MED16,0.5137341423055708,,0.0965642728157259
ARHGDIA,-0.5602868174296746,,0.0454019812922949
CELP,0.0,,0.0
BCAS2,0.6760066188637617,,0.0464489650683625
NDUFB3,0.6542746828461115,,0.0
SEC62,-0.8043022614451186,,0.0
NPY1R,-0.4587975730832874,1,0.0
DHCR7,0.2116933259790403,,0.0
CD93,0.4377275234418092,,0.0
HFM1,0.1687810259238831,,0.0
PSME1,-0.5772752344180916,,0.0
ERCC1,0.5180364037506895,,0.0
UQCRH,0.4948703805846663,,0.0
SDHD,-0.5931605074462217,,0.0
MALT1,-0.5949255377826806,1,0.0
DVL2,-0.4122448979591836,,0.0
NANOGP8,0.0,,0.0
ZNF804A,-0.827357970215113,,0.0
CD1B,0.5452840595697739,,0.0
RMC1,-0.607280750137893,,0.0
CD1D,0.3767236624379482,,0.0
SCTR,0.5825703254274683,,0.0
TEP1,-0.2089354660783232,,0.0
PSMB7,-0.7651406508549365,,0.087746779376025
ENOPH1,-0.3926089354660783,,0.0293069167505434
CUBN,-0.3576392719249862,,0.0
LRP5,-0.7065637065637065,,0.0
RNPC3,0.1353557639271925,,0.0429925732790223
ANKRD1,0.1301709873138443,,0.0
IGHG1,0.0,,0.0
ASPSCR1,0.1521235521235522,,0.0
CERS5,0.021180364037507,,0.0
KIAA0040,0.9145063430777716,,0.0
RNF139,-0.6975179260893547,,0.0
RHBDL1,-0.0587975730832873,,0.0
PAX1,-0.1868725868725869,,0.0
TBC1D2,-0.2928847214561501,,0.0
STX2,0.134804191947049,,0.0
KCNN3,-0.8150027578599007,,0.0588258802517706
ZFP36L2,0.6917815774958631,,0.0664680347323073
TSPAN7,0.0,,0.0644380934087851
RAP2A,-0.493215664644236,,0.0
ATP2B2,-0.9619415333701048,,0.0
HES5,0.9547710976282404,,0.0
LIPH,-0.2678433535576392,,0.0
LY6H,0.2575841147269719,,0.0415217071166091
RPA1,-0.2563706563706563,,0.0214098772103541
RICTOR,-0.8822945394373966,,0.0
SLC5A1,-0.4285714285714286,0,0.0
PPP4C,-0.7844456701599558,,0.0
CUL1,-0.8914506343077772,,0.057639963137681
SLC25A20,0.1539988968560397,,0.0
FEN1,0.1842250413678985,,0.0
EIF3K,0.1355763927192499,,0.0872466046151799
IL1RAPL1,0.0,,0.0
TPGS2,0.2135686707115278,,0.0947188105417827
LY6E,0.2958632101489244,,0.0
EDF1,-0.6920022062879205,,0.0871136688534798
HNRNPAB,-0.5651406508549366,,0.0
PSMB5,-0.9209045780474352,0,0.0417375997022561
SMARCA4,-0.9399889685603972,1,0.0
SARS1,-0.6087148372862659,,0.0774795213596298
IL22RA2,0.6254826254826256,,0.0
CLCN6,-0.3064533921676778,,0.0
AIF1L,0.2341974627688914,,0.0944092133307583
CCDC91,0.2082735797021511,,0.0128357962557732
S100A2,0.84853833425262,,0.0
TUBB4B,-0.8172090457804744,,0.0813457710908566
LAX1,0.4784335355763927,,0.0
BCAT2,0.1300606729178157,1,0.0
DSEL,-0.3768339768339768,,0.0
DEPDC7,0.0302261445118587,,0.0
HCG22,0.0,,0.0
ME1,0.4411472697186982,,0.0
CRYGEP,0.0,,0.0
EZH1,-0.7533370104798676,1,0.0
TXNRD3,0.1527854384997242,,0.0
EFNA3,0.119580805295091,,0.0
E2F7,-0.5945945945945945,,0.0
FEZF1,-0.7728626585769443,,0.0
TAF1D,0.380584666298952,,0.0941597899868082
CAMK2D,-0.7429674572531715,,0.0
CAMK2D,-0.7429674572531715,,0.0
CCNB2,0.0799779371207942,,0.0
SYT5,0.3455046883618311,,0.0
EPS8,-0.7482625482625482,,0.0701519325335386
RPS6KB2,0.2330943188086045,,0.0
CECR2,-0.917484831770546,1,0.0800826202529236
SGSM3,0.3548814120242691,,0.0
GCGR,0.0894649751792608,0,0.0
USF2,-0.4221731936017651,,0.0
MAPK12,0.5937120794263651,1,0.0
SEZ6L,-0.7396580253723111,,0.0575661621622008
LRRC23,0.0126861555432984,,0.0
IL17D,0.9982349696635412,,0.0
EFS,0.3409817981246552,,0.0836590803928136
ASMTL,0.0,,0.0824525231107529
NIPA1,-0.2355212355212355,,0.0393794045150478
CAPZB,-0.9440706012134584,,0.0
YBX3,0.0778819635962493,,0.0891283860837367
XAB2,-0.5343629343629344,,0.0
MEIS2,-0.9207942636514064,,0.0432671134164478
ABHD14A,0.2025372311086597,,0.0928102200315054
MT-ND4L,0.0,,0.0
BTBD16,0.4492002206287919,,0.0
ADCY5,-0.8662989520132377,,0.0
TMED5,0.7741864313292885,,0.0
RBL1,-0.3472697186982901,,0.0
GJA5,-0.3424158852730281,,0.0
HEY1,-0.5394373965802537,,0.0
PCMT1,-0.4152233866519581,,0.0163484344476884
RPL22,-0.5118587975730833,,0.0300390370707514
OMG,-0.6141202426916712,,0.0337748709990424
EDA2R,0.0,,0.0
ZC3H12B,0.0,,0.0
AMER2,-0.4967457253171539,,0.0925319196160094
NFKBIZ,-0.814561500275786,,0.0284235922381255
ANKDD1A,0.295311638168781,,0.092468371641228
RPLP0,-0.995146166574738,,0.0
CDC37,-0.870711527854385,,0.019188714084493
MARVELD2,0.0421400992829563,,0.0
SLC25A10,0.36150027578599,,0.0
HNF1A,-0.7123000551571981,,0.0
HTR5A,0.384004412575841,0,0.0
KRT19,-0.3114175399889686,,0.0
CERS1,-0.4565912851627137,,0.0272932402343041
CFD,0.9782680639823498,,0.0
BLM,-0.2102592388306674,0,0.0
TXNRD1,0.0661886376172089,,0.0
CBLL1,-0.9225592939878654,,0.0
SLF2,-0.4750137892995035,,0.0918849919226431
ATP5PB,-0.1929398786541644,,0.0747882364891361
WNT7B,-0.3495863210148924,,0.0
PSMD1,-0.9602868174296746,,0.0626316746189604
LPIN1,-0.3118587975730833,,0.0
XPO5,-0.8054054054054054,,0.0
SNX6,-0.2679536679536679,,0.0
LTK,0.6219525648097077,,0.0
RELL1,-0.7183673469387755,,0.0915207249829088
FKBP1B,-0.1084390512961941,,0.0
SLC29A1,-0.4692774407060122,0,0.0
PPEF1,0.0,,0.0233131800030714
NFE2L1,-0.7748483177054606,,0.0
IL18RAP,-0.2230557087699944,,0.0
PSMG1,-0.073138444567016,,0.0
RGS7BP,-0.5744070601213458,,0.0730862661096552
FGF4,0.6019856591285162,,0.0
TENM4,-0.77573083287369,,0.0
LDHAL6B,0.8892443463872035,,0.0
ZNF395,-0.6445670159955874,,0.0
CYP2U1,0.0196359624931052,,0.0
HTATIP2,0.7348041919470492,,0.0
DNAAF19,0.4616657473800332,,0.0
MIR486-1,0.0,,0.0
LRRC37A2,-0.6500827357970216,,0.0
SREBF2-AS1,0.0,,0.0
MIR92A1,0.0,,0.0
LINC00486,0.0,,0.0
IFI27L2,0.8060672917815774,,0.0
LRP12,-0.8938775510204082,,0.0
FUT9,-0.3437396580253723,,0.0
DFFB,0.3049089906232762,,0.0
PRTG,-0.456150027578599,,0.0
SH2D2A,0.1879757308328737,,0.0
JAKMIP3,-0.4543849972421401,,0.0
LINC00996,0.0,,0.0
GLIPR1L2,0.4357418643132928,,0.0
STK32A,0.3270821842250413,,0.0
TEKT1,0.3661334804191947,,0.0
RBM24,-0.5528957528957529,,0.0
GIPC1,-0.4339768339768339,,0.0
EPS8L2,0.3387755102040817,,0.0
SNX29,-0.0388306674020959,,0.0
STAP2,0.5545504688361831,,0.0
NUDT15,0.5736348593491452,1,0.0
NKX6-3,0.4428019856591285,,0.0
AKNA,-0.5299503585217871,,0.0
NKX3-1,0.3601765030336459,,0.0
PAOX,0.5015995587424158,,0.0
DHRS1,0.3905129619415333,,0.0
ZCCHC7,0.1100937672366244,,0.0
AKR1C6P,0.0,,0.0
DRAM1,0.2895752895752896,,0.0
TAS2R41,0.7858797573083287,,0.0
LHPP,0.4694980694980695,,0.0
DHRS4L2,0.5179260893546609,,0.0
COMMD10,0.854054054054054,,0.0
APCDD1,-0.5868725868725868,,0.0
MVB12B,-0.6795366795366795,,0.0
SLC13A4,-0.7217870932156647,,0.0
ARMC1,-0.1459459459459459,,0.0
EMILIN1,-0.234638720353006,,0.0
STAT2,-0.6923331494760065,,0.0
RO60,-0.6675124103695532,,0.0761338625537636
PNN,-0.6167677881963596,,0.0292470186814523
RAB4A,-0.2326530612244898,,0.0
RHOU,-0.3618312189740761,,0.0758547063067526
ATP6V0B,-0.8247104247104247,,0.0608796738803154
MYO5C,-0.1317153888582459,,0.0
FNDC3A,-0.919580805295091,,0.0
PRKACG,0.4649751792608936,,0.0
MAML2,-0.880419194704909,,0.0722420935401937
IGHV3-69-1,0.0,,0.0
ATP6V0A4,-0.0902371759514616,,0.0
CLIP3,-0.7983452840595697,,0.0908045192346552
PLP2,0.0,,0.0
TSHZ2,-0.7883066740209598,,0.0
GAS7,-0.4728075013789299,,0.0
PCYOX1L,0.3525648097076668,,0.0736380121566435
GALNS,0.4552675124103695,,0.0
HOXA5,0.0480970766685051,,0.0
GABARAPL2,0.7329288472145614,,0.0739147345364482
NFATC3,-0.5537782680639823,,0.0
GJA3,0.950137892995036,,0.0
SYNJ2,0.000330943188086,,0.0655582509099989
C21orf91,0.294318808604523,,0.0902053346789099
RFC4,0.2251516822945394,,0.0
GAST,0.4981798124655268,,0.0
UGGT1,-0.5468284611141754,,0.0
PAGR1,0.7444015444015444,,0.0
ENDOD1,0.8753447324875896,,0.0823484670711545
CXCR5,0.4998345284059569,,0.0
PAIP2B,0.7027027027027026,,0.0898439471533724
COL5A3,-0.2669608383894098,,0.0437385899191476
PTPRVP,0.0,,0.0
PTPRVP,0.0,,0.0
SPESP1,0.9406508549365692,,0.0
COL4A3,-0.4240485383342526,,0.0327908602292077
AKAP13,-0.8362934362934363,,0.0649436102227452
LPP,-0.3412024269167126,,0.0679027540193855
FITM2,0.0356315499172641,,0.0
MGAT5,-0.7768339768339768,,0.0
FBXL7,-0.6418091560948704,,0.0
MEST,-0.5789299503585218,,0.0407908160922157
KLRD1,0.5399889685603971,,0.0
ST8SIA3,-0.3897407611693326,,0.0272798933539245
KLHL2,-0.8383894098179813,,0.0
MUC16,-0.3054605626034197,,0.0
MLLT11,-0.2290126861555432,,0.0847447530895874
RAB4B,-0.2168781025923882,,0.0
EMC3,-0.6334252619966906,,0.0861118830862729
VPS13B,-0.424931053502482,,0.0525851673644545
NECAB3,0.2280198565912852,,0.0853171778001586
PRR36,-0.0884721456150027,,0.0890955130373585
CYP27B1,0.2300055157198013,,0.0
IQCJ,0.5322669608383894,,0.0
TOB2,-0.7702151130722559,,0.0890290514963534
UBE4A,-0.6948703805846663,,0.0
PDLIM7,-0.1011583011583011,,0.0
LAMTOR2,-0.6368450082735797,,0.0
SLC25A38,0.1549917264202978,,0.0
NDUFB11,0.0,,0.0459974977394181
ZFX,0.0,,0.0
MCIDAS,0.0361831218974075,,0.0
SLC29A4,0.3704357418643134,,0.0
MAST3,-0.7246552675124104,,0.0887025397643313
DSG2,-0.3431880860452289,,0.0
AMY1A,0.9335907335907336,,0.0
LSM7,0.8077220077220078,,0.0885630781089002
OCIAD2,0.9915057915057914,,0.0605653156284835
SNORA73A,0.0,,0.0
TRIM21,0.4645339216767787,,0.0
COX6A1,0.5658025372311086,,0.0
TBC1D9,-0.5745173745173745,,0.0412586304819536
KDM5A,-0.9098731384445672,,0.0110512787890919
COX5B,-0.339327082184225,,0.0294552600925299
CCL19,-0.0850523993381136,,0.0
TGM5,0.1222283507997794,,0.0
GPR107,-0.3276337562051847,,0.0
ZFYVE9,-0.7870932156646442,,0.0
EEF1B2,-0.4521787093215664,,0.0
NOTCH2NLC,0.9444015444015444,,0.0
MASP2,0.3314947600661886,,0.0
ATP6V0A1,-0.7111969111969112,,0.0
MXD1,-0.4351902923331494,,0.0
NECAB2,0.7991174848317706,,0.0804126174032121
SMURF1,-0.5639271924986211,,0.0
PCM1,-0.4348593491450634,,0.0
PRKG1,-0.6498621070049642,,0.0
MAP3K14,-0.9145063430777716,1,0.0
RFC2,0.5986762272476558,,0.0
IGKV2D-30,0.0,,0.0
TRIM27,-0.8587975730832873,,0.0
TMEM45A,0.1812465526751241,,0.0
MIXL1,0.9522338665195808,,0.0
RPL7,-0.9866519580805296,,0.0
DNAJC7,-0.8078323221180364,,0.0467769260386506
GPATCH2L,-0.3371207942636514,,0.0876117199298834
PTK7,-0.7697738554881413,,0.0
PEX14,-0.6411472697186983,,0.046779299263072
PRKRA,-0.0650854936569221,,0.0
TSC22D3,0.0,,0.0
NACA,-0.5349145063430778,,0.0724296216382493
GRINA,-0.1875344732487589,,0.0
CCNT1,-0.8792057363485934,,0.0587337733188258
BASP1,0.531715388858246,,0.052309369097314
IGFL1,0.7207942636514064,,0.0
PSMD12,-0.9361279646993932,,0.0579982321793168
CA5A,0.4621070049641478,,0.0
CA5B,0.0,,0.0
TARBP2,-0.1027027027027026,,0.0
ITM2C,0.3413127413127412,,0.02638312305015
OMA1,0.0,,0.0
CCDC102B,0.7335907335907337,,0.0
ELP4,0.5870932156646442,,0.0
FOLH1,-0.2851627137341422,,0.0
GADD45G,-0.2055157198014341,,0.0
TPX2,-0.8944291230005516,,0.0
TCP1,-0.944511858797573,,0.0481779507372572
ATP5MG,0.2743519029233314,,0.0320096074199597
PACS2,-0.6198565912851628,,0.0713662589785154
STON2,-0.5675675675675675,,0.0793130461135761
REPS2,0.0,,0.0752825898609541
NDUFB8,-0.0535024820739106,,0.0
ERC2-IT1,0.0,,0.0868059646247595
ITCH,-0.850965250965251,,0.0
ORM1,0.0518477661334804,,0.0
ACR,-0.0452289023717594,,0.0
GPRASP2,0.0,,0.0560498467311304
OLIG1,0.9473800330943188,,0.0419752886250472
ADGRL1,-0.8850523993381136,,0.0729844544154794
WASHC5,-0.2991726420297849,,0.0
NUCB1,0.0617760617760618,,0.0
WARS2,0.2265857694429123,,0.0
PHF19,-0.7169332597904026,,0.0
CD8B,-0.3440706012134583,,0.0
AP1B1,-0.7137341423055709,,0.0
CACNA2D4,0.3541092112520683,,0.0
GCSAM,0.3583011583011584,,0.0
MYO10,-0.5327082184225042,,0.0762840081050527
GPR139,-0.3985659128516271,,0.0
TAC3,-0.0706012134583563,,0.0
CRACDL,-0.5393270821842251,,0.0863921008765
HMBS,-0.636072807501379,,0.0
SMURF2,-0.6344180915609487,,0.0780205148956682
KIR2DS5,0.0,,0.0
CD226,0.0768891340319912,,0.0
FABP6,0.5820187534473249,,0.010258200491148
DDX21,-0.894980694980695,,0.0
LIG4,0.1381136238279094,,0.0
DAAM2,-0.7023717595146166,,0.0530174134619438
FZD2,-0.4493105350248207,,0.0
EDNRB,-0.5883066740209597,1,0.0219866160819174
SHFL,-0.5178157749586321,,0.0770399488981278
DDIT4L,0.4745725317153888,,0.0490735942169417
ECM1,0.1515719801434087,,0.0
RPL28,-0.4144511858797572,,0.0625920354127488
KMT2D,-0.9836734693877552,,0.0
FXYD6,-0.2698290126861555,,0.0597280252284225
VSTM2A,-0.3713182570325427,,0.0353536547451709
CA11,-0.4666298952013238,,0.0859751223314024
ID3,-0.1787093215664644,,0.0388339297670503
MCM7,0.516822945394374,,0.0
ABCD3,-0.7042471042471042,,0.0
DAG1,-0.8886927744070601,,0.0
RLN2,0.8383894098179812,,0.0
DAD1,-0.0191947049089906,,0.0504217156126048
ARHGAP27,-0.4233866519580805,,0.0
MYLIP,-0.3084390512961942,,0.0246887892809867
RELB,-0.6751241036955322,,0.0
FOXK2,-0.4089354660783232,,0.0
EWSR1,-0.9239933811362384,,0.0549746464434958
CDH12,-0.4813017098731385,,0.0111127892997344
PPP1R7,-0.641588527302813,,0.0824798553697583
ALDH18A1,-0.5471594043022614,,0.0
LIN7A,0.5901820187534472,,0.0
VIPR2,0.1413127413127413,,0.0
IGFBPL1,0.7765030336458907,,0.0
CUTA,0.568781025923883,,0.0749200670149493
F12,0.4961941533370104,,0.0
CAPN10,0.2675124103695532,,0.0
ZNF502,-0.2057363485934914,,0.0
EIF1AD,-0.4510755653612797,,0.0
XPO4,-0.8356315499172642,,0.0
WWC3,0.0,,0.0
PUDP,0.0,,0.0
NCAPG,-0.4763375620518477,,0.0
PNPLA5,0.4923331494760066,,0.0
ZNF727,0.8376172090457805,,0.0
MGAT4C,-0.5072255929398787,,0.0
TRDMT1,0.6369553226696083,,0.0
TNP1,-0.3297297297297297,,0.0
TNP1,-0.3297297297297297,,0.0
MGAT4C,-0.5072255929398787,,0.0
PUDP,0.0,,0.0
WWC3,0.0,,0.0
APIP,0.6246001103143961,,0.0
CAPN10,0.2675124103695532,,0.0
MAN2B1,-0.122338665195808,,0.0
LDOC1,0.0,,0.0851038615466727
LMO4,-0.8616657473800331,,0.0
CDC42EP3,-0.6231660231660232,,0.0099387104286082
AP4E1,-0.6008825151682294,,0.0
GJB2,0.9913954771097628,,0.0
RARS1,0.2003309431880859,,0.0250427503796791
SSPN,0.7223386651958081,,0.0772474875041259
APOO,0.0,,0.0848420383004509
CCDC85B,0.963596249310535,,0.0817778014310469
NT5C3A,0.2955322669608384,,0.0
MARCKSL1,-0.109873138444567,,0.0
SUCO,-0.7563154991726421,,0.0
RIT2,0.7844456701599558,,0.0296310704634255
TUBGCP2,-0.3481522338665196,,0.0469004026051574
ENSG00000280371,0.0,,0.0
ENSG00000279284,0.0,,0.0
COL6A3,-0.6151130722559294,,0.0
CRABP2,0.6936569222283508,,0.0
SCRIB,-0.4579150579150579,,0.0731444131694481
ORM2,0.1703254274682846,,0.0
REEP6,0.5533370104798676,,0.0777808922229706
LTB,0.8367346938775511,,0.0
SUCLG2,0.274131274131274,,0.0
OXLD1,0.9735245449531164,,0.0845218761431428
SNX21,0.7921676778819635,,0.0845184443770897
SAP18,-0.5345835631549918,,0.0814648240657348
DPP7,0.7955874241588528,,0.0597677990784122
APOL1,0.7826806398234969,,0.0
COL6A2,-0.1274131274131273,,0.0
SIGLEC1,0.1838940981798125,,0.0
PPAT,-0.67280750137893,,0.0
PDE7A,0.4391616105901821,,0.0
PSMD10,0.0,,0.0767221993356063
CXCL6,0.9503585217870932,,0.0
RGS11,0.699503585217871,,0.0747050769729737
RRAS,0.3547710976282405,,0.0
MIB2,0.4030888030888031,,0.0765928511959274
ATP6V1F,0.4995035852178708,,0.0571068804995803
SHC2,0.6731384445670161,,0.0
BCL2L13,-0.3843353557639272,,0.0
PLD4,0.7333701047986763,,0.0
C2,-0.1018201875344732,,0.0
RAPGEF1,-0.8702702702702703,,0.0
VPS26A,-0.1621621621621621,,0.0
LACTB,0.1445118587975731,,0.0
UFL1,-0.1185879757308329,,0.0312684987046672
TGS1,-0.1419746276889134,,0.0
NRSN1,0.3843353557639273,,0.0727300751768266
CACNG3,-0.890126861555433,,0.0713646026959516
COX6B1,-0.7715388858246002,,0.0716715589544385
CSNK1G2,-0.711969111969112,,0.0202839801410934
PPOX,-0.5932708218422504,,0.0
ARLN,0.6826254826254827,,0.0
DDX60,-0.1920573634859349,,0.0
NCOA6,-0.839161610590182,,0.0
HCFC2,-0.9180364037506896,,0.0
ZFY,0.0,,0.0
FBXO7,-0.0234969663541092,,0.0232759650799259
NELFCD,-0.1834528405956977,,0.0
CD180,0.91715388858246,,0.0
IHH,-0.6393822393822394,,0.0
SLC45A2,0.0978488692774406,,0.0
RNF146,-0.5776061776061776,,0.0
CHST7,0.0,,0.0
H1-0,0.2945394373965802,,0.0
ATP5MK,0.7494760066188637,,0.0
FUT8,-0.4820739106453392,,0.0
OTUB1,-0.6316602316602317,,0.0
P2RY13,0.2876999448428019,,0.0
C19orf12,-0.6099282956425813,,0.0
BTC,0.4008825151682293,,0.0
SYPL2,0.2966354109211251,,0.0
CD99L2,0.0,,0.0679899274506443
NAIP,0.0712630998345285,,0.0
SILC1,0.0,,0.0728397177268331
NPNT,-0.0437948152233866,,0.0
MAGED1,0.0,,0.0461011163151712
SF3B6,-0.6125758411472697,,0.0
SUB1,-0.8018753447324876,,0.0
H3P8,0.0,,0.0
RPP14,0.7253171538885825,,0.0
CDK2AP2,-0.783342526199669,,0.0
AP3M2,-0.1910645339216767,,0.0827614705615908
MCC,-0.0874793160507446,,0.0672542710629548
RANBP3L,0.395146166574738,,0.0
SPECC1L,-0.7575289575289575,,0.0
MTR,-0.5378929950358522,,0.0
SPTAN1,-0.9430777716492004,,0.0516334313392614
RPL35A,-0.9554329840044126,,0.0
RPL4,-0.965361279646994,,0.0638325337442665
FLT3,-0.7224489795918367,1,0.0
INO80D,-0.8452289023717595,,0.0568804720331804
LRRC32,-0.4317705460562603,,0.0
OAS2,0.2005515719801434,,0.0
QPCTL,0.493215664644236,,0.0
ALPI,0.3367898510755653,0,0.0
CD247,-0.5278543849972421,,0.0
AGPS,-0.7863210148924434,,0.0
ITPK1,-0.4225041367898511,,0.0
ACADVL,0.1962493105350249,,0.0158707340594676
SLIRP,0.6244897959183673,,0.0824526471110538
NCF2,-0.2874793160507446,,0.0
TMPO,-0.3872035300606729,,0.0
LMF1,0.6362934362934363,,0.082280938997032
CAPN3,-0.1264202978488693,,0.0
JPH3,-0.83849972421401,,0.0
AIP,-0.5370104798676227,,0.0
DNMT3L,0.3607280750137893,,0.0
RAB11B,-0.4943188086045229,,0.0
KIR2DS2,0.0,,0.0
ATF6B,-0.3637065637065637,,0.0
KLKB1,0.0102592388306674,,0.0
NINL,0.2453392167677881,,0.0
OGN,-0.142084942084942,,0.0
BUB1,-0.4001103143960287,1,0.0
ACTBP2,0.0,,0.0
IRS4,0.0,,0.0
CCT6A,-0.9351351351351352,,0.0
RHOC,0.1032542746828462,,0.0
METAP1,-0.159073359073359,,0.0498220731173177
ELOVL4,-0.504688361831219,,0.0284985841647436
PRH1,0.7496966354109211,,0.0
TALDO1,0.0842801985659129,,0.0580676268901182
FBXW11,-0.8423607280750138,,0.0
PSMB1,-0.6326530612244898,,0.0
CD300LF,0.2432432432432432,,0.0
IDS,0.0,,0.0
BMPER,-0.5008273579702152,,0.0
DRD5,0.8822945394373967,,0.0
THYN1,0.5629343629343628,,0.0818239872056213
TIAL1,-0.9483728626585768,,0.0
PSTPIP1,0.6223938223938223,,0.0
PAX7,-0.6838389409817982,,0.0
CDK9,0.2987313844456702,1,0.0
GCNT2,0.5779371207942636,,0.0
DMAC2,0.5306122448979591,,0.0817778014310469
PHF24,-0.2818532818532818,,0.0725818532010473
LY96,0.9664644236072808,,0.0
LGALS8,0.566023166023166,,0.0656199223597758
DBT,0.4594594594594594,,0.0679278019497469
ERICH3,0.2642029784886928,,0.0670390545040002
CUL9,-0.8590182018753447,,0.0
NKX2-1,-0.6633204633204632,,0.0
ANKS1B,-0.8884721456150028,,0.0
RPS11,-0.9817981246552676,,0.0
NIT2,0.4519580805295091,,0.0713034156602056
TRIM25,-0.0820739106453392,,0.0
SPOCK2,-0.1196911196911196,,0.0
CISD3,0.2849420849420849,,0.0
TM2D1,0.2272476558190843,,0.0
MEA1,0.6370656370656371,,0.0734403745749047
APPBP2,-0.8530612244897959,,0.0
OTULIN,-0.4829564258135687,,0.0
PTGER3,-0.319911748483177,0,0.0
PSMB3,-0.7380033094318809,,0.0721368656781594
NMB,0.705350248207391,,0.0
NR2F6,0.4615554329840043,,0.0
RPS20,-0.7073359073359073,,0.0
KAZN,-0.4548262548262548,,0.0185902846268875
AMH,0.9834528405956976,,0.0
IL20RB,0.0487589630446774,,0.0
KPRP,0.9471594043022616,,0.0
RAB8B,-0.2888030888030888,,0.0
LINC01963,0.0,,0.0
AGBL1,0.5258687258687258,,0.0
MEPCE,-0.8594594594594595,,0.0
GCLM,0.7695532266960838,,0.0
IGSF8,0.1141753998896855,,0.0
P2RY10,0.0,0,0.0
CTSA,-0.2025372311086597,,0.0
CTR9,-0.8289023717595146,,0.042955780690163
TYMP,0.695642581356867,,0.0
SCO2,0.826034197462769,,0.0
RTL8C,0.0,,0.0803895118936986
PDE12,-0.356315499172642,,0.0
TRPC4AP,-0.616657473800331,,0.0
NCR1,0.4359624931053503,,0.0
PC,-0.6457804743519029,,0.0
VPS13A,-0.4400441257584114,,0.0
TRA2A,0.0166574738003308,,0.0
SLC25A14,0.0,,0.0
IFI44L,0.4735797021511307,,0.0
TRIM69,0.0168781025923883,,0.0
EYA1,-0.8940981798124655,,0.0355532277998466
FCGRT,-0.4281301709873139,,0.0
TNRC6A,-0.9190292333149476,,0.0
CAPN13,0.2689464975179261,,0.0
IFFO1,-0.1008273579702151,,0.0
NR0B1,0.0,,0.0
MPST,0.6850523993381137,,0.0
GPC3,0.0,,0.0153467705281427
SECISBP2L,-0.705350248207391,,0.0722473050562935
ALDH3A2,0.0068394925537782,,0.0331345603410345
H3P13,0.0,,0.0
COL5A2,-0.9924986210700496,,0.0190495277715004
FETUB,0.3744070601213458,,0.0
FBXL17,-0.4678433535576393,,0.0797998366478864
LCOR,-0.8557087699944843,,0.0575808041497278
CNTN6,0.5281853281853282,,0.0
NUCKS1,-0.8992829564258136,,0.0164139021747867
NRL,0.9457253171538886,,0.0
CRYL1,0.5082184225041368,,0.0
NDUFA3,0.6597904026475454,,0.0653300432297877
HOMER3,0.4333149476006619,,0.0
EPC2,-0.9546607832322118,,0.0
MT-ATP8,0.0,,0.0
ACTL6B,-0.0277992277992278,,0.0795077901425117
PIK3R4,-0.8365140650854936,,0.0263006145455116
COL6A1,-0.4272476558190844,,0.0
TUBG1,-0.5898510755653612,,0.0793715911879278
HAT1,0.6379481522338666,,0.0
CAVIN1,0.2199669056811914,,0.0
MYH10,-0.9248758963044678,,0.0
POLR2K,0.0,,0.0
LINC00663,0.0,,0.0793011842939352
DPYSL3,-0.8049641478212907,,0.0
BCAS1,-0.1952564809707666,,0.0699740082800963
NLGN2,-0.7943739658025373,,0.0
DOK3,0.6629895201323772,,0.0122341358095838
LINC01104,0.0,,0.0
DAND5,0.6974076116933259,,0.0
ZNF787,0.4061776061776061,,0.0
LRCH1,-0.7106453392167678,,0.0
POLD3,-0.7831218974076117,,0.0
CAPRIN1,-0.8248207391064534,,0.0
SREK1IP1,-0.0542746828461113,,0.0
PIP4P1,-0.4381687810259239,,0.0
SESN3,-0.766354109211252,,0.0
LAYN,0.2045228902371758,,0.0
HMGB3,0.0,,0.0
NPHS1,-0.1697738554881411,,0.0
LIN28B,-0.7820187534473249,,0.0
TTLL6,-0.1591836734693877,,0.0
NLRP13,0.0927744070601213,,0.0
SMIM20,-0.1045780474351902,,0.0
ZNF37A,0.4567015995587424,,0.0790056818025168
LINC00662,0.0,,0.0
KLHL5,-0.4214009928295642,,0.0701665659608356
SCPEP1,0.1913954771097628,,0.0
RTF2,-0.2774407060121345,,0.0
STOX2,-0.6039713182570325,,0.0787188764132911
DYNC1I1,-0.507777164920022,,0.0692182921951281
PPFIBP1,-0.0982901268615554,,0.0756467436803587
IL36RN,0.5234418091560948,,0.0
EFNA1,-0.5803640375068946,,0.0
ACTN4,-0.9321566464423608,,0.0
CA1,0.8478764478764478,,0.0
CD1C,0.6154440154440155,,0.0
RBBP6,-0.9494760066188638,,0.0114621346516193
TWIST1,0.6486486486486487,,0.0
PGLS,0.7603971318257032,,0.0783703930380866
CCN4,0.3190292333149476,,0.0
GUCY1B1,-0.2889134031991175,,0.0783077804180788
PRR11,-0.02426916712631,,0.0782966862744585
GJB1,0.0,,0.0
TUBG2,-0.112630998345284,,0.0439807951171202
DGCR8,-0.9096525096525097,,0.0
H1-5,0.7861003861003861,,0.0
UBE2W,0.5597352454495312,,0.0781282439386434
EFNA5,-0.7131825703254275,,0.0
TNFRSF11A,-0.1563154991726419,,0.0
ATAT1,0.0118036403750689,,0.0
CASP10,0.1427468284611142,,0.0
WLS,-0.714065085493657,,0.0
RASGRF1,-0.8456701599558742,,0.0220870823427392
TMEM39A,-0.5948152233866519,,0.0
WDR11,-0.5473800330943188,,0.0562808348169722
DTYMK,0.6095973524544953,,0.0
ATP1B2,-0.6591285162713734,,0.0375824028683819
CSN3,0.6618863761720906,,0.0
ADNP2,-0.1266409266409266,,0.0
ARSA,0.3427468284611141,,0.0
GTF2H4,0.0264754550468835,,0.0
DUOX1,-0.1365692222835079,,0.0
SLC10A2,0.6591285162713734,,0.0
IFI44,0.3756205184776613,,0.0
GALR1,0.0244897959183674,,0.0
SCAF4,-0.8991726420297849,,0.0
NPEPL1,0.4966354109211253,,0.0
SERPINB13,0.298069498069498,,0.0
ALYREF,-0.9337010479867622,,0.0
PRKACB,-0.6745725317153888,,0.0
MIP,-0.0469939327082183,,0.0
CPT2,0.1299503585217871,,0.0
VIPR1,0.5472697186982902,,0.0
FOCAD,-0.0187534473248759,,0.0482606239280524
TAFA1,-0.7602868174296746,,0.0773639946051546
PLEK,-0.2724765581908439,,0.0
UBA5,-0.2252619966905681,,0.0
TCIRG1,0.4165471594043022,,0.0
PTGR3,0.341092112520684,,0.0260192610303941
SLAMF1,-0.5576392719249862,,0.0
PAXIP1,-0.9061224489795918,,0.0
RFFL,-0.549034749034749,,0.0772289925143659
PREX2,-0.5010479867622725,,0.0596210529666005
OPCML,-0.6529509100937672,,0.0
NUDT11,0.0,,0.0
SRSF2,-0.6645339216767788,,0.0515431090838588
ARMC9,0.0119139547710975,,0.0
BABAM2,-0.3615002757859901,,0.0457258207014973
SLC14A1,0.2488692774407059,1,0.0446441953532586
GFER,0.9020408163265304,,0.0
HLA-DOB,0.4089354660783233,,0.0
TGFBI,-0.1940430226144511,,0.0
PPP5C,-0.7345835631549917,,0.0
MFSD11,-0.0236072807501378,,0.0
ZUP1,0.2648648648648648,,0.0101543591768655
TOP1,-0.9891891891891892,0,0.0662975258827153
TUBB2B,-0.8560397131825703,,0.0096344781914048
MINDY4,-0.1047986762272477,,0.0
HSD17B6,-0.2405956977385549,,0.0
MYEF2,-0.4867071152785438,,0.0
POU3F3,-0.7063430777716492,,0.0615936312535818
RGPD5,0.0,,0.0767909527637164
OAS3,0.2515168229453943,,0.0
AARS1,-0.331715388858246,,0.0334241982240497
PDE2A,-0.6162162162162161,1,0.0
TIMM23,-0.2881412024269167,,0.0665782050145718
MRPL40,0.3052399338113623,,0.06817944504026
PAQR8,0.0065085493656922,,0.0142941313996956
TRMT1,0.007280750137893,,0.0506992767153507
CA3,0.407942636514065,,0.0
CHPT1,0.5974627688913403,,0.0
DZIP1,0.0730281301709874,,0.0
SEPTIN4,-0.5664644236072808,,0.0
GRIK2,-0.7120794263651407,,0.0635505699991162
PTRH2,0.5335907335907335,,0.0764721755788115
ABCB7,0.0,,0.0
ITIH1,0.1817981246552675,,0.0
PLS1,-0.4378378378378378,,0.0
IDH3G,0.0,,0.0
AHSA2P,0.0,,0.0
AHSA2P,0.0,,0.0
IFIT5,0.0493105350248206,,0.0
DEGS1,0.1522338665195808,,0.0
ASPM,-0.3402095973524545,,0.0
EHD1,-0.471042471042471,,0.0
MTX2,0.2365140650854935,,0.0762002107058792
NT5C,0.3716492002206288,,0.0
RIN2,-0.5223386651958081,,0.0731255007450383
GPR37L1,0.6625482625482626,,0.0708319201422935
ZNF573,-0.0837286265857694,,0.076132502074935
POLE3,0.3181467181467181,,0.0138619511388727
ST6GALNAC4,0.2535024820739107,,0.0
IPO5,-0.9787093215664644,,0.0219658125170333
SENP8,0.1531163816878102,,0.0
SPRR2E,0.775399889685604,,0.0
CDK11A,0.3179260893546607,1,0.0
FMOD,-0.2792057363485934,,0.0
UBASH3A,0.1308328736900166,,0.0
DDRGK1,0.4049641478212906,,0.0
CYP21A1P,0.0,,0.0
MSMP,-0.014892443463872,,0.0
HSP90AB4P,0.0,,0.0
CMSS1,0.0959735245449531,,0.0
DAZL,-0.9562051847766132,,0.0
LAMC1,-0.9135135135135136,,0.0
VAT1L,0.1669056811913953,,0.0
SOCS5,0.0179812465526751,,0.0
CHD3,-0.919249862107005,,0.0
SYCP1,-0.7891891891891891,,0.0
TRIM67,-0.2119139547710976,,0.0
UBE2G2,-0.2528405956977385,,0.0
CIAO1,0.1654715940430227,,0.0
PPP1R12B,-0.3975730832873689,,0.0
ABCB5,0.3592939878654164,,0.0
C10orf105,0.9932708218422504,,0.0
RPGR,0.0,,0.0
SPRR2A,0.9531163816878104,,0.0
A1CF,-0.2456701599558742,,0.0
ASIP,0.8433535576392719,,0.0
ROPN1L,0.6007722007722007,,0.0
SERPINA12,0.255819084390513,,0.0
TUBB1,0.7351351351351352,,0.0
PCDHA4,0.013127413127413,,0.0
CHAF1A,-0.99161610590182,,0.0
PGAP6,0.3755102040816327,,0.0
NANOS2,0.3042471042471042,,0.0
FTX,0.0,,0.0445333740803245
NR5A1,-0.8761169332597905,0,0.0
ERN2,0.4001103143960287,,0.0
ACSS3,-0.0662989520132377,,0.0680901278178045
BTD,0.4150027578599007,,0.0
TRHR,-0.3664644236072807,,0.014813478366586
STAU1,-0.8650854936569222,,0.0
CCR8,0.979591836734694,0,0.0
RREB1,-0.8316602316602316,,0.0
MMP24,-0.5751792608935467,,0.0
ME2,0.174296745725317,,0.0278044582589031
TNIK,-0.8563706563706563,,0.0337232940102331
STOX1,-0.0617760617760617,,0.0
TMEM132D,-0.6884721456150027,,0.0218808995267377
TUBB2A,-0.7409817981246553,,0.0242214984451045
USH2A,-0.1953667953667953,,0.0
PCDH9,-0.7855488141202427,,0.0
ATP8B1,-0.5440706012134584,,0.0341871025246182
RPN1,-0.8851627137341423,,0.0645515403946296
CBX5,-0.4022062879205736,,0.008642191861427
POLR2I,-0.0426916712630998,,0.075157716849514
GTF2H2,0.8785438499724214,,0.0
GNG2,0.6221731936017649,,0.0267742815219658
TAGLN2,-0.2212906784335355,,0.0
NKAIN4,0.6403750689464975,,0.0750685585328729
SAMD11,0.827357970215113,,0.0
MANBAL,-0.3040264754550469,,0.0750421500380131
WDR77,0.1574186431329287,,0.0
H3P33,0.0,,0.0
MAP3K1,-0.8420297848869278,,0.0
DGCR5,0.0,,0.0685987184718332
RAB27B,-0.0089354660783231,,0.0353316214223072
MMADHC,0.0300055157198013,,0.0749350184170751
ZGPAT,0.2337562051847765,,0.0
MAT2A,-0.9780474351902924,1,0.0
NDUFB1,0.7461665747380033,,0.0
HCAR1,0.8336458907887478,,0.0
ATP1B3,-0.5450634307777165,,0.0
FAM98B,0.491891891891892,,0.074774815117245
SLC38A1,-0.667953667953668,,0.0
CNN3,-0.7611693325979041,,0.0228857363746475
TSPAN31,-0.0767788196359624,,0.0746996681050078
CNST,-0.3076668505239933,,0.0746785027810197
ITGA7,-0.383342526199669,,0.0648354013195598
FSD1,-0.6108108108108108,,0.074668306366003
CBX1,-0.4086045228902372,,0.0
ADAM19,-0.3815774958632101,,0.0
KLHL20,-0.6467733039161611,,0.0
SLC39A4,0.4685052399338114,,0.0373744791398452
KATNB1,-0.5013789299503586,,0.0650493507160581
ITGA11,-0.2080529509100938,,0.0
GNLY,0.7166023166023165,,0.0
WFDC2,0.6713734142305572,,0.0
ATP2B3,0.0,,0.0
OR10G7,0.0,,0.0
DMWD,-0.5033645890788747,,0.0
PROCR,0.4660783232211802,,0.0
MC2R,0.5953667953667954,,0.0
TOP3B,-0.5295091009376723,,0.0
NFS1,-0.4794263651406508,,0.0
DAAM1,-0.67865416436845,,0.0744582417754155
KLF3,-0.7205736348593492,,0.0744515175854762
CA10,-0.4622173193601765,,0.0698749900499726
AKAP4,0.0,,0.0
DKC1,0.0,,0.0
MSLN,0.6676227247655819,,0.0
NARS2,0.4562603419746276,,0.0
RGPD2,-0.3623827909542195,,0.0
TRIM14,0.1696635410921125,,0.0422315066817008
WAS,0.0,,0.0
CHDH,0.2193050193050192,,0.0
CCDC174,-0.0723662437948152,,0.0
CCDC136,-0.0774407060121346,,0.0237041413382632
KLRK1,0.7745173745173746,,0.0
CD82,0.4157749586321015,,0.0
TMEM170A,0.9385548814120244,,0.0742347209446084
PNPLA2,0.4161059018201876,0,0.0
MMP19,0.4906784335355765,,0.0
SNRNP48,0.5806949806949806,,0.074186951758297
CABP1,-0.0189740761169332,,0.0414056327296056
H2AC8,0.9339216767788197,,0.0
GAS1,0.8444567015995588,,0.0351955495665636
PDSS1,0.33723110865968,,0.0
REEP3,0.3691119691119691,,0.0688034908013199
ZNRF3,-0.685273028130171,,0.0740963402451345
CASD1,-0.5481522338665196,,0.0618902725945917
ZBTB33,0.0,,0.0
ZBTB7A,-0.1564258135686707,,0.0663840424336267
SLAMF6,-0.3557639271924986,,0.0
MRPL9,0.5692222835079979,,0.0738257866949593
PTPN3,-0.166023166023166,,0.0
PRDM2,-0.8895752895752895,,0.0707213361278508
RNPS1,-0.9922779922779924,,0.0
HR,-0.2088251516822945,,0.0
CLEC16A,-0.5191395477109763,,0.0
RNF135,0.6789851075565361,,0.0653443055325566
SSTR3,0.9111969111969112,1,0.0
PDE1A,-0.1968008825151682,1,0.0
HAL,0.4052950910093766,,0.0
RPS6KA5,-0.7034749034749035,,0.0223075800682051
UBE2E3,-0.7767236624379481,,0.0
DOCK5,-0.4669608383894098,,0.0735879097817809
SLC44A1,-0.7552123552123552,,0.0315800481492473
ERAP1,-0.0372862658576944,,0.0
CEP295,-0.3890788747931605,,0.0735828458913634
IL17RC,-0.3228902371759514,,0.0
UBD,0.6683949255377828,,0.0
NPY6R,0.0,,0.0
NPY6R,0.0,,0.0
TRIP10,-0.2628792057363486,,0.0
FHL1,0.0,,0.0
EBP,0.0,,0.0
GRP,0.8455598455598456,,0.0
LAMA4,-0.4228350799779371,,0.0
MRPS12,0.7249862107004965,,0.0
CASQ2,0.5338113623827909,,0.0
KCNH8,-0.2696083838940981,,0.0
CSTF1,-0.9904026475455048,,0.0
RPL11,-0.8520683949255378,,0.0
MAP1S,-0.3233314947600662,,0.0610888725853998
EIF4G1,-0.9997793712079428,,0.0
SOS1,-0.8967457253171539,1,0.0
RPS2,-0.697738554881412,,0.0
CDH4,-0.6508549365692222,,0.0
NID2,-0.5152785438499724,,0.0
R3HDM1,-0.8124655267512411,,0.048778847710937
AMBRA1,-0.6998345284059571,,0.0
ARHGEF26,-0.1853281853281853,,0.072955252141471
BANK1,0.3258687258687258,,0.0
CPB1,0.3436293436293436,,0.0
STXBP2,-0.1634859349145063,,0.0
JCHAIN,-0.0029784886927743,,0.0
GPR35,0.9273028130170988,1,0.0
MIR99A,0.0,,0.0
DRC7,-0.1482625482625482,,0.0
CPNE6,-0.5111969111969112,,0.0
ALDH3B2,0.7071152785438499,,0.0
PLCXD1,0.0,,0.0
CDC27,-0.8144511858797573,,0.0
MIR24-2,0.0,,0.0
ZCCHC4,0.0479867622724765,,0.0
CENPX,0.7746276889134032,,0.0
EIF3L,-0.5877551020408163,,0.0
LINC00908,0.0,,0.0
MMP27,0.534804191947049,,0.0
SLC30A7,0.257915057915058,,0.0
PIGM,0.0110314396028681,,0.0
TAS1R3,0.7600661886376172,,0.0
NOTCH2NLA,0.0,,0.0
CPNE5,-0.4421400992829564,,0.0
UTP20,-0.6370656370656371,,0.0
SEPTIN11,-0.4976282404853833,,0.0
COL6A4P2,0.0,,0.0
MFNG,0.1409817981246552,,0.0
MRPS35,0.3458356315499173,,0.0
EHD4,0.0884721456150028,,0.0
PRORP,0.0517374517374518,,0.0
AGR3,0.9596249310535026,,0.0
SLC22A10,0.5468284611141754,,0.0
ARL15,0.5157198014340871,,0.0
COL6A4P1,0.0,,0.0
GAPDHS,0.3968008825151683,,0.0
TMEM106C,0.3249862107004964,,0.0
ZW10,-0.3956977385548814,,0.0
ATG4A,0.0,,0.0
YES1P1,0.0,,0.0
NOTCH2NLB,0.50711527854385,,0.0
PLCXD1,0.0,,0.0
OST4,0.9441809156094872,,0.0653300432297877
THSD7A,-0.6888030888030888,,0.0
FRMD8,0.3145063430777717,,0.0598181742796808
SPATA13,-0.567457253171539,,0.0481024739115179
C16orf95,0.7895201323772751,,0.0
GRK3,-0.4992829564258135,,0.0
DLX5,-0.6912300055157198,,0.0
CSN1S1,0.8571428571428572,,0.0
GATA2,-0.858907887479316,,0.0
CDK16,0.0,1,0.0
PHPT1,0.7132928847214561,,0.0
ATG13,-0.7167126309983453,,0.0
KLB,-0.5125206839492553,,0.0
IFI30,0.6869277440706012,,0.0
TUBA1C,-0.4515168229453944,,0.068548011716897
ISL1,-0.934142305570877,,0.0
PBK,0.1626034197462769,,0.0
CDK15,0.5003861003861003,1,0.0
HSPA12A,-0.5734142305570877,,0.061256281513603
MS4A8,0.6444567015995588,,0.0
PRP4K,-0.9470490899062328,,0.0
MGRN1,-0.5452840595697739,,0.0634927717378919
TLK1,-0.856150027578599,,0.0
H2AC4,0.8813017098731384,,0.0
HBG2,-0.8137892995035853,,0.0
MTCH1,-0.4009928295642582,,0.0
CDX2,-0.556646442360728,,0.0
CYP51A1,0.3266409266409267,,0.0
DAGLA,-0.8821842250413678,0,0.0
STX4,-0.2297848869277441,,0.0
CILK1,-0.3289575289575289,,0.0
CDC123,0.0793160507446222,,0.0725112870914493
MAPRE2,-0.6961941533370104,,0.0641068284209673
SULT4A1,-0.5150579150579151,,0.0613984661065143
SEMA6A,-0.8573634859349145,,0.0610424888039226
RHOJ,-0.2066188637617209,,0.0462162852057989
SLC4A10,-0.7926089354660784,,0.0
BID,0.7170435741864314,,0.0
AHNAK2,-0.0886927744070601,,0.0646913703185125
KCNH2,-0.6103695532266961,,0.0
UGT1A1,0.1332597904026475,,0.0
BNC1,-0.9493656922228352,,0.0
FCRL3,0.5483728626585769,,0.0
DDX3Y,0.0,,0.0
ST8SIA4,-0.4605626034197463,,0.0
ZCWPW1,-0.2627688913403199,,0.0
NDRG3,-0.4913403199117485,,0.0668231624641336
SMYD2,0.2255929398786542,1,0.0721378501981942
SAMM50,-0.1576392719249861,,0.0720672964151797
BHLHE41,0.4140099282956426,,0.0
TOM1L2,-0.5503585217870932,,0.0
KCNQ4,-0.5661334804191946,,0.0
RS1,0.0,,0.0
PACC1,0.2123552123552123,,0.0
SEM1,-0.3599558742415885,,0.0206015377383962
BST1,0.7605074462217318,,0.0
NF2,-0.9637065637065636,,0.0
ESRRB,-0.6200772200772201,,0.0
PLXNA1,-0.7032542746828461,,0.0619941259350436
M6PR,-0.2201875344732488,,0.0271690281708749
NDUFV3,0.6549365692222835,,0.062469667298473
NRP2,-0.6180915609487039,,0.0247505187042049
GDF5,-0.4222835079977937,,0.0
GP6,0.8116933259790402,,0.0
PLXDC2,-0.3562051847766133,,0.0326336756774516
SLC2A8,0.7353557639271926,,0.0
CA9,0.0967457253171539,0,0.0
ECSCR,0.4794263651406509,,0.0
SLC13A5,-0.6327633756205184,1,0.0
SHROOM2,0.0,,0.0
MID1IP1,0.0,,0.0
H2AC12,0.9418643132928848,,0.0
TMPRSS4,-0.0501930501930502,,0.0
FMNL1,-0.705019305019305,,0.0
SARS2,0.0945394373965802,,0.0
PPP1R17,0.5245449531163817,,0.0
SRL,-0.2389409817981246,,0.0
TAF3,-0.9885273028130172,,0.071731321692173
PTH1R,-0.4828461114175399,,0.0
NME2,0.6762272476558191,,0.0
SALL3,-0.3607280750137893,,0.0716497761839053
VPS4B,-0.6336458907887479,,0.0310622017894339
TNS3,-0.7645890788747931,,0.0652471801387868
PPM1E,-0.7107556536127965,,0.0310185567695342
RPS5,-0.8767788196359625,,0.0
IGKV1D-22,0.0,,0.0
NEU4,0.7094318808604523,,0.0
KIF4B,0.112630998345284,,0.0
GALNT12,0.1565361279646993,,0.0
NCBP1,-0.9548814120242692,,0.0
XCR1,0.8090457804743518,,0.0
IGKC,0.0,,0.0
SLA,0.1211252068394925,,0.0
SGCB,0.4954219525648098,,0.0
GLRA3,0.4453392167677881,,0.0
ELOVL3,0.2908990623276337,,0.0
BCLAF1,-0.9480419194704908,,0.042178249866148
GATB,-0.2229453943739657,,0.0712853837837148
RNF217-AS1,0.0,,0.0
HLA-S,0.0,,0.0
RAB29,-0.3045780474351903,,0.0
SLC39A6,0.013458356315499,,0.0
GRB10,-0.8330943188086045,,0.0
FPR3,0.9360176503033646,,0.0
ATP5F1E,0.7710976282404853,,0.0
SPANXB1,0.0,,0.0
PDX1,0.7634859349145064,,0.0
ATP13A1,-0.578157749586321,,0.0682139673320616
TREX1,0.4728075013789299,,0.0
CERS3,0.3007170435741864,,0.0
CRYZ,0.7141753998896856,,0.0
RPSA2,0.7651406508549365,,0.0
STAB1,-0.2175399889685604,,0.0
HAO2,0.5418643132928846,,0.0
SYPL1,-0.6392719249862107,,0.0414292383121263
SLC39A8,-0.566023166023166,,0.0
RPL37A,-0.1744070601213458,,0.0
TCL1A,-0.0825151682294539,,0.0
B3GALT4,0.6849420849420849,,0.0
PTGES3,-0.1742967457253171,,0.0572571198811289
RPS6KL1,0.0163265306122448,,0.0710149737334574
TMEM63C,-0.7544401544401544,,0.0
SLCO1C1,0.3194704908990624,,0.0613869963400269
BRINP2,-0.7825703254274683,,0.0402641072920785
GAS2L1,0.1387755102040817,,0.0708328857312386
RPL3,-0.9744070601213458,,0.0624541725712308
ERMP1,0.441257584114727,,0.0388585648531931
DLEU2,0.0,,0.0
GYPE,0.2678433535576392,,0.0
CCND3,-0.6337562051847766,,0.0
THRSP,0.6004412575841147,,0.0
LARP1,-0.7889685603971318,,0.0
TMED1,0.6356315499172642,,0.0
NAA38,0.8110314396028682,,0.070472307799715
F3,-0.2234969663541092,1,0.06252672525088
COBL,-0.5214561500275786,,0.0
RYBP,-0.9716492002206288,,0.0
NUDT3,-0.4655267512410369,,0.0
CLEC12A,0.5763927192498621,,0.0
RPL7A,-0.9974627688913404,,0.0
MAEA,-0.4321014892443464,,0.0
CYP4A11,0.2657473800330943,,0.0
HERC1,-0.8624379481522338,,0.0
GPIHBP1,0.8050744622173194,,0.0
CBLN2,0.2621070049641478,,0.0384144544834283
SLC18B1,0.7091009376723663,,0.0642647397002302
ASXL1,-0.0873690016547159,,0.0
INSIG1,0.088361831218974,,0.0
CPEB4,-0.8971869829012686,,0.0444228095541518
TAF7,-0.5837837837837838,,0.0625855332894928
EPDR1,0.7541092112520684,,0.0590915543144386
HSDL2,0.3531163816878102,,0.0412327071860578
SH3BGRL2,0.9345835631549916,,0.0586916831305226
MPZ,-0.4254826254826255,,0.0
AGPAT1,-0.8304467733039161,,0.0
FHOD3,-0.5742967457253172,,0.0670136996604093
ANXA7,0.1585217870932156,,0.0
GTPBP4,-0.7890788747931605,,0.0
COMMD9,0.692222835079978,,0.0700225542301825
GALNT18,-0.1927192498621069,,0.0367927248908643
RASSF2,0.0382790954219525,,0.060094293475845
MAB21L1,-0.7207942636514065,,0.0
GLRA1,0.0115830115830115,,0.0
IGHA2,0.0,,0.0
ABCG5,0.4130170987313843,,0.0
IGHA1,0.0,,0.0
HLX,-0.7770546056260342,,0.0
SEMA4C,-0.8824048538334253,,0.0
HHLA2,0.5341423055708769,,0.0
FAM8A1,0.4441257584114726,,0.0
TCHH,0.85438499724214,,0.0
BEX3,0.0,,0.0
MYH7,-0.5129619415333702,,0.0
PEX6,-0.2884721456150028,,0.0
ARF5,-0.4572531715388858,,0.0
HSD17B4,-0.197904026475455,,0.0
RAB3GAP2,-0.6495311638168781,,0.0
HPCAL4,0.4945394373965803,,0.0
CLASRP,-0.4359624931053503,,0.0
PRNT,0.0,,0.0
UBE2M,-0.9079977937120794,,0.0
COL14A1,-0.4746828461114175,,0.0
CAVIN2,0.7376723662437947,,0.0
BRIP1,-0.2078323221180363,,0.0
CYB5R3,0.1907335907335907,,0.0
HMGCS2,0.2494208494208494,,0.0
RNPEP,-0.0152233866519581,,0.0
AIRN,0.0,,0.0
BHLHE22,0.5224489795918368,,0.0117464609304816
USP13,-0.3378929950358521,,0.0
MOAP1,0.8678433535576393,,0.0
ECH1,0.2063982349696635,,0.0
FAM174B,0.8662989520132378,,0.061951762586722
TMEM178A,-0.205184776613348,,0.0350065125893196
UBXN4,-0.3250965250965251,,0.0295314098703774
COIL,-0.3580805295091009,,0.0172790161722186
ORC5,-0.3706563706563707,,0.0618462195030045
TAGLN,0.170215113072256,,0.0
CLN3,0.0985107556536128,,0.0
KLK11,-0.0335355763927192,,0.0
LNX1,-0.0522890237175951,,0.0647802068622697
TRPS1,-0.9910645339216768,,0.0617196903040478
NPC2,0.6237175951461666,,0.0
TMEM135,-0.3758411472697187,,0.0339398332561402
WDFY3,-0.956315499172642,,0.0165878585705295
TMX1,0.0733590733590734,,0.0593623096712916
TESK1,-0.790292333149476,,0.0692262133338685
DNAJC3,-0.3834528405956977,,0.0316944820926753
HAPLN2,0.6080529509100938,,0.0
ADGRB3-DT,0.0,,0.0691215557335929
COX10,-0.0593491450634308,,0.0
RPL12,-0.2665195808052951,,0.0
PINX1,0.948372862658577,,0.0
PINX1,0.0,,0.0
NECTIN3,-0.8743519029233315,,0.0
ITPRIP,0.3014892443463872,,0.0
SPSB1,-0.5151682294539437,,0.0
PINX1,0.7853281853281853,,0.0
EMX2OS,0.0,,0.0689802533903451
COL4A2,-0.5459459459459459,,0.0
CACNA1E,-0.9439602868174296,,0.0386164389428151
TNMD,0.0,,0.0
RBBP4,-0.9825703254274682,,0.0
LSM4,0.106784335355764,,0.0201611027137258
VTI1B,-0.1407611693325978,,0.0604847500445454
INMT,0.6614451185879757,,0.0
C2orf80,0.5148372862658577,,0.0686757941026455
FAM181B,0.8820739106453392,,0.0656188217936528
PLA2G5,0.1617209045780474,1,0.0
SOX8,-0.1111969111969112,,0.0135827207117286
TMEM205,-0.2275785990071704,,0.0609696126226408
JAK3,-0.0625482625482625,1,0.0
NPM1,-0.8768891340319912,,0.0
ATP2C2,0.7984555984555985,,0.0
METTL5,0.8468836183121897,,0.0
DMTF1,-0.6451185879757309,,0.0
SKAP1,0.2548262548262547,,0.0
LNPK,-0.0067291781577495,,0.0
BHMT,-0.1461665747380033,,0.0
TDRD5,-0.7797021511307225,,0.0
FBRSL1,-0.1485934914506342,,0.0
LOXHD1,-0.1256480970766684,,0.0
CBFA2T3,-0.0208494208494208,,0.0
KCNT2,-0.3748483177054605,,0.0
PDE1C,-0.2172090457804744,1,0.0
SNHG16,0.0,,0.0
NCKAP1L,-0.7305019305019305,,0.0
CTSW,0.2926640926640926,,0.0
AP1G1,-0.991285162713734,,0.0
LINC00472,0.0,,0.0
HTR1D,0.4017650303364588,1,0.0
PDLIM1,0.1865416436845008,,0.0
SVIP,0.9195808052950912,,0.0
TAAR5,0.7855488141202427,,0.0
ARIH1,-0.8845008273579702,,0.0
ZMYND11,-0.9739658025372312,,0.0
NTNG2,-0.6872586872586872,,0.0
LARS1,-0.3050193050193049,,0.0
MRAS,-0.7464975179260893,,0.0
ANGPT4,0.3748483177054604,,0.0
FCRLA,0.368119139547711,,0.0
SGTB,-0.6257032542746828,,0.0
AGR2,0.5504688361831218,,0.0
MYOC,0.5544401544401545,,0.0
SLC13A2,-0.1867622724765582,,0.0
NRM,0.4719249862107004,,0.0
RPL38,-0.7291781577495864,,0.0
ZNF714,-0.0740209597352454,,0.0
MYCBP2,-0.9287369001654716,,0.0
SLC6A20,0.5307225592939879,,0.0
SEMA4B,-0.149034749034749,,0.0
PSMC1,-0.9175951461665748,,0.0
HNRNPD,-0.9421952564809708,,0.0
SETD1B,-0.9917264202978489,,0.0
ADGRE1,-0.0312189740761169,,0.0
ARHGEF6,0.0,,0.0
GBP3,0.2208494208494209,,0.0
GNG12,-0.2984004412575841,,0.0
HIVEP2,-0.9907335907335908,,0.0
KLHL17,0.4903474903474902,,0.0
SOX11,0.3140650854936568,,0.0
PCIF1,-0.9374517374517376,,0.0
KIR2DL5A,0.0,,0.0
PSORS1C2,0.8253723110865967,,0.0
THBS3,-0.3718698290126861,,0.0
TMSB4XP8,0.0,,0.0
ITLN1,0.1127413127413128,,0.0
SPACA3,0.3916161059018201,,0.0
PPP2R2A,-0.8337562051847767,,0.0
RIMS3,-0.3734142305570876,,0.0
USP24,-0.8372862658576944,,0.0
KCNC2,-0.4835079977937121,,0.0
RRM1,-0.9288472145615004,,0.0
TST,0.669277440706012,,0.0
H2AC18,0.0,,0.0
SRCIN1,-0.4300055157198014,,0.0
OCM,0.8916712630998345,,0.0
SNX31,0.2257032542746828,,0.0
H2AC20,0.7725317153888582,,0.0
FOSL2,-0.902261445118588,,0.0
VSIG10,0.0948703805846662,,0.0681187125264031
CDK5RAP2,-0.4462217319360176,,0.0
SLC26A2,0.2183121897407611,,0.0348017229960467
NBPF10,0.9922779922779924,,0.0
BLOC1S1,0.0055157198014341,,0.0
RAPSN,0.2204081632653061,,0.0
EIF5B,-0.8123552123552124,,0.0162242698202683
SPTA1,-0.5795918367346939,,0.0
PLCL2,-0.9962493105350247,,0.0678099878043292
PTH2R,0.5150579150579151,,0.015484727346661
WNT10B,0.2261445118587974,,0.0
CREB3L4,0.0271373414230557,,0.0
ENTREP1,-0.0373965802537231,,0.0675299444974509
SLC27A4,-0.4890237175951462,,0.0
PGAP4,-0.5040264754550469,,0.0599074505632231
MAST1,-0.8158852730281302,,0.0564847162076979
IBSP,0.3234418091560949,,0.0
AASDHPPT,-0.3595146166574737,,0.0319115019025974
TBRG1,0.2264754550468837,,0.0
SLC30A8,-0.0819635962493104,,0.0
SEPHS1,-0.9215664644236072,,0.0
INF2,-0.6584666298952013,,0.0
PMPCB,0.2089354660783231,,0.0272740711644556
KYAT3,0.3201323772752344,,0.0590685326135491
RPA2,0.0637617209045779,,0.0262073666715438
ACD,-0.0808604522890237,,0.05661812125587
NDRG1,-0.4047435190292333,,0.0540816859294225
SNAI1,-0.1260893546607832,,0.0
MYH14,-0.5082184225041368,,0.0
HERC6,0.5291781577495864,,0.0672766332681359
CYP7B1,-0.1376723662437948,,0.0
LAMP3,0.0910093767236623,,0.0
SENP6,-0.8692774407060121,,0.0
PIP5K1C,-0.3646993932708218,,0.0611305092028578
MAP4K3,-0.2985107556536128,,0.0288381488328518
VPS54,-0.7253171538885825,,0.0579589750918183
ARK2C,-0.6902371759514616,,0.0670562321048748
WDR45,0.0,,0.0624951641521675
CUEDC2,-0.7330391616105902,,0.0669846784963533
AGO3,-0.935907335907336,,0.0565329271482091
ACTC1,-0.6762272476558191,,0.0
TMEM184B,-0.5531163816878102,,0.0
RGS19,-0.3094318808604522,,0.0
ABT1,0.3890788747931606,,0.0
GTF3C1,-0.8418091560948704,,0.0
LOXL4,-0.0439051296194152,,0.0
CNNM2,-0.8771097628240485,,0.0
H1-3,0.907446221731936,,0.0
SERP2,0.8715940430226146,,0.0
RGS19,-0.3094318808604522,,0.0
TMEM184B,-0.5531163816878102,,0.0
EFCAB11,0.1661334804191947,,0.0
SMTNL1,0.2819635962493105,,0.0
GYG2,0.0,,0.0
MAGEC2,0.0,,0.0
ANHX,-0.3241036955322669,,0.0
ITGA10,-0.2316602316602316,,0.0
KDELR1,0.0190843905129618,,0.0
CDON,-0.3929398786541643,,0.0
EYA2,-0.5087699944842802,,0.0
DEPDC5,-0.792719249862107,,0.0
MTHFD1P1,0.0,,0.0
CNNM2,-0.8771097628240485,,0.0
ABT1,0.3890788747931606,,0.0
SOX4,-0.4092664092664092,,0.0
GTF3C1,-0.8418091560948704,,0.0
MED10,0.8159955874241589,,0.0
LOXL4,-0.0439051296194152,,0.0
RASGRP1,-0.6466629895201323,,0.0
GNB4,-0.1823496966354109,,0.057762634982451
ERMN,-0.0090457804743518,,0.0580825872112921
PRG4,-0.2854936569222284,,0.0
EIF6,-0.5404302261445119,,0.0
DYNLL1,-0.3752895752895753,,0.051908413763971
SRP54,-0.8833976833976834,,0.0667616775133406
USP18,-0.7319360176503034,,0.0
ANXA3,0.446773303916161,,0.0
SRSF7,-0.6382790954219526,,0.0
SLC22A4,0.0223938223938224,,0.0
PCA3,0.0,,0.0
LINC02977,0.0,,0.0666545920279794
NIFK-AS1,0.0,,0.0666469850720891
PRKAR2A,-0.3725317153888582,,0.0
ADD2,-0.8079426365140651,,0.0
PHYHIP,-0.7097628240485383,,0.0231006096229736
NAT9,0.2215113072255929,,0.0
MOB4,-0.8985107556536128,,0.0107520768596798
TPRG1L,0.5135135135135136,,0.0664602150771283
IGF2BP3,-0.958742415885273,,0.0
RAD51,-0.7232211803640375,,0.0
SERPINB7,0.1473800330943189,,0.0
MRPS9,0.4657473800330942,,0.0663956529363887
H2BC21,0.1014892443463872,,0.0
SLC24A3,-0.7627137341423056,,0.0
CDH10,-0.4960838389409818,,0.021948885741634
SLAIN1,-0.7306122448979592,,0.06626667973602
PDE6B,0.4386100386100386,,0.0
IGSF21,-0.18996138996139,,0.0552222666833639
EMP1,-0.5329288472145615,,0.0542264769551586
GMPR2,0.4811913954771099,,0.0459216511520745
MT-ATP6,0.0,,0.0
RNF34,-0.7115278543849972,,0.0215185669719236
LTBP3,-0.2482073910645339,,0.0
LINC00844,0.0,,0.0661023921031578
LMBRD1,0.3686707115278544,,0.0630566122985316
MED21,-0.1655819084390513,,0.0660000384414727
TXN2,0.5686707115278544,,0.0
INPP5J,0.3246552675124103,,0.0
LACRT,0.7167126309983454,,0.0
MICU1,0.0925537782680638,,0.0550806777580477
HECW1,-0.7682294539437396,,0.0620059455215273
SUSD4,0.1273028130170987,,0.0196132148515445
MOV10L1,-0.1695532266960838,,0.0
PRAM1,0.1041367898510756,,0.0
AZIN1,-0.8380584666298951,,0.0534821620876327
NSG2,-0.709542195256481,,0.0656334293707155
NDUFB2,0.7067843353557639,,0.0
PSMD6,-0.8656370656370657,,0.0556730841452701
NALF1,-0.9580805295091008,,0.0
INAFM1,0.9880860452289024,,0.0654571658328517
IL17RA,-0.1246552675124104,,0.0
THUMPD3,0.0599007170435741,,0.0578574113039644
TAF9,0.0541643684500827,,0.0653765236529572
NSUN5,0.0357418643132929,,0.0
CD37,0.4078323221180364,,0.0
EXOC7,-0.3510204081632653,,0.0
SBF2,-0.5797021511307225,,0.0
GOLGA8B,0.431880860452289,,0.0
COQ3,0.1418643132928847,,0.0
IGKJ4,0.0,,0.0
ARMC8,-0.8742415885273028,,0.0
MAP9,0.5693325979040265,,0.0
AMN,0.6437948152233866,,0.0
LPIN3,0.0471042471042471,,0.0
GLRA2,0.0,,0.0
TAPBPL,0.045780474351903,,0.0
NPR3,-0.0842801985659128,,0.0
JDP2,-0.073800330943188,,0.0
GRHL1,-0.231880860452289,,0.0
AOX1,0.0714837286265857,,0.0
TESPA1,-0.3449531163816878,,0.0592054166600075
POLR2L,0.8968560397131826,,0.0652210958074551
AP5Z1,0.7622724765581907,,0.0
TRIM2,-0.7974627688913403,,0.0
DSC3,0.4798676227247656,,0.0
SLC26A3,-0.1924986210700496,,0.0
TAF15,-0.7515719801434086,,0.0
HNRNPCL1,0.3885273028130172,,0.0
RPS10,-0.9134031991174848,,0.0
MIR155HG,0.0,,0.0
IMPDH1,-0.3452840595697738,0,0.0
REEP2,-0.7020408163265306,,0.0
POLR3G,0.3544401544401545,,0.0
GGA2,0.0835079977937121,,0.0
ATP2A1,-0.1519029233314948,,0.0
PIP4K2A,-0.5413127413127413,1,0.0
DUSP29,0.6387203530060672,,0.0
RPS6KA2,-0.5391064533921677,1,0.0579275822641482
EMSY,-0.915057915057915,,0.0
COPS4,-0.883177054605626,,0.0536409090517903
HCFC1R1,0.9103143960286816,,0.0589447649644748
GDF1,0.995146166574738,,0.0
KIR2DS1,0.0,,0.0
ACSS1,-0.419746276889134,,0.0604385481631183
TIAM1,-0.7204633204633204,,0.0391692411427119
KIFAP3,0.0653061224489794,,0.0531618554419227
THRB,-0.7619415333701048,0,0.0
STRAP,-0.6114726971869828,,0.057273316820669
TTC19,0.1482625482625483,,0.0647817672751762
KANK2,-0.4303364589078875,,0.0537028179963214
CYP2R1,0.2525096525096524,,0.0
KCNS1,0.5248758963044677,,0.0151758645551272
RRM2B,-0.4520683949255377,,0.0100726982716117
CSRNP1,-0.5510204081632653,,0.054598245205213
MSANTD4,-0.5134031991174848,,0.0145362130672136
SKI,-0.2723662437948152,,0.0549265386258811
SEMA7A,-0.7432984004412576,,0.0
P4HTM,-0.2614451185879757,,0.0613442578528382
VPS16,-0.2643132928847215,,0.0567403140696123
GSTM5,0.1776061776061777,,0.0
ACSBG1,-0.5760617760617761,,0.0553293790300205
HSPH1,-0.7566464423607281,,0.0
TOMM34,-0.1412024269167126,,0.0139464954540797
NECAP1,-0.5763927192498621,,0.0553862403045136
PARD3,-0.55565361279647,,0.0203755241053738
MFSD6,-0.5555432984004413,,0.0641737539785437
NICOL1,0.8674020959735245,,0.0641337233972609
DOP1A,-0.8015444015444015,,0.0556408272769951
EML6,-0.402426916712631,,0.059363532617729
ARHGAP31,-0.8141202426916713,,0.0554963537796758
COPS2,-0.9849972421400992,,0.0562516025167649
CNOT1,-0.9990071704357418,,0.0
PSG1,0.8922228350799779,,0.0
FRS2,-0.8040816326530612,,0.0
OPALIN,0.4843905129619414,,0.0
EXO1,0.0788747931605073,,0.0
TSPYL2,0.0,,0.0
ENOX1,-0.5356867071152785,,0.0
RNASE1,0.9416436845008274,,0.0
CPB2,0.5826806398234969,,0.0
POU1F1,-0.0765581908439051,,0.0
HBG1,0.7649200220628791,,0.0
FNDC3B,-0.9748483177054604,,0.0
SPEG,-0.6734693877551021,,0.0
TRIB2,-0.941753998896856,,0.0
PAPOLG,-0.7191395477109763,,0.0
GAMT,0.7085493656922228,,0.0
CROT,0.0593491450634307,,0.0
HSF4,0.2497517926089354,,0.0
PSCA,0.8954219525648097,,0.0
RP1L1,0.9741864313292884,,0.0
GCNT4,-0.2860452289023717,,0.0
TMEM176A,0.2136789851075564,,0.0
PRRC2C,-0.897407611693326,,0.0
CGNL1,0.2114726971869829,,0.0
NDNF,-0.6253723110865967,,0.0
APOBEC3A,-0.1182570325427467,,0.0
TRABD,-0.0685052399338114,,0.0
WNT6,0.7898510755653614,,0.0
ABCA9,0.0650854936569222,,0.0
HSD3B7,0.6150027578599007,,0.0
FRAS1,-0.3965802537231109,,0.0
GPR26,0.5108659680088252,,0.0120545129809022
MAP4K3-DT,0.0,,0.0637655311117834
RASL10A,0.8500827357970215,,0.0637144755215879
CHD4,-0.9610590182018752,,0.0
RBM39,-0.9146166574738004,,0.0635216760745361
SMCHD1,-0.8518477661334805,,0.0559192581084025
OTUD7B,-0.6587975730832873,,0.0635086802268971
TMEM178B,-0.7605074462217319,,0.0634605695145605
ADGRV1,-0.5230005515719802,,0.0290433932384921
MIEF1,-0.5524544953116381,,0.0
MAPKBP1,-0.7044677330391615,,0.0527169568351487
NIPBL,-0.9991174848317704,,0.0603055659019937
CAPRIN2,-0.5952564809707667,,0.0557334532681264
CDH18,-0.3854384997242139,,0.0631959286946751
ENSG00000267222,0.0,,0.063160860894774
ASXL3,-0.937562051847766,,0.009205002719726
PNKP,0.7020408163265306,,0.0562473691830009
COL4A4,-0.5592939878654164,,0.0
SPATA2L,0.9061224489795918,,0.0629856675654841
TENM1,0.0,,0.0087451069665189
PRDX4,0.0,,0.0568922199073689
ACYP2,0.8080529509100938,,0.0526442011208842
SLC4A3,-0.6220628792057363,,0.0628557044461153
USP8,-0.901930501930502,,0.0
HDDC2,0.6240485383342527,,0.0627932081457102
ARID4B,-0.9691119691119692,,0.0
RAB6B,-0.7917264202978489,,0.0589735294263108
ANKRD11,-0.986431329288472,,0.0549086560173433
WASF2,-0.7263099834528406,,0.0594050873642223
ATXN10,-0.412134583563155,,0.0369380646720663
SSH2,-0.822173193601765,,0.0
PCTP,0.690126861555433,,0.0
TECR,-0.6435741864313294,,0.0
MYO16,-0.5988968560397132,,0.0
ZNF398,-0.3255377826806398,,0.0
TMPRSS11A,0.2870380584666299,,0.0
FRAT2,0.9083287369001656,,0.0
RAD51B,0.4499724214009928,,0.0
SCD5,-0.1066740209597352,,0.0510357466293839
PAPLN,0.3659128516271372,,0.0584760009967707
BCS1L,-0.0193050193050192,,0.0591312648393397
NHSL1,-0.5205736348593492,,0.0545508457838634
SERPINB5,0.3047986762272476,,0.0
ZKSCAN3,-0.0711527854384996,,0.0
MRPL39,0.3579702151130723,,0.0296598422589507
NSMCE1,-0.2122448979591836,,0.0417301436054757
CD7,0.7791505791505791,,0.0
MGP,0.7558742415885273,,0.0
MAP4K5,-0.3432984004412576,,0.054412250255061
SYN3,-0.4066188637617208,,0.0524926995187898
FBXO16,-0.0022062879205736,,0.061951762586722
ENSG00000236543,0.0,,0.0
TRPC5,0.0,0,0.0
ACAP1,-0.5962493105350248,,0.0284565507263352
HGS,-0.3179260893546608,,0.0501135364155767
VGLL3,-0.0603419746276888,,0.058573592342583
PARP2,0.1280750137892994,1,0.0570461719117587
ENDOG,0.8782129067843354,,0.0523152296379748
SLC25A46,0.5849972421400993,,0.0292621912250996
ABCC2,0.0293436293436293,,0.0
TSC22D2,-0.943519029233315,,0.0614061160539572
RCOR3,-0.8361831218974076,,0.0499869862307424
PTENP1,0.0,,0.0
ZFYVE27,-0.1667953667953667,,0.0
PTENP1,0.0,,0.0
IMPDH2,-0.3387755102040816,0,0.0540846660082314
SPTLC3,-0.1856591285162714,,0.0
ATP9B,-0.1928295642581357,,0.0550173408017657
RAP1GDS1,-0.4964147821290678,,0.0610399871626088
SMARCD3,-0.8241588527302813,,0.0533833394235733
PFDN2,-0.4542746828461114,,0.0529697145074787
EGLN1,-0.380915609487038,1,0.0
CHERP,-0.979591836734694,,0.0607933188388893
DIABLO,0.4480970766685053,,0.0
CARS2,0.4223938223938224,,0.0
STRN4,-0.6629895201323772,,0.0
IRX5,-0.7795918367346939,,0.0
SH3D21,0.4158852730281301,,0.0
LINC01616,0.0,,0.0
NFYC,-0.3800330943188086,,0.0
NKX6-2,0.7822393822393823,,0.0
SRGAP2B,0.850965250965251,,0.0
SIX5,0.2009928295642582,,0.0
SPRR2D,0.6952013237727523,,0.0
UBE2B,-0.0648648648648648,,0.0
PSTPIP2,-0.3172642029784887,,0.0
TMX3,-0.4549365692222835,,0.0
PSMG3,0.1707666850523994,,0.0
SEMA4F,-0.246111417539989,,0.0
ATXN1L,-0.8495311638168781,,0.0
CAPN5,-0.0704908990623276,,0.0
LINC00899,0.0,,0.0
ASGR2,0.5755102040816327,,0.0
KMT5A,-0.875565361279647,,0.0
SPSB4,0.9212355212355212,,0.0
HDHD3,0.5996690568119138,,0.0
TRBV7-8,0.0,,0.0
HOXD8,0.3221180364037506,,0.0
MTG1,0.2095973524544954,,0.0
FCGR1BP,0.3332597904026475,,0.0
CFAP44,-0.4383894098179812,,0.0
ZAR1,0.7661334804191946,,0.0
DENND1B,-0.2900165471594043,,0.0
RTL10,0.0,,0.0
RLIG1,0.0903474903474903,,0.0
HLA-DQB2,0.6431329288472145,,0.0
TEAD2,0.1238830667402095,1,0.0
B4GALT4,-0.0745725317153889,,0.0
CCHCR1,-0.0272476558190843,,0.0
MSNP1,0.0,,0.0
EN1,-0.4046332046332046,,0.0
REG4,0.1915057915057916,,0.0
CIDEA,0.1075565361279646,,0.0
ART1,0.6678433535576394,,0.0
FCGBP,-0.5207942636514065,,0.0
TMEM117,-0.4781025923883066,,0.0
POP4,0.638830667402096,,0.0
IFNL2,0.5709873138444568,,0.0
SPAAR,0.0,,0.0
BMP10,-0.6841698841698842,,0.0
TACSTD2,0.8984004412575841,,0.0
UBE2D3,-0.9442912300055156,,0.0
GALE,-0.0741312741312741,,0.0
VPS11,-0.5728626585769443,,0.0
ABHD5,-0.0805295091009377,,0.0
DUSP10,-0.4308880308880308,,0.0
SRGAP2B,0.850965250965251,,0.0
ALAD,-0.532046332046332,,0.0
DIABLO,0.4480970766685053,,0.0
ABHD5,-0.0805295091009377,,0.0
FKBP11,0.371869829012686,,0.0
GALE,-0.0741312741312741,,0.0
MIR29B1,0.0,,0.0
LEAP2,0.9007170435741865,,0.0
VPS11,-0.5728626585769443,,0.0
DGKK,0.0,,0.0
EGLN2,-0.5919470490899063,,0.0
KLF7,-0.9451737451737452,,0.0
CHRND,-0.207611693325979,,0.0
RLIG1,0.0903474903474903,,0.0
LRRC39,0.40419194704909,,0.0
ATG101,-0.4628792057363485,,0.0
HHIPL1,0.2580253723110866,,0.0
LINC01616,0.0,,0.0
PSTPIP2,-0.3172642029784887,,0.0
FSIP2,-0.3151682294539437,,0.0
FBXO17,0.8194153337010479,,0.0
KIR2DL1,0.7581908439051297,,0.0
MED19,-0.6905681191395476,,0.0
NUTM1,-0.6531715388858246,,0.0
MOB1A,-0.2775510204081632,,0.0
KLHDC7A,0.8750137892995036,,0.0
INSC,0.5916161059018201,,0.0
ATXN1L,-0.8495311638168781,,0.0
COA6,0.1751792608935465,,0.0
IRX5,-0.7795918367346939,,0.0
HDHD3,0.5996690568119138,,0.0
TAL2,0.5878654164368451,,0.0
TMEM61,0.7779371207942636,,0.0
LMNTD1,0.1330391616105901,,0.0
PEX26,-0.1303916161059017,,0.0
SNORA21,0.0,,0.0
ZRSR2P1,0.0,,0.0
PNPLA1,-0.0408163265306122,,0.0
LINC00899,0.0,,0.0
TRBV7-8,0.0,,0.0
MYZAP,0.2541643684500827,,0.0
ACSM2A,0.4308880308880309,,0.0
PSG5,0.8202978488692774,,0.0
DYNLT3,0.0,,0.0
STRN4,-0.6629895201323772,,0.0
GPS2,-0.5121897407611693,,0.0
MCM3,-0.2664092664092664,,0.0
ATG4B,-0.202757859900717,,0.0
SH3TC2,-0.2871483728626586,,0.0
BCOR,0.0,,0.0
CAPN5,-0.0704908990623276,,0.0
PCDHB8,0.9495863210148924,,0.0
GCSH,0.7093215664644237,,0.0
TRIM38,0.3853281853281853,,0.0
POU6F1,-0.6510755653612796,,0.0
TBC1D3C,0.0,,0.0
TMEM176B,0.4611141753998897,,0.0
RAB13,-0.3310535024820739,,0.0
DENND1B,-0.2900165471594043,,0.0
WDR35,-0.3252068394925538,,0.0
TLE7,0.0,,0.0
NIPSNAP2,0.3831218974076116,,0.0
TRIM71,-0.9060121345835632,,0.0
NFYC,-0.3800330943188086,,0.0
ZAR1,0.7661334804191946,,0.0
SPRR2D,0.6952013237727523,,0.0
MARK2P9,0.0,,0.0
VSX2,0.5603971318257033,,0.0
ELF5,0.1730832873690015,,0.0
SPATA13,0.0,,0.0
CRIM1,-0.8190843905129619,,0.0
SH3GL1,-0.5457253171538885,,0.0
TMX3,-0.4549365692222835,,0.0
ANO2,0.0986210700496414,,0.0
UBE2B,-0.0648648648648648,,0.0
WDR17,0.0454495311638167,,0.0
UGT2B17,0.1439602868174296,,0.0
FSBP,0.1516822945394373,,0.0
SH3D21,0.4158852730281301,,0.0
IFT88,0.1019305019305019,,0.0
HOXD8,0.3221180364037506,,0.0
ATP6V1G3,0.8541643684500828,,0.0
RRP8,0.5735245449531163,,0.0
B4GALT4,-0.0745725317153889,,0.0
KLHL24,-0.5054605626034198,,0.0
KMT5A,-0.875565361279647,,0.0
HOXC5,0.6433535576392719,,0.0
EN1,-0.4046332046332046,,0.0
LILRA2,0.4789851075565361,,0.0
HIPK4,-0.270380584666299,,0.0
INSRR,0.0810810810810811,1,0.0
ART1,0.6678433535576394,,0.0
OVGP1,-0.3113072255929399,,0.0
SIX5,0.2009928295642582,,0.0
OLFML2B,-0.0565912851627137,,0.0
TGIF2,-0.4818532818532818,,0.0
FSD2,0.2269167126309983,,0.0
FBXO40,0.3376723662437948,,0.0
CCHCR1,-0.0272476558190843,,0.0
SPMIP3,0.619415333701048,,0.0
THUMPD1,0.613899613899614,,0.0
SEMA4F,-0.246111417539989,,0.0
LHX9,-0.7821290678433536,,0.0
ATG2B,-0.5867622724765582,,0.0
DRAM2,0.2572531715388857,,0.0
REG4,0.1915057915057916,,0.0
SPAAR,0.0,,0.0
MSNP1,0.0,,0.0
MROH8,-0.202095973524545,,0.0
FCGR1BP,0.3332597904026475,,0.0
PSMG3,0.1707666850523994,,0.0
SEPTIN12,0.7218974076116933,,0.0
TOX3,-0.7198014340871484,,0.0
MYDGF,0.6968560397131827,,0.0
RPF2,-0.2639823496966353,,0.0
NUDT4,0.8343077771649201,,0.0
FGD1,0.0,,0.0
INSM2,-0.2940981798124655,,0.0
NKX6-2,0.7822393822393823,,0.0
WWP1,-0.722007722007722,,0.0
HSD11B2,0.3933811362382791,0,0.0
IVD,-0.324434638720353,,0.0
ZBED6,-0.2565912851627138,,0.0
HOOK2,0.3339216767788195,,0.0
ACAP3,-0.2604522890237176,,0.053167854316036
PSMD3,-0.9717595146166574,,0.0
C6orf15,0.9722007722007722,,0.0
MYOG,-0.4172090457804743,,0.0
SHC3,-0.7709873138444567,,0.0
LYPD6B,0.3479316050744623,,0.0
KLK14,0.5638168781025923,,0.0
ADAM15,-0.2451185879757308,,0.0
CHD1L,0.3209045780474351,,0.0
H3P42,0.0,,0.0
SLC44A4,-0.1113072255929399,,0.0
TBC1D7,0.6304467733039161,,0.06059035401634
ZNF598,0.0283507997793712,,0.0
U2AF2,-0.9513513513513514,,0.0415426690093882
EGR4,0.7221180364037507,,0.0245694172167318
SUPV3L1,-0.5844456701599559,,0.0604325877550243
SELENOI,-0.2345284059569774,,0.0566204549681949
YME1L1,-0.592057363485935,,0.0
EIF4H,-0.680088251516823,,0.0496488173103851
AMZ2,0.0629895201323773,,0.060213531945454
XRCC6P5,0.0,,0.0
GRID1,-0.795146166574738,,0.0
TAF13,0.1149476006618863,,0.0601570532177771
ARHGAP5,-0.8905681191395477,,0.060062458295686
GPRASP1,0.0,,0.0562524951517541
MLEC,-0.6890237175951461,,0.0443626708961797
PARP11,0.1677881963596248,,0.0568488212449881
ZNF655,-0.4618863761720905,,0.0
UQCR10,0.8049641478212908,,0.0455803060794418
HIP1R,0.4081632653061224,,0.0598127004848606
TTLL5,-0.1406508549365692,,0.0597285664458697
NUDT9,0.1664644236072807,,0.0596958524394716
NMRK1,0.3947049089906234,,0.0
NADSYN1,0.0739106453392168,,0.0566520060920261
MFAP4,-0.1121897407611693,,0.0
PHLPP1,-0.6358521787093216,,0.0482189711592609
ARF3,-0.7041367898510755,,0.051143072053895
CRIM1-DT,0.0,,0.0594894674194033
ARFGEF3,-0.5836734693877551,,0.0532477109603526
LAMA1,-0.4732487589630446,,0.0
ANKRD34A,-0.7225592939878653,,0.0593322068131851
IL2RG,0.0,,0.0
SNRPA,-0.4206287920573635,,0.0464527837164048
PPP1R11,0.629784886927744,,0.0486589930212366
TMSB10,0.9341423055708772,,0.0534303524593564
COL19A1,-0.161169332597904,,0.0
KCTD17,-0.0698290126861554,,0.0
SNPH,-0.6927744070601214,,0.0
RAB24,-0.7549917264202979,,0.0
PSMF1,0.5910645339216767,,0.0
PREPL,0.4504136789851076,,0.0
ATP6V0C,-0.3816878102592388,,0.0
LIMD1,-0.6643132928847215,,0.0
EXOSC6,0.9811362382790954,,0.0
RIN1,0.4152233866519581,,0.0
FAM111B,0.8579150579150578,,0.0
UGP2,0.0381687810259239,,0.0592592397901532
COPS6,-0.8232763375620519,,0.0592125114363178
KLHL1,-0.3655819084390512,,0.0
VPS45,-0.5337010479867623,,0.0374421107550462
BEX4,0.0,,0.0591478979031287
CSPG5,-0.1244346387203529,,0.0496655962654626
SLC25A1,0.1214561500275785,,0.0
SKP1,-0.8683949255377827,,0.0
KCNJ8,-0.4033094318808604,,0.0
NOX5,0.1825703254274682,,0.0
ERC2,-0.7135135135135136,,0.0398917938162904
SLC2A10,0.2118036403750689,,0.0
NPL,0.3651406508549366,,0.0482822560710403
RPS3,-0.9531163816878102,,0.0
MRPL47,0.6918918918918919,,0.0588430830977245
TMEM47,0.0,,0.0588359721777674
LRFN3,0.235300606729178,,0.0588091726285969
KREMEN1,-0.2093767236624379,,0.0339729037160633
MMP16,-0.887699944842802,,0.0290245666304207
SACS,-0.5130722559293988,,0.0099692483082586
GABPB1-AS1,0.0,,0.0586784453680949
SLITRK5,-0.6279095421952565,,0.0586770426058075
DNAJC4,0.642250413678985,,0.0586292185429911
EPHB6,-0.5589630446773304,,0.0346098489825744
BOD1L1,-0.7816878102592388,,0.0585205774568551
ATIC,0.1386651958080529,1,0.0394169745163327
ARRDC4,0.520573634859349,,0.0218262746472422
FLOT2,-0.3010479867622725,,0.0
RAB27A,0.2777716492002207,,0.0
RNF123,-0.5623827909542195,,0.0584476509864198
WSB1,-0.5098731384445669,,0.0584245742988851
CTXN3,0.8315499172642029,,0.0401383650566755
CPVL,0.0059569773855487,,0.0
STAMBPL1,0.3459459459459459,,0.0145262715406503
MAP7D2,0.0,,0.0507432999610608
IGFBP6,0.6359624931053502,,0.0
PLEKHH1,-0.1971318257032542,,0.0582967092805764
ADAM22,-0.6681742967457254,,0.0492151788413321
S100A7A,0.8373965802537231,,0.0
CXCL14,0.0329840044125757,,0.0320515599543124
SRY,0.0,,0.0
HNRNPL,-0.9937120794263652,,0.0
PSMC2,-0.9068946497517926,,0.0490150127160852
MIF-AS1,0.0,,0.0580451837721551
ANOS1,0.0,,0.0
LPO,0.4327633756205185,,0.0
AREL1,-0.3814671814671815,,0.0496103559375573
SS18,-0.7149476006618865,,0.0
EDAR,-0.0713734142305571,,0.0
NOVA1,-0.8165471594043022,,0.0487995441665389
COA3,0.7887479316050745,,0.0532905394535869
MACROD1,0.5369001654715941,,0.0502333867724558
LDHC,0.89707666850524,,0.0
FBXL20,-0.8209597352454495,,0.0
ACVR1,-0.2304467733039161,1,0.0
RASAL1,0.0180915609487037,,0.0
SENCR,0.0,,0.0
PDE8A,-0.5300606729178158,,0.0
RNF103-CHMP3,-0.4138996138996139,,0.0
EHF,-0.7052399338113624,,0.0
SLC1A5,0.1937120794263651,,0.0
YIF1B,0.0651958080529508,,0.0577510530116747
FAIM,0.2731384445670159,,0.0
SYCE1L,0.7793712079426365,,0.0
P2RY6,0.741753998896856,0,0.0
BST2,0.0016547159404303,,0.0
DNAJA4,0.1038058466629894,,0.0545788588763121
KCNK12,-0.085934914506343,,0.0575484742932603
PPP2R1B,-0.0238279095421952,,0.0499415135026652
KIF13A,-0.7184776613348042,,0.0574542637742267
GTF2B,-0.1617209045780474,,0.0205665005699479
STMN4,-0.5238830667402097,,0.0573876775853877
CTIF,-0.702592388306674,,0.050137862627696
CSF2RB,-0.6763375620518477,,0.0
NKAIN3,0.6462217319360177,,0.0100129694482316
PXDC1,-0.2972972972972972,,0.0571862691694151
DCAF6,-0.6116933259790402,,0.0533446941087066
EFR3B,-0.3704357418643133,,0.0483597047365866
BEX5,0.0,,0.0568832910851409
MIR7-3HG,0.0,,0.0568659626510669
DNAH9,-0.3270821842250413,,0.0492545394220493
TIMM50,-0.0955322669608383,,0.0568302660829889
COG1,-0.4132377275234418,,0.0567529693481746
ARHGDIB,-0.1522338665195808,,0.0
TANC1,-0.5065637065637065,,0.0567335737832356
CD3E,-0.4915609487038058,,0.0
ZDHHC16,-0.2946497517926089,,0.0566225066880673
CORO2B,-0.5273028130170987,,0.0459806555283253
GPAM,-0.370876999448428,,0.0535555772647026
ADAMTS5,-0.2562603419746276,0,0.0
SLC4A11,-0.1248758963044677,,0.0445021032579448
MIR9-2HG,0.0,,0.0565275785024699
C11orf58,-0.7459459459459459,,0.037316419185385
H2AZ2,0.1706563706563706,,0.0487858037774091
VTA1,-0.1224489795918367,,0.0563774081647437
NOX3,0.3888582460011032,,0.0
CLMN,-0.3581908439051297,,0.056338104826098
PNMA2,0.4047435190292332,,0.0479087662631438
AQP11,0.8164368450082735,,0.0
KIR2DL3,0.9477109762824047,,0.0
KIF2C,-0.7597352454495312,,0.0
INSIG2,-0.5375620518477662,,0.0531727639893458
BAZ2B,-0.809707666850524,1,0.0
GTPBP1,-0.5311638168781025,,0.0
AQP2,0.5854384997242139,,0.0
CDC42EP4,0.7305019305019305,,0.0522537427199329
SEPTIN8,-0.5808052950910094,,0.0334676432948237
RRAGA,-0.2268063982349696,,0.0560261779608181
IRF9,-0.6895752895752896,,0.0
SEC14L2,0.1780474351902923,,0.0
SIGLEC9,-0.1820187534473248,,0.0
SLC39A9,-0.3776061776061776,,0.0354556591397766
PLXNC1,-0.5955874241588528,,0.0483651035844057
CCT8,-0.8975179260893547,,0.0468451365665613
CD99,0.0,,0.0451297555593563
ENSG00000264451,0.0,,0.055890243790457
IRF5,-0.6492002206287921,,0.0
MBD3,-0.4629895201323772,,0.0
ZNF326,-0.5023717595146167,,0.0557205802202938
GPR17,0.9281853281853284,,0.0
FLYWCH1,0.766685052399338,,0.0555993688593986
SART3,-0.7731936017650303,,0.0
TCEA2,-0.4043022614451186,,0.0555509958143344
KCNH3,-0.6670711527854385,,0.044529612292468
SRRM1,-0.940430226144512,,0.0553817893977512
PGM1,0.3745173745173744,,0.0455438326844034
ZBBX,0.3123000551571979,,0.0523040781626697
LCT,-0.543188086045229,,0.0
PHF8,0.0,,0.0
PLPBP,0.1471594043022615,,0.0552977812499741
CTSK,-0.3695532266960838,1,0.0
MYO1F,-0.692553778268064,,0.0
GPR75,0.6001103143960287,,0.0
NXF1,-0.5605074462217319,,0.0
HMGCL,0.1189189189189188,,0.0
BTNL2,0.4646442360728076,,0.0
SATB1,-0.9509100937672368,,0.0
AK6,0.5874241588527302,,0.0
NRSN2,0.7233314947600662,,0.0519626339603907
AASDH,-0.0392719249862106,,0.0549870567832418
ZNF248,-0.5309431880860452,,0.0458227378711993
CCT5,-0.9346938775510204,,0.0190054148246742
HSH2D,0.2463320463320464,,0.0
COPS3,-0.8469939327082184,,0.0548719841027074
ADCY10,-0.0797573083287369,0,0.0
TIGD1,0.9285162713734144,,0.0548057458768784
PPM1F,-0.1803640375068946,,0.0
H2AC16,0.965030336458908,,0.0
ARHGAP25,-0.5355763927192498,,0.0
KLHL35,0.8693877551020408,,0.0
H2AC15,0.7334804191947049,,0.0
EDEM2,-0.3683397683397683,,0.0
GPN3,0.8548262548262548,,0.0
MICAL2,-0.4174296745725316,,0.0
LEMD1,0.8068394925537783,,0.0
ZNF653,-0.0362934362934362,,0.0
RPP25,0.8043022614451185,,0.0
GFPT2,0.2767788196359624,,0.0
TSPEAR,0.334142305570877,,0.0
ECI1,0.6743519029233316,,0.0
RALGPS2,-0.5228902371759514,,0.0
AQP10,0.0391616105901819,,0.0
CHST2,0.3182570325427467,,0.0
LINC01099,0.0,,0.0
ZNF3,-0.4957528957528957,,0.0
FAM241A,0.3784886927744071,,0.0
WAC,-0.9253171538885824,,0.0
RGL1,-0.871042471042471,,0.0
ADGRD1,-0.244015444015444,,0.0
H2AC17,0.9494760066188636,,0.0
LRIG3,-0.2797573083287369,,0.0
H2AC13,0.616326530612245,,0.0
H2AC11,0.9046883618312188,,0.0
CCDC51,0.46861555432984,,0.0
DDX49,0.3800330943188086,,0.0
UNC45A,-0.1458356315499173,,0.0
SLC22A11,0.2399338113623828,,0.0
DCDC2,0.1699944842801986,,0.0
MAPT-AS1,0.0,,0.0
IFNA16,0.9734142305570876,,0.0
LITAF,0.0882515168229454,,0.0
LINGO4,0.295973524544953,,0.0
PSME3IP1,-0.4706012134583562,,0.0
LILRA6,-0.5213458356315499,,0.0
GPN1,0.6308880308880309,,0.0
S100Z,0.8924434638720353,,0.0
ZCCHC10,0.1150579150579149,,0.0
DGCR2,-0.4554881412024268,,0.0
CFP,0.0,,0.0
ADGRA1,0.1045780474351902,,0.0546926831415082
NAA20,0.5976833976833977,,0.0546827408220773
SFXN4,0.2996138996138995,,0.0546734520727277
GIT2,-0.4345284059569774,,0.0
DCTN3,0.3552123552123551,,0.0500832843003916
HMG20A,-0.5917264202978489,,0.0240089553317373
MYO1E,-0.6236072807501378,,0.0
PTF1A,0.9098731384445672,,0.0
LAGE3,0.0,,0.0468699913716517
MYL6,0.5612796469939327,,0.0
ALG3,0.0071704357418642,,0.0
CENPT,-0.0880308880308879,,0.0543801467302227
UNC79,-0.9730832873690016,,0.0
SLC26A7,0.1081081081081081,,0.0
RASSF8,-0.4926640926640926,,0.0543612260092563
GGNBP2,-0.9558742415885272,,0.0467277734058562
COL24A1,-0.0215113072255929,,0.0497487018979955
CMTM6,0.5325979040264754,,0.0543072310387346
PWWP2B,0.7973524544953117,,0.0542862274295666
KBTBD11,0.9789299503585218,,0.0542858950590917
ACTR10,0.3135135135135134,,0.046911988255277
GTF2A1L,0.4148924434638721,,0.0
STON1-GTF2A1L,0.5054605626034196,,0.0
FBXL15,0.8078323221180364,,0.0541663954843598
ATP2B1-AS1,0.0,,0.0541569110555175
ZDHHC12,0.5109762824048538,,0.0
RAD21,-0.8529509100937672,,0.0321394816040189
UBAP2,-0.5381136238279096,,0.0539609178385186
TBCB,0.1892995035852178,,0.0463595977107048
SNX18,0.2308880308880307,,0.0539582896943108
C3orf62,0.3495863210148924,,0.0
HPS1,-0.1560948703805846,,0.0
GLIS1,-0.5693325979040265,,0.0444409904518541
SERTM1,-0.1995587424158852,,0.0538244289644659
DEFA3,-0.3804743519029233,,0.0
SPX,0.7919470490899063,,0.0
NBL1,0.0170987313844457,,0.0
ECHDC1,0.6496414782129067,,0.0461460758392677
EMC7,-0.8211803640375068,,0.0537150804348131
HUWE1,0.0,,0.0506068576798264
TIGD7,0.4985107556536128,,0.0536315812801329
ELF3,-0.4671814671814671,,0.0
ANO3,-0.0988416988416988,,0.026785239157968
LINC01094,0.0,,0.0379214672880644
E2F5,0.0692774407060121,,0.0
GP9,0.0,,0.0
DLK2,-0.6585769442912299,,0.0
EIF3D,-0.9616105901820188,,0.0535092172073454
VMP1,-0.960838389409818,,0.0458526275506045
SNX10,0.6953116381687809,,0.0534277065600565
ACSM3,0.0530612244897958,,0.0
SNX1,-0.4821842250413679,,0.0
STATH,0.5742967457253172,,0.0
ROGDI,0.7677881963596249,,0.0533152607474464
CDC40,-0.6997242140099282,,0.0532855853367188
PLA2G10,0.9289575289575288,,0.0
VWA5B1,0.3620518477661334,,0.0
RPL36A,0.0,,0.0
JPH2,0.1517926089354659,,0.0
TTC17,-0.7079977937120794,,0.045458619488014
SLC22A1,0.3722007722007723,,0.0
NBN,0.1620518477661334,,0.0360862385772522
SYTL4,0.0,,0.0293898608183317
RBBP8,0.0201875344732487,,0.0
SLC7A8,-0.2979591836734694,,0.0
PMEL,-0.0050744622173193,,0.0
JKAMP,-0.4690568119139547,,0.0529120544564885
LIX1,0.0671814671814672,,0.0528750698664727
STK17B,-0.1366795366795367,1,0.0528659301637453
HOXB3,-0.0061776061776062,,0.0
PKIG,0.1984555984555984,,0.0528552329078285
ELOB,-0.3041367898510756,,0.0528137303529752
ARHGEF26-AS1,0.0,,0.0527864968348529
TMEM151A,0.5340319911748483,,0.052771305852052
YIF1A,0.3699944842801985,,0.0527382863850918
LDLRAD3,0.1200220628792057,,0.044258746973641
MTURN,0.3129619415333702,,0.0523234722911086
CNRIP1,0.3591836734693878,,0.0426923545038216
NLRP6,0.4360728075013789,,0.0
TRPV5,0.0679536679536678,,0.0
LYRM9,0.9474903474903476,,0.0521675847235448
CTDSP2,-0.6765581908439051,,0.0475897328655279
H3P17,0.0,,0.0
TMEM69,0.7557639271924985,,0.0520208747301412
CES2,0.0573634859349145,,0.0
NLGN3,0.0,,0.0
POGK,-0.772972972972973,,0.051924138872698
TRAT1,0.811472697186983,,0.0
TM2D2,0.5083287369001654,,0.0488674593420357
ATP5MJ,-0.0696083838940981,,0.0518954586882169
EIF4ENIF1,-0.8990623276337562,,0.0518711924727729
CCDC24,0.7173745173745174,,0.0518633628764524
SMN2,0.0,0,0.0
JPT1,-0.3759514616657473,,0.0518259393228012
UBN1,-0.9606177606177606,,0.0487734826649983
PLEKHM1,-0.7586321014892443,,0.0
CDKN3,0.271373414230557,,0.0
GRAMD1C,0.91296194153337,,0.0517905076511602
HEG1,-0.511969111969112,,0.0472255783566801
LCP1,-0.8058466629895201,,0.0
TMED2,-0.7438499724214009,,0.0
MYSM1,-0.5976833976833977,,0.0425779834935155
HERPUD2,-0.7385548814120242,,0.0516889345308222
DCAF11,-0.400661886376172,,0.0
MTCO3P1,0.0,,0.0
PHF11,0.9590733590733592,,0.0
LCE3C,0.0,,0.0
MAGEA6,0.0,,0.0
LCE3B,0.0,,0.0
GRHPR,0.5250965250965252,,0.0
ESAM,0.071042471042471,,0.0
CHSY1,-0.8408163265306122,,0.0
FAM3A,0.0,,0.0516673778818377
H3C14,0.0,,0.0
RETNLB,0.8828461114175399,,0.0
CLDND1,-0.2738003309431881,,0.0
RHOD,0.3772752344180916,,0.0
FAT4,-0.8735797021511307,,0.0
SERPIND1,0.4304467733039161,,0.0
NDUFA13,0.5127413127413127,,0.0
PMS2,-0.1236624379481522,,0.0
RGS5,0.7432984004412575,,0.0159541312670611
MTCL1,-0.4872586872586872,,0.0514397783737194
NAPB,0.1410921125206838,,0.0437006228021229
ABHD17B,-0.5964699393270823,1,0.0514255959450198
LRG1,0.8191947049089907,,0.0
BAZ1B,-0.955984555984556,,0.04822555288586
CMAS,-0.6126861555432984,,0.0482137554843343
SCRG1,0.4155543298400441,,0.0346420541235572
PAFAH1B3,0.0767788196359624,,0.046577630659331
EIF3I,-0.4924434638720353,,0.0341922361719816
CNPPD1,0.1322669608383895,,0.0510521393835683
CDC7,-0.1392167677881963,0,0.0096010651726803
ZDHHC2,0.6002206287920573,,0.0510280888170143
S1PR3,0.4755653612796471,1,0.0402111899239568
AMPD1,0.1252068394925538,,0.0
APBA3,0.4372862658576943,,0.0
SGCE,-0.5340319911748483,,0.04375501407986
RTRAF,-0.512300055157198,,0.047805784727381
EXOC5,-0.7081081081081081,,0.0329994171916452
AMBP,0.0881412024269168,,0.0
SF3B2,-0.922338665195808,,0.0
RIPOR3,0.0832873690016546,,0.0507640570833305
RBPJ,-0.9115278543849972,,0.0
ADAMTS12,-0.3148372862658577,,0.0
APOLD1,0.987203530060673,,0.0507370694127483
KPNA6,-0.9296194153337012,,0.0435386897421818
RANBP2,-0.9363485934914506,,0.0321783460188093
C4BPB,0.3114175399889685,,0.0
CD160,-0.1602868174296745,,0.0
RAD18,0.1502482073910644,,0.0
LDLRAD4,-0.4830667402095974,,0.0096269647981118
NTM,-0.6978488692774407,,0.0
MICOS13,0.7544401544401544,,0.0414927727771534
NSDHL,0.0,,0.0452836043366372
ENSG00000279789,0.0,,0.0505721975302371
MED13L,-0.9998896856039712,,0.0505599771250074
BLOC1S6,0.6838389409817982,,0.0
SLC25A12,-0.6601213458356315,,0.0406819017861914
MRPL55,0.2584666298952014,,0.047475594753209
CYTH4,-0.6707115278543849,,0.0
MAT1A,-0.499834528405957,,0.0
DDB2,-0.4120242691671263,,0.0
HMG20B,0.2122448979591837,,0.0503794089067139
MPP1,0.0,,0.0442319996950806
SHTN1,-0.544511858797573,,0.0407944116608986
ELOC,-0.882515168229454,,0.044900339875325
SLC16A10,-0.095311638168781,,0.0
KCNA5,0.3652509652509652,,0.0
TBC1D4,0.0078323221180363,,0.0
ATP6V0D2,0.5793712079426365,,0.0
UFSP1,0.9551020408163264,,0.0
LRRC2,-0.0517374517374517,,0.0
AEN,0.7763927192498621,,0.0
TMEM187,0.0,,0.0
SLC6A19,0.3900717043574186,,0.0
DPM1,0.064092664092664,,0.0
EVC2,0.2198565912851626,,0.0
ADAMTSL3,-0.4448979591836735,,0.0
SND1,-0.8095973524544953,,0.0
TRIM54,0.4424710424710425,,0.0
ST3GAL1,-0.3976833976833976,,0.0
BLOC1S3,0.8690568119139548,,0.0
AP1G2,0.0630998345284059,,0.0501135364155767
RASD2,-0.2911196911196911,,0.0369218748888946
BEGAIN,-0.0133480419194704,,0.0470354617964679
UBN2,-0.8369553226696084,,0.0416940400096438
NALCN,-0.5968008825151683,,0.0
RPS6KA1,-0.4435741864313293,1,0.0
CFAP70,-0.3674572531715389,,0.0405269085111215
ORMDL1,0.3200220628792056,,0.0499951047424642
NDUFAF1,-0.2209597352454495,,0.0416010647642711
PARP14,-0.7577495863210149,,0.0
SLC39A1,0.4060672917815775,,0.0
P2RY4,0.0,,0.0
ST6GALNAC5,0.2706012134583564,,0.049873723057844
STX8,0.1079977937120795,,0.0393759839442423
EXOC8,-0.6619966905681192,,0.049853731551267
STARD13,-0.4282404853833425,,0.0
RLN1,0.7525648097076669,,0.0
TRIL,0.1135135135135134,,0.0467807064683452
UBASH3B,-0.5947049089906233,,0.0317362307678871
MAP3K2,-0.5678985107556536,,0.0
MRPS22,-0.071042471042471,,0.0496271990521545
SSBP1,-0.1782680639823497,,0.0450255645901379
NCAPD2,-0.453723110865968,,0.0
NAA50,-0.3409817981246552,,0.0
DUXAP9,0.0,,0.0
TTC9B,0.1924986210700496,,0.0495075001056315
TRBV7-9,0.0,,0.0
PGC,0.0390512961941533,,0.0
TRBC1,0.0,,0.0
CDC42SE1,0.8156646442360729,,0.0448338566507589
SNRPF,0.3526751241036956,,0.0
AP4M1,0.2414782129067842,,0.0
ELOVL5,-0.789630446773304,,0.0400778213651747
TM4SF1,0.3781577495863211,,0.0462845473718029
USP9Y,0.0,,0.0125795102437027
CRIPTOP4,0.0,,0.0
RTN4RL2,-0.358411472697187,,0.0
SNORA62,0.0,,0.0
NXNL2,0.5804743519029234,,0.0
AMY2B,0.5998896856039713,,0.0
FAM107A,0.8526199669056811,,0.0461671872497523
ZC3H3,-0.49288472145615,,0.0461222999279405
TMEM161B,-0.3013789299503585,,0.0264050587529238
RAB33A,0.0,,0.046112577230492
SLC6A15,-0.5730832873690017,,0.0
Y_RNA,0.0,,0.0491046125465945
ARSF,0.0,,0.0
HTN1,0.0,,0.0
FCN1,0.6745725317153888,,0.0
SLC18A1,0.6781025923883066,,0.0
FOXC2,0.8523993381136239,,0.0
ZNF302,0.8269167126309984,,0.0413560652440239
HSPBP1,0.3432984004412576,,0.0458792705501068
EXOC1,-0.4553778268063982,,0.0489058005326761
LARGE1,-0.5596249310535024,,0.038175889346645
NAA16,0.0618863761720904,,0.0400978590481035
DMAP1,-0.4468836183121897,,0.0488255162360327
KHDRBS3,0.2469939327082184,,0.0488173270568877
U1,0.0,,0.0
U1,0.0,,0.0
U1,0.0,,0.0
UBE2D2,-0.9342526199669056,,0.025551568613147
RPS9,-0.9128516271373416,,0.0
TPPP3,-0.0325427468284611,,0.0
XRCC2,0.4004412575841147,,0.0411366851380618
CACNA1G-AS1,0.0,,0.0
RUFY1,-0.2636514065085493,,0.0
UNC80,-0.7085493656922228,,0.040908432841682
ATP13A4,-0.1265306122448979,,0.0391486368301108
MIR431,0.0,,0.0
CDC16,-0.4947600661886376,,0.0
DUS2,-0.1626034197462769,,0.0
CNIH4,-0.2570325427468284,,0.0
MIR411,0.0,,0.0
RCL1,-0.2407060121345835,,0.0
RND1,-0.6193050193050194,,0.0
CYREN,0.5217870932156647,,0.0
H3P20,0.0,,0.0
GRXCR1,0.5873138444567017,,0.0
SMC5,-0.4161059018201876,,0.0
MOB3A,0.6034197462768891,,0.0
CELA3B,0.4891340319911748,,0.0
DTD1,-0.2722559293987865,,0.0
MIR375,0.0,,0.0
STRA6,-0.4026475455046884,,0.0
HEBP2,0.7279646993932709,,0.0
TECPR1,0.1509100937672365,,0.0
USP21,-0.4761169332597904,1,0.0
KIF26B,-0.6071704357418644,,0.0
LRRC26,0.9991174848317704,,0.0
LINC00320,0.0,,0.0
RAMP1,0.8115830115830116,,0.0
PLEKHF1,0.9307225592939878,,0.0
S100A14,0.1173745173745173,,0.0
RASAL2,-0.6301158301158301,,0.0
UBL7,-0.3649200220628792,,0.0486280056581244
C12orf76,0.9314947600661888,,0.0485487517244287
BSCL2,-0.1716492002206288,,0.0
MRPL51,-0.3212355212355212,,0.0
TTC4,-0.2026475455046883,,0.0
CLSPN,-0.6771097628240486,,0.0
STOML2,-0.485273028130171,,0.0423465993499415
FGF20,0.3083287369001655,,0.0
TLR10,0.8671814671814673,,0.0
AP1M1,-0.7160507446221732,,0.0483824658837972
RIMBP2,-0.5793712079426365,,0.0483642300682107
SCOC,0.8420297848869278,,0.0483545917759791
BAIAP2-DT,0.0,,0.0483343227373665
CACNB3,-0.4071704357418643,,0.048295049122431
ECHS1,-0.1070049641478212,,0.0307073978531561
ATP6AP1,0.0,,0.0297696139516688
MBNL2,-0.6217319360176503,,0.0
COL23A1,0.5352454495311638,,0.0
HLA-DMA,-0.0033094318808604,,0.0
KPNA2,-0.4289023717595146,,0.0
OTOR,0.7918367346938775,,0.0
NDUFA12,0.3729729729729729,,0.0365174515992726
CDC42SE2,0.6114726971869828,,0.0482008946963238
RP9,0.379591836734694,,0.0
ZC3HAV1,-0.5747380033094318,,0.0451286412399307
FAM149B1,0.0188637617209046,,0.0481642481564988
FAM210B,0.5196911196911196,,0.0480854461265015
SMIM3,0.9752895752895754,,0.0480495487837158
COA1,0.8739106453392167,,0.0479417301105612
PCCA,0.0307777164920022,,0.0395664321940435
PRMT7,0.0743519029233314,1,0.0479016421181967
PCBP1-AS1,0.0,,0.0477684442210446
SLC12A9,0.0670711527854384,,0.0
METTL9,-0.6870380584666299,,0.0
SLC38A10,-0.2205184776613348,,0.0
NHLRC2,-0.4054054054054054,,0.0302223985148854
RUNDC1,-0.1118587975730832,,0.0476707487906008
CSMD3,-0.7264202978488693,,0.033151740419212
EFNB3,-0.2789851075565361,,0.0400275695821256
ZDHHC17,-0.5061224489795919,,0.0385302406515744
ATP11C,0.0,,0.0430462489271812
KCNJ16,0.3281853281853282,,0.0475971911550955
HNRNPU,-0.9915057915057915,,0.0274223197369532
PM20D2,0.3922779922779922,,0.0475436354077381
IFITM1,0.3127413127413128,,0.0185129452190522
ANKHD1,-0.9678985107556536,,0.0
BUD31,-0.1822393822393821,,0.0475046617550149
PDE4DIP,-0.3307225592939878,,0.0436802604319435
CCT7,-0.7353557639271925,,0.0378890827905874
CAB39,-0.4442360728075013,,0.0444221636600419
KLRF1,-0.2130170987313844,,0.0
GNAI1,-0.5352454495311638,,0.0
POLG,-0.2094870380584665,,0.0
PRG2,0.628792057363486,,0.0
CARMIL1,-0.5601765030336459,,0.0312808359491845
IDI1,-0.0965250965250965,,0.0190220898772696
PPM1H,-0.2657473800330943,,0.047287973456195
TRIM56,0.0101489244346386,,0.0369962343327523
PPP1R14C,0.8262548262548262,,0.0411476987723368
RHOT1,-0.5704357418643133,,0.0
BBS2,-0.1338113623827909,,0.0418297081129189
DDX53,0.0,,0.0
CYP26A1,0.6279095421952565,0,0.0
FBRS,-0.8425813568670711,,0.0
ADAM20,0.9602868174296746,,0.0
RIOK3,-0.1093215664644235,,0.0
GJB3,0.4861555432984004,,0.0
GSTA3,0.3534473248758962,,0.0
TXNDC5,0.1801434087148372,,0.0
PRIMA1,0.1557639271924986,,0.0
SLITRK4,0.0,,0.047108022653493
P2RY14,0.8798676227247655,1,0.0433066217614009
CCSER2,-0.5815774958632102,,0.0470541801663556
ENSG00000279322,0.0,,0.0470274600582488
QTGAL,0.5840044125758412,,0.0405966967686592
ENSG00000275512,0.0,,0.046980401833056
TEX264,-0.2891340319911748,,0.0
MAMSTR,0.6799779371207944,,0.0
GNS,0.7116381687810258,,0.0
COPS7A,-0.3188086045228903,,0.0
SELENOT,-0.0387203530060672,,0.0
MBTPS2,0.0,,0.037771154142626
IGFALS,0.9376723662437948,,0.0
PPP2R5D,-0.9353557639271926,,0.0
H3P14,0.0,,0.0
ANO1,-0.5462768891340319,,0.0
GCM2,0.3949255377826806,,0.0
SMUG1,-0.2544953116381687,,0.0
CEP15,0.6774407060121346,,0.0422756576216006
ILF2,-0.8681742967457253,,0.0437551954523801
HAR1A,0.0,,0.0
PSAPL1,0.0,,0.0
ARHGEF9,0.0,,0.0344202146892184
PDE8B,-0.8454495311638168,,0.0
PDE8B,0.0,,0.0
WNT9A,-0.6396028681742967,,0.0
TRIM47,0.5613899613899613,,0.0223068340811955
WSCD1,-0.1528957528957528,,0.0389864717383833
MT-ND3,0.0,,0.0
ALX4,-0.114726971869829,,0.0
STXBP5L,-0.6835079977937121,,0.043491604908834
LINC00507,0.0,,0.0187670723950304
IRF6,-0.9477109762824047,,0.0
INPP5K,0.2528405956977386,,0.0
IRAG1,-0.3836734693877551,,0.0337716056468389
ENPP5,0.2533921676778818,,0.0425772854246248
MARCHF8,0.0567015995587423,,0.0410414519003555
RNASE6,0.9450634307777166,,0.0122824062465439
NFU1,0.7118587975730832,,0.0462818389641377
NKTR,-0.666519580805295,,0.0105782796614101
IFRD1,-0.2621070049641478,,0.04623498924567
ANTKMT,0.9778268063982348,,0.0461934484619557
CARM1,-0.8436845008273579,1,0.0289599714998474
ALOX12B,-0.3139547710976282,,0.0
H2BC12L,0.0,,0.0
PBX1,-0.949034749034749,,0.0
ACTN1,-0.8615554329840044,,0.0
KCNJ9,0.2361831218974075,,0.0
NUTF2,-0.7915057915057915,,0.0
NIF3L1,0.0905681191395477,,0.0423419803858189
AGO1,-0.975068946497518,,0.0
SEMA4A,-0.1898510755653613,,0.0
HLF,-0.7638168781025924,,0.0
WDR33,-0.8314396028681743,,0.0
P3H3,0.4298952013237727,,0.0
NFE2,-0.2886927744070601,,0.0
TMEM14A,0.3664644236072807,,0.0460499625614472
UBTF,-0.9859900717043574,,0.0
B4GALNT1,0.2544953116381687,,0.0
LTAP1,-0.0358521787093215,,0.0460133567326962
ERH,-0.7617209045780474,,0.0319725879649703
NEDD1,-0.2176503033645891,,0.0458705792313026
AATF,0.1198014340871482,,0.0
TMEM200A,-0.3435190292333149,,0.039724906707247
GPD1L,-0.0083838940981798,,0.0457877172849271
GTF2E2,0.2418091560948703,,0.0320980606779474
ENSG00000232611,0.0,,0.0457538961998642
KDSR,-0.0054054054054053,,0.0457518434689239
MAP3K4-AS1,0.0,,0.0456113645487145
PPP1R1A,0.4801985659128516,,0.0
ST6GAL2,0.0156646442360728,,0.0
FAM111A,0.9214561500275786,,0.0
RNF40,-0.7895201323772753,,0.0
RPRD1B,-0.8200772200772201,,0.0
LRRFIP2,0.3065637065637066,,0.0
OR10A4,0.775068946497518,,0.0
SFXN3,0.1057915057915057,,0.0
RFX7,-0.8862658576944291,,0.0
TMEM158,0.9919470490899064,,0.0
ZNRF1,-0.6903474903474903,,0.0425410854641484
SSR4,0.0,,0.0409374563614573
MCF2,0.0,,0.0389932127898729
ACAT2,0.0375068946497518,,0.0213550217366657
C14orf119,0.8134583563154991,,0.0454436496155813
OAT,-0.0004412575841147,,0.0366969204906708
MUC7,0.7926089354660784,,0.0
SHPK,0.5794815223386651,,0.0
RAVER2,-0.2608935466078323,,0.0
FGL1,0.8222835079977937,,0.0
CUZD1,0.1763927192498622,,0.0
FAF1,-0.739327082184225,,0.0
CDKN2C,-0.0505239933811362,,0.0
LALBA,0.7189189189189189,,0.0
MAP3K3,-0.951130722559294,,0.0
DHX29,-0.5973524544953117,,0.0454055368851659
TTPAL,0.0660783232211803,,0.0232809565769276
SLC35B1,-0.0708218422504136,,0.0452763043708062
TXLNA,-0.8857142857142857,,0.0291009641861915
RBM14,-0.9589630446773304,,0.0
ADCY9,-0.5646993932708219,,0.0421801000739213
PROKR2,0.6796469939327081,,0.0
GADD45B,0.1972421400992829,,0.0
MCHR1,-0.0351902923331495,0,0.0389940041360899
ELL2,-0.8475455046883619,,0.0450461977836031
CDC34,0.2929950358521787,,0.041997512728539
DYNC2I1,-0.2832873690016547,,0.0342256790510152
TTC9C,0.009045780474352,,0.0450249478324588
CFAP119,0.3862107004964148,,0.0373667298083338
C11orf96,0.9792608935466078,,0.0373238458238927
SPATS2L,-0.4070601213458356,,0.0448947357800592
PNMA8A,0.012134583563155,,0.0372927386460054
VPS35L,-0.3560948703805846,,0.0448330332650458
CRTAC1,-0.3303916161059018,,0.0272070388545201
CRX,-0.4741312741312741,,0.0
SLU7,-0.3180364037506894,,0.0
RPL18,-0.8334252619966905,,0.0
AKR7A2,0.1697738554881411,,0.0
COP1,-0.6232763375620518,,0.0
ERI3,-0.5015995587424159,,0.0446449249281903
RPS8,-0.9933811362382792,,0.0
RBSN,-0.3802537231108659,,0.0377732565888774
TIRAP,0.6317705460562604,,0.0
HARS1,-0.0206287920573634,,0.0300513795378714
RPLP2,-0.7648097076668505,,0.0210596488776928
GSPT2,0.0,,0.0445246121445336
PYCR3,0.6623276337562052,,0.0444870326464982
PDZD11,0.0,,0.0444785462250289
SPOCK3,-0.5025923883066741,,0.0
LETMD1,0.0056260341974627,,0.0414054382832573
UBE2S,-0.3626034197462768,,0.0
PDPK1,-0.8595697738554882,1,0.0
TCEAL7,0.0,,0.0443629622539906
GCC2,-0.5364589078874793,,0.0397424117068693
BTBD10,-0.5841147269718698,,0.044293905807816
SPTB,-0.9382239382239382,,0.0
BTBD3,-0.6581356867071153,,0.0312075644506845
GORASP2,-0.404853833425262,,0.038178975530884
OGFRL1,0.5182570325427469,,0.044240220708862
DNAJC8,-0.392719249862107,,0.0354962446713305
EGFL8,0.2179812465526751,,0.0
H3P19,0.0,,0.0
TUBGCP6,0.1846662989520131,,0.0441550762447918
ETNPPL,-0.5022614451185881,,0.0369557745492033
H1-10,0.8656370656370656,,0.0441290494169664
PAAF1,0.3078874793160506,,0.0441287925567165
ARHGAP33,-0.580915609487038,,0.0304600775657676
ITGA8,-0.285603971318257,,0.0
FGFBP2,0.8467733039161611,,0.0
PRKAG3,-0.12719249862107,,0.0
AMPD2,-0.4286817429674572,,0.0
KLF10,-0.2571428571428571,,0.0
FCRLB,0.7521235521235521,,0.0
CYTH3,-0.6303364589078875,0,0.0
FBLN2,-0.05857694429123,,0.0
UGGT2,0.2458907887479315,,0.0
SLC25A22,0.0820739106453392,,0.0
PIDD1,0.4364037506894649,,0.0
ABCA12,-0.5915057915057915,,0.0
HOXA6,0.2686155543298401,,0.0
CNOT7,-0.9204633204633204,,0.0
GFRA2,-0.4419194704908991,,0.0
HLA-DRB4,0.0,,0.0
POU3F4,0.0,,0.0
SNHG7,0.0,,0.0
CPNE7,0.6982901268615553,,0.0
TNFAIP8L2,-0.2392719249862107,,0.0
MORF4,0.0,,0.0
GGTLC1,0.2555984555984556,,0.0
DNALI1,0.3909542195256481,,0.0
GREB1L,-0.9883066740209596,,0.0
SLC12A6,-0.5426365140650855,,0.0
PSMB4,-0.4910093767236624,,0.0
MANBA,-0.2445670159955874,,0.0
CYBRD1,-0.0483177054605625,,0.0399246381508976
RHPN2,-0.456811913954771,,0.0440273799671522
TMBIM6,-0.5382239382239382,,0.0094439858700352
CAMK1,0.0076116933259791,1,0.0123902748582349
F8,0.0,,0.0
WASHC4,-0.516492002206288,,0.0
IGLC2,0.0,,0.0
MT-RNR1,0.0,,0.0
MEG8,0.0,,0.0
NEMF,-0.4538334252619966,,0.0118289116242693
H2AC6,0.6303364589078875,,0.0438217565999166
TRARG1,0.8518477661334805,,0.0
TSACC,0.0735797021511306,,0.0
KRT31,-0.1555432984004412,,0.0
H3P7,0.0,,0.0
RBM14-RBM4,-0.7203530060672918,,0.0
KCNQ1,-0.0916712630998345,1,0.0
KIFBP,0.0864864864864864,,0.0407745752150874
EPB41L4B,-0.8981798124655267,,0.0437985450782987
MEIS1,-0.9378929950358522,,0.0
TP53BP2,-0.592719249862107,,0.0118725039059844
LAMB1,-0.5670159955874241,,0.0229896763422721
PCBP1,-0.9783783783783784,,0.0406947179992355
TSPAN12,-0.4974076116933259,,0.0
PTCHD1,0.0,,0.0295070841016658
GAREM1,-0.6806398234969664,,0.0436810041875982
DMAC1,0.874903474903475,,0.0436438398581851
DIPK1A,0.4464423607280749,,0.0405249247090287
TUBB6,-0.2454495311638168,,0.035151946657655
ENSG00000279453,0.0,,0.043491217282753
ZFAND2A,0.9695532266960838,,0.0434643940757798
TXNDC16,0.4503033645890788,,0.0217716286534954
CPSF3,0.0746828461114175,,0.0345239642914488
LMBRD2,-0.3299503585217871,,0.0434072979270426
COQ4,0.7658025372311086,,0.035790943842031
SPINK1,0.1143960286817429,,0.0
MMRN1,0.0861555432984004,,0.0
POGZ,-0.9574186431329288,,0.0433538991388672
KICS2,-0.544180915609487,,0.038793735142825
HEPACAM,-0.2865968008825151,,0.0357517364530624
DPY30,-0.370546056260342,,0.0433496531159987
SH3KBP1,0.0,,0.0
MAPK13,-0.1072255929398786,1,0.0
RNF149,-0.3917264202978489,,0.0334753171492048
CD99,0.0,,0.0
BBLN,0.8694980694980694,,0.0402625394917885
CNTNAP1,-0.5974627688913403,,0.0
GRIK4,-0.5843353557639273,,0.0
MEIS3,0.2077220077220076,,0.0
RLBP1,-0.0264754550468836,,0.0
COL12A1,-0.8210700496414782,,0.0
NEU3,0.4817429674572531,,0.0
DIPK1B,0.4083838940981799,,0.0432241214450566
CABLES1,0.3823496966354109,,0.0155079877448573
TTLL7,-0.6159955874241588,,0.0356074580311346
PEF1,-0.3057915057915058,,0.0431613557199452
PCNX2,-0.1773855488141202,,0.043160630753892
ACKR1,0.8734693877551021,,0.0
RGS17,-0.4255929398786542,,0.0
S100G,0.0,,0.0
SHISA6,-0.4557087699944843,,0.0
PLLP,0.605515719801434,,0.0124087970046563
MYBPC1,-0.758742415885273,,0.0431216369517969
STAM,-0.6915609487038059,,0.0430906035708568
ZNF439,0.1682294539437396,,0.0
ARMC7,0.0647545504688362,,0.0
CDC20,-0.3750689464975179,,0.0
PNISR,-0.8067291781577496,,0.0321682263560075
CHRDL1,0.0,,0.0260072786062736
SERINC5,-0.0979591836734693,,0.0429483811115504
HOMER2,-0.081081081081081,,0.0
OXSM,-0.0220628792057363,,0.0233250389500889
ECM2,0.0600110314396029,,0.0256745294151862
NUDT10,0.0,,0.0
DLC1,-0.7154991726420298,,0.0
PHAX,0.2479867622724765,,0.0428762509421808
NXPH1,-0.7658025372311087,,0.0231954335432944
RIC8A,0.0654164368450083,,0.0427368927180268
MRFAP1L1,0.5782680639823496,,0.0426871302141065
XRCC5,-0.9599558742415886,,0.0351070603115157
MAP4K1,-0.8016547159404303,0,0.0
OSGEP,0.2726971869829013,,0.0395842094440971
NRAS,-0.6311086596800882,,0.0
ANKRD44,-0.8324324324324324,,0.04260397523861
ARL6,-0.0222835079977936,,0.0425666190870836
CHAC1,0.6262548262548262,,0.0
MYORG,0.3966905681191395,,0.0
MIR9-1,0.0,,0.0
ADCK2,-0.0817429674572531,,0.0
TRIM26,-0.6452289023717594,,0.0
C1RL,0.396138996138996,,0.0
SEMG2,-0.0882515168229454,,0.0
DDX10,-0.1869829012686156,,0.0
RPAP3,0.3060121345835631,,0.0
GEN1,0.6238279095421952,,0.0
TNIP2,0.3532266960838388,,0.0
MIEF2,-0.4153337010479867,,0.0
PCMTD2,-0.1792608935466078,,0.0
FBXO33,-0.4594594594594594,,0.0
COL6A4P1,0.0,,0.0
CCDC60,0.1717595146166575,,0.0
ALG6,-0.1333701047986762,,0.0
MRPL58,0.0964147821290677,,0.0
FAM209B,0.8209597352454496,,0.0
AMIGO1,-0.9949255377826808,,0.0
ASMTL,0.0,,0.0
MATN3,0.5680088251516824,,0.0
SNORD13,0.0,,0.0
MIA3,-0.6305570876999449,,0.0
STEAP3,0.4785438499724215,,0.0
PDLIM4,-0.0227247655819083,,0.0
CLDN18,0.3608383894098179,,0.0
MIR93,0.0,,0.0
SEMG1,0.4648648648648648,,0.0
MYOZ3,0.1388858246001103,,0.0
EML4,-0.4650854936569222,1,0.0
RAPGEFL1,-0.4407060121345836,,0.0
SAPCD1,0.3429674572531715,,0.0
PGAP3,0.3116381687810259,,0.0
ALG9,-0.1991174848317705,,0.0
NCBP2L,0.0,,0.0
PDCL3,0.4328736900165471,,0.0
PDIA4,-0.4825151682294539,,0.0
WNK4,-0.0679536679536679,,0.0
SMARCAD1,-0.9185879757308328,,0.0
MIR9-3,0.0,,0.0
ANKRD24,0.4591285162713734,,0.0
STEAP1,0.1567567567567567,,0.0
ZNF641,-0.3907335907335907,,0.0
BPHL,0.4687258687258686,,0.0
CRYBA2,0.5814671814671815,,0.0
SLC6A14,0.0,,0.0
ESPL1,-0.8934362934362934,,0.0
ZNF543,0.5247655819084391,,0.0
POU5F1P5,0.0,,0.0
MTATP6P1,0.0,,0.0
DUSP18,0.0254826254826254,,0.0
PRPF38B,-0.7824600110314396,,0.0
SUMF2,0.4211803640375069,,0.0
STRC,-0.4187534473248758,,0.0
ABCD4,-0.33138444567016,,0.0
GABRR1,0.3822393822393821,,0.0
ALG12,-0.0065085493656922,,0.0
GDAP2,0.7120794263651407,,0.0
ENSG00000260583,0.0,,0.0
CDCA7L,0.0232763375620519,,0.0
RCN3,0.8188637617209045,,0.0
AK7,-0.041588527302813,,0.0
MIR219A1,0.0,,0.0
MAGOH,-0.8800882515168229,,0.0
CHCHD4,0.4215113072255929,,0.0
RBM47,-0.4878102592388307,,0.0
MTERF4,0.1282956425813568,,0.0
MAP6,0.3892995035852178,,0.0
CYTL1,0.8347490347490347,,0.0
IQCB1,-0.1384445670159956,,0.0
RPL29P31,0.0,,0.0
CHAF1B,-0.9099834528405956,,0.0
FAM72A,-0.3994484280198566,,0.0
H3P11,0.0,,0.0
OLIG3,0.6028681742967457,,0.0
NAA10,0.0,,0.0379518552222817
RUNDC3B,-0.4382790954219525,,0.0424847414555688
POLR3A,-0.2274682846111417,,0.0348748213696536
BLTP2,-0.6202978488692774,,0.0424637135655313
MARF1,-0.9724214009928296,,0.0424597339549695
AK1,-0.1648097076668505,,0.0
CFAP410,0.6499724214009928,,0.0
MPG,0.6617760617760617,,0.0
DPF3,-0.6990623276337562,,0.0
GPR4,-0.0845008273579702,,0.0
PCSK7,-0.1525648097076668,,0.0
BPI,0.0757859900717043,,0.0
ELF4,0.0,,0.0
KRT2,0.0543849972421401,,0.0
RALA,-0.6442360728075014,,0.0
VCX,0.0,,0.0
TCOF1,-0.8966354109211252,,0.0
PPIH,-0.3117484831770546,,0.0423193505526025
MAGI3,-0.717815774958632,,0.042262847663034
CDH8,-0.8275785990071705,,0.0
NTN3,0.813899613899614,,0.0
MORF4L1,-0.9086596800882516,,0.0
MFAP5,0.0113623827909541,,0.0
GPC6,-0.8105901820187534,,0.0
HLA-F,0.4016547159404302,,0.0
PANK2,0.2560397131825702,1,0.0
GADL1,0.4442360728075014,,0.0
ADAMTS18,0.1586321014892444,,0.0
PYDC1,0.9403199117484832,,0.0
OBSL1,0.4035300606729177,,0.0420223820878273
VPS50,-0.3163816878102592,,0.0420012491894006
BLTP1,-0.5956977385548814,,0.0099066510203801
OMP,-0.0366243794815223,,0.0
SLC35A2,0.0,,0.0
STEAP2,-0.2204081632653061,,0.0419431130191038
ADIRF,0.8401544401544401,,0.021696508325456
VHLL,0.7966905681191396,,0.0
TARP,0.0,,0.0
MZT2B,0.8731384445670161,,0.0388460470686647
SATB2,-0.9983452840595698,,0.0375385016138206
LDB2,-0.7569773855488141,,0.034240778722082
RFTN1,-0.2475455046883617,,0.0
XCL1,0.6738003309431881,,0.0
RER1,-0.5249862107004963,,0.0
NUDT14,0.7455046883618313,,0.0372373761473709
PPIC,0.5651406508549366,,0.0333383200372102
KIF17,0.0690568119139547,,0.0371534064070973
MRPL4,0.4351902923331494,,0.0416905747250658
SAC3D1,0.9756205184776614,,0.0416831827997994
SMAP2,-0.7102040816326531,,0.0416769229768116
ETFB,0.2309983452840596,,0.0329158872410648
MYOD1,0.8199669056811913,,0.0
ARSH,0.0,,0.0
VANGL2,-0.7659128516271374,,0.0
LTBR,-0.6871483728626586,,0.0
LMO2,0.2636514065085493,,0.0205855469813832
ZCCHC24,-0.2809707666850524,,0.0416178902564809
COL16A1,-0.2963044677330392,,0.0144461285391726
PIGU,-0.4715940430226144,,0.0204771264033768
TMEM70,0.5853281853281853,,0.0415487131172858
DDX42,-0.8899062327633757,,0.041505589144545
GATA1,0.0,,0.0
ITGA2,-0.3023717595146167,,0.0
CDK14,-0.1284059569773855,1,0.0
AUP1,-0.3548814120242691,,0.041431002905478
NTMT1,-0.2927744070601213,,0.0414292383121263
HYCC1,-0.3740761169332598,,0.0361085699405583
GOLIM4,-0.3309431880860453,,0.0337784606985627
FLCN,-0.7027027027027026,,0.0135212311446174
CDK5RAP3,-0.004522890237176,,0.0
ELF2,-0.9093215664644236,,0.0
ITGA3,-0.4498621070049641,,0.0
CHRNA1,-0.0457804743519029,,0.0
VDAC3,-0.7691119691119691,,0.0
SYT14,-0.6285714285714286,,0.0
H2AB1,0.0,,0.0
FUT2,0.7974627688913403,,0.0
FCHSD2,-0.7237727523441809,,0.0
PHF20,-0.9242140099282956,,0.0
SLIT1,-0.7609487038058467,,0.0
LILRA3,0.0,,0.0
MAFG,-0.2763375620518478,,0.0
SMIM19,-0.2035300606729178,,0.0337160412943037
CCT3,-0.9007170435741865,,0.0413004275404912
ZNF253,0.1902923331494759,,0.0
TFPT,0.4762272476558191,,0.0382334553758572
ACIN1,-0.980584666298952,,0.0
RPS4X,0.0,,0.0
PNKD,0.2846111417539989,,0.0412515425207176
AK4,-0.0475455046883618,,0.0251470717761211
LPGAT1,-0.8958632101489244,,0.0411881896842838
WNT16,-0.2805295091009376,,0.0
CREG1,0.8439051296194153,,0.0185619582935698
EIF4E3,0.4605626034197463,,0.0245914697019568
PHACTR4,-0.1297297297297297,,0.0380008105433418
TCF7L1,-0.7181467181467182,,0.0
COL13A1,-0.1432984004412576,,0.0
NXNL1,0.6464423607280749,,0.0
SLC3A1,0.7055708769994484,,0.0
CASC3,-0.7248758963044677,,0.0
SURF1,0.7202426916712632,,0.0
SERP1,0.6688361831218974,,0.0
CINP,-0.3232211803640374,,0.0
DCSTAMP,0.0612244897959184,,0.0
TMT1B,0.3147269718698291,,0.0
FIRRM,-0.1447324875896304,,0.0
IGHD,0.0,,0.0
SNX15,0.2615554329840044,,0.0
ADAM28,0.4274682846111417,,0.0
DDX20,-0.0049641478212907,,0.0
ABHD14B,0.8410369553226695,,0.0
TFIP11-DT,0.0,,0.0410321886047718
ORC3,0.4642029784886927,,0.0409567084739731
ZNF667-AS1,0.0,,0.0409407148817628
TOP2A,-0.7694429123000551,,0.0
NUBP1,0.6832873690016548,,0.0
CBLN3,0.479757308328737,,0.0
DIRAS1,-0.1052399338113624,,0.0
RGN,0.0,,0.0
SNCAIP,-0.5235521235521235,,0.0
ATF1,-0.4601213458356316,,0.0
ERO1A,0.4097076668505239,,0.0
MIR22HG,0.0,,0.0114410417377532
TPK1,0.5480419194704909,,0.0295828691486714
HS6ST3,-0.51715388858246,,0.0294658541314705
ALDH1A2,-0.5937120794263651,,0.0
TPBG,0.1729729729729729,,0.0293907883729665
SFTPB,-0.2125758411472696,,0.0
HAAO,0.7124103695532267,,0.0
GALNT6,0.1031439602868173,,0.0
TANC2,-0.9723110865968008,,0.0
ATXN7,-0.9191395477109764,,0.0
TRPM8,-0.041919470490899,1,0.0
EPHA10,0.6712630998345284,,0.0
SNRNP27,0.8113623827909542,,0.0406854503637089
DCLRE1C,-0.1770546056260341,,0.0289264022695499
HYLS1,0.2868174296745724,,0.0376108330150201
DISP2,-0.263761720904578,,0.0406327388960961
CALML3,0.7960286817429674,,0.0
PLAAT3,0.8706012134583563,,0.0405922260272523
CNOT4,-0.9332597904026476,,0.0329803458658144
PEX11B,0.1964699393270821,,0.0329655696859309
PHLPP2,-0.4585769442912299,,0.035991962334545
NAP1L3,0.0,,0.016277173387837
CCDC3,0.8416988416988418,,0.0405416376141105
RIMOC1,-0.2450082735797021,,0.0283387388554299
NOSIP,0.2875896304467733,,0.0405180443274428
ZNF34,0.2914506343077772,,0.0404880172416404
LBX1,-0.3621621621621621,,0.0
SEC23A,-0.4244897959183673,,0.0159007121230487
UBAP1,-0.8987313844456701,,0.0
MRPL17,0.3985659128516272,,0.0277382572972849
TBCC,0.8497517926089355,,0.0403492468724889
ZC3H12C,-0.8071704357418643,,0.0403224313410754
CD276,-0.1404302261445118,,0.0
NREP,0.865526751241037,,0.0403146087096436
PRR3,-0.0052950910093767,,0.0402839320052822
TLE4,-0.9742967457253172,,0.0341982909888164
PSD2,-0.4202978488692774,,0.0340306489788841
PRODH,0.0,,0.0402358927155787
SF3B5,0.0921125206839492,,0.0401541286068161
LTBP4,-0.3913954771097628,,0.0401473043398053
IGKV5-2,0.0,,0.0
SNX32,0.4295642581356866,,0.0
MAP3K9,-0.4724765581908439,0,0.0359792295130562
NAPRT,0.6746828461114176,,0.0
IFI35,0.6977385548814121,,0.0
HLA-DMB,0.2073910645339216,,0.0
KCNE3,0.571207942636514,,0.0
GNE,-0.2518477661334803,,0.0
PRPF3,-0.9969111969111968,,0.0
DHX58,-0.0186431329288472,,0.0
SCAND1,0.9761720904578048,,0.0400991154104625
AGAP2,-0.7791505791505792,,0.0
CST2,0.980253723110866,,0.0
TMOD1,-0.5758411472697187,,0.0325217875305108
EFR3A,-0.0012134583563154,,0.011957159716016
ACAD8,0.2493105350248208,,0.0
SYT12,-0.1039161610590182,,0.0
BICD2,-0.6803088803088804,,0.0
BDH2,0.456811913954771,,0.0
CCNA1,-0.5904026475455046,,0.0
APOF,0.9159404302261444,,0.0
KAT6A,-0.9976833976833976,1,0.0
MAFK,0.0088251516822945,,0.0
CA14,0.3430777716492001,,0.0
CLP1,-0.1949255377826806,,0.0
COL9A3,0.1070049641478212,,0.0087008712162679
PTPN2,-0.5464975179260894,1,0.0
TSPYL5,0.0,,0.0368631580675944
MOXD1,0.2659680088251517,,0.0135212311446174
ENSG00000272106,0.0,,0.0398294451145957
ZC3H7B,-0.7936017650303364,,0.0398163510229719
AZIN2,-0.2914506343077772,,0.0
CLASP2,-0.8332046332046332,,0.0
ENSG00000280088,0.0,,0.0397261146665733
TULP4,-0.9592939878654164,,0.0245346884235426
SLC16A6,-0.4413678985107556,,0.0396942180230532
CYYR1,0.7018201875344732,,0.0320895849179688
TMEM160,0.9706563706563708,,0.0366458245009918
SLC9C1,-0.2478764478764479,,0.0
CEROX1,0.0,,0.0395794709209696
DOCK7,-0.6302261445118589,,0.0395663216527205
SMAD6,0.999669056811914,,0.0395611829250294
UNC93B1,0.1648097076668504,,0.0
DLGAP3,-0.829453943739658,,0.0
TAS1R1,-0.1423055708769994,,0.0
SIDT2,-0.4223938223938224,,0.0
CDC73,-0.7719801434087148,,0.0
TRMT61A,0.3666850523993381,,0.0
GARIN5A,0.6852730281301709,,0.0
DNAJB9,-0.0077220077220077,,0.0
MCM5,-0.361169332597904,,0.0
KRT12,0.0172090457804743,,0.0
SYT17,-0.4841698841698841,,0.0
GRIPAP1,0.0,,0.0
TMEFF1,-0.4899062327633756,,0.0
AFMID,0.0900165471594043,,0.0
ANKRD36,0.2854936569222284,,0.0
USB1,0.0851627137341424,,0.0
PDCD5,0.8696083838940982,,0.0
ADCY7,-0.3842250413678985,,0.0
GFRA3,-0.2399338113623828,,0.0
CDK5RAP1,0.2022062879205737,,0.0
HEXIM2,0.7892995035852179,,0.0
ZFP57,0.2902371759514617,,0.0
LARP7,0.282184225041368,,0.0
LIM2,0.2002206287920573,,0.0
SECTM1,-0.1374517374517374,,0.0
RNF31,-0.8272476558190844,,0.0
LCLAT1,-0.4646442360728074,,0.0
COPZ2,0.5768339768339767,,0.0
FBXO3,-0.7399889685603971,,0.0395067050598022
SARAF,-0.2099282956425813,,0.0242564388247036
SLC35F5,0.3311638168781026,,0.0394754943075409
WDR47,-0.75146166574738,,0.0099480177683754
AVPI1,0.3489244346387203,,0.03945678752746
TIMMDC1,0.1020408163265305,,0.0394540664426997
VAC14-AS1,0.0,,0.0394400686208284
SCAMP5,-0.7194704908990623,,0.023850704484891
TAF9B,0.0,,0.0393932518856822
DBNDD1,0.656811913954771,,0.0393758125426532
ATP8A1,-0.4897959183673469,,0.0
CHCHD3,-0.1720904578047435,,0.0
SLC2A9,0.0981798124655266,,0.0
PDE4C,0.1384445670159955,,0.0
PRDM10,-0.5826806398234969,,0.0
EHHADH,-0.166354109211252,,0.0
GNAI2,-0.9377826806398236,,0.0
STK32B,0.1627137341423055,,0.0
ART3,0.5866519580805296,,0.0
CTSV,0.5846662989520133,1,0.0
TUBA8,0.2600110314396029,,0.0
LAMA5,-0.3189189189189189,,0.0
SCARA5,0.5990071704357418,,0.0
TNNC1,-0.214561500275786,,0.0
VSTM1,0.1382239382239383,,0.0
B4GALT3,-0.0744622173193602,,0.0
MAPRE1,-0.8201875344732488,,0.0
DGAT1,0.1578599007170436,1,0.0
MAN1B1,0.2910093767236623,,0.0
KIAA1217,-0.5436293436293436,,0.0
SYNCRIP,-0.9250965250965252,,0.0
CPNE1,0.0779922779922779,,0.0
OSTC,0.6846111417539988,,0.0
COL9A2,-0.2575841147269718,,0.0
TGM6,0.2906784335355763,,0.0
IER3,0.8953116381687811,,0.0
PAX2,-0.7383342526199669,,0.0
ABI1,-0.7832322118036403,,0.0
LPAR6,0.261665747380033,,0.0
AXIN2,-0.7982349696635411,0,0.0
PUM1,-0.9746276889134032,,0.0
PACSIN1,-0.7673469387755102,,0.0
PDE4C,0.0,,0.0
RHBDF1,0.0988416988416989,,0.0
PRPS1,0.0,,0.023331933268027
RPS24,-0.9665747380033094,,0.0
STK32C,-0.1832322118036403,,0.0
PABPN1,-0.8280198565912852,,0.0
RBP1,0.5557639271924986,,0.0
ADAMTS9,-0.7206839492553778,,0.0
RPS14,-0.8832873690016547,,0.0
SELENON,0.0648648648648648,,0.0
TM9SF2,-0.9198014340871484,,0.0392180232883535
DIO3,-0.6477661334804192,,0.0
PLVAP,0.0822945394373966,,0.0
NEXN,-0.1577495863210148,,0.0
RAPH1,-0.8163265306122449,,0.0228882470552195
SPHKAP,-0.5862107004964148,,0.0345729377093363
PRMT2,-0.4811913954771097,,0.0314824973369573
PRPF8,-0.9170435741864312,,0.0
ADAMTS10,-0.7231108659680088,,0.0
PPIL3,0.7602868174296746,,0.008950655285379
CEPT1,-0.8389409817981246,,0.0389771949898929
RETREG2,-0.5526751241036956,,0.038929228271687
CCDC28A,0.7546607832322119,,0.0389090507075281
TMEM144,0.5733039161610589,,0.0343384587039433
CFAP97,0.2242691671263099,,0.0388806166759109
EIF5,-0.8480970766685052,,0.0330218473585767
SLC25A11,-0.6582460011031439,,0.0312546174043951
IGKV2D-29,0.0,,0.0
MAP3K13,-0.5007170435741864,,0.0
ARHGAP18,-0.0649751792608935,,0.0213713903370354
AGL,-0.4097076668505239,,0.0091395315105185
INPP1,-0.2642029784886928,,0.0387509487484979
SEC31A,-0.6420297848869277,,0.0090749594485359
PEG13,0.0,,0.0311007991323248
EIF1AX,0.0,,0.0386796932239713
PRKX,0.0,,0.0208590061374738
DPY19L3,-0.4747931605074462,,0.0386467053311545
HAUS2,0.8882515168229455,,0.0386348448652928
GJC1,-0.8472145615002757,,0.0386164389428151
CCL3L3,0.7291781577495864,,0.0
HOXB2,0.7682294539437398,,0.0
APBB1IP,-0.5881963596249311,,0.0
CEP97,-0.2107004964147821,,0.0385784250232691
TRO,0.0,,0.0347403975335557
TSC22D4,-0.6408163265306123,,0.0
TSPAN15,-0.1085493656922228,,0.0
CSPP1,-0.1607280750137892,,0.0384880776797617
TRAPPC4,0.7877551020408162,,0.038482679908112
MEGF9,-0.9011583011583012,,0.0139954218651845
TMX2,-0.1776061776061775,,0.038369324077714
FBXL14,-0.3787093215664644,,0.0383422202140346
TRIO,-0.945945945945946,,0.0292975345993159
CDH9,-0.597573083287369,,0.0
RPL19,-0.9041367898510756,,0.0
EHD3,-0.5972421400992829,,0.030610022410289
POMP,0.3768339768339768,,0.0321065800178862
POLRMT,0.4643132928847215,,0.0381641126000434
FKBP8,-0.9125206839492552,,0.0
CSRNP2,-0.7243243243243243,,0.0350822572757102
ZNF397,0.0034197462768892,,0.0381117910986379
UBXN7,-0.9055708769994484,,0.0380966115644314
ZNF75A,-0.0259238830667402,,0.0380882267576208
SRD5A1,0.481412024269167,0,0.038062640792599
IL17RD,-0.0298952013237727,,0.0350215144728667
SRP68,-0.8584666298952013,,0.0380465315502948
SLC22A8,0.0596800882515167,,0.0121928814431398
MAP2K5,0.3895201323772752,1,0.0
MAP3K4,-0.7556536127964699,,0.0
APOC1P1,0.0,,0.0
MRPL38,0.5200220628792058,,0.0
BCORL1,0.0,,0.0
GPRC5C,0.2473248758963044,,0.0
APOC1P1,0.0,,0.0
GALNT15,0.2627688913403199,,0.0
PLCD3,0.3506894649751793,,0.0
MACROD2,-0.4038610038610039,,0.0
PAK6,-0.4168781025923883,0,0.0
H3-4,0.9331494760066188,,0.0
OSBPL5,-0.1505791505791506,,0.0
ZNF418,0.4758963044677331,,0.0
DNAAF5,0.2666298952013237,,0.0
SYNPO2,-0.343849972421401,,0.0
SLC5A11,-0.2227247655819084,,0.0
SOX17,-0.5499172642029785,,0.0
TMCC3,0.1306122448979592,,0.0
TNRC18,-0.6247104247104247,,0.0
BRSK1,-0.887369001654716,,0.0
DEPP1,0.8329840044125758,,0.0
RNF7,-0.0409266409266408,,0.0
SNRPB2,0.0272476558190843,,0.0
NUDT16,0.7366795366795367,,0.0
TXNDC2,0.9334804191947048,,0.0
LZTS1,0.0659680088251517,,0.0
ITGA9,-0.6269167126309984,,0.0
NRAP,0.1414230557087699,,0.0
RPS18,-0.9510204081632652,,0.0
CBFB,0.1755102040816327,,0.0
CELSR2,-0.8001103143960286,,0.0
SDCBP,0.2164368450082736,,0.0
AGPAT2,0.3873138444567017,,0.0
IQGAP3,-0.1502482073910644,,0.0
FGF6,0.3461665747380034,,0.0
SLCO5A1,-0.2370656370656371,,0.0
ZNF467,0.8407060121345835,,0.0
MED6,0.4300055157198015,,0.0
LSM1,0.602426916712631,,0.0
KLF1,0.8349696635410921,,0.0
TUBAL3,0.6569222283507998,,0.0
MTF2,-0.8959735245449532,,0.0
ATP5ME,0.7452840595697738,,0.0
ALDH1L2,0.0105901820187535,,0.0
RAPGEF5,-0.3788196359624931,,0.0
PLA2G15,-0.3395477109762824,,0.0
PLEKHA5,-0.8277992277992278,,0.0
PCDH10,-0.8894649751792609,,0.0
TUBGCP5,-0.2162162162162162,,0.0
FOXL2,0.9419746276889134,,0.0
MYO15A,-0.1388858246001103,,0.0
BCL9,-0.8216216216216217,,0.0
GPX5,0.5821290678433535,,0.0
HTR1E,0.6118036403750688,,0.0
STARD7,-0.0253723110865967,,0.0
NBAS,-0.3503585217870932,,0.0
FOXE1,0.9536679536679538,,0.0
FGF11,0.6360728075013788,,0.0
THADA,0.3588527302813016,,0.0
PPFIA2,-0.8358521787093216,,0.0
SP7,-0.2747931605074462,,0.0
SLC25A42,-0.1746276889134032,,0.0
XRCC3,0.8465526751241037,,0.0
KDM4C,-0.2656370656370657,1,0.0
IRX2-DT,0.0,,0.0
CTRC,0.3120794263651407,,0.0
CILP2,0.54142305570877,,0.0
NFKBIB,-0.2368450082735796,,0.0
TSPAN33,-0.1367898510755654,,0.0
FAM3D,0.280419194704909,,0.0
CHODL,0.5124103695532267,,0.0
ICAM2,0.3414230557087701,,0.0
RNF215,0.468946497517926,,0.0
CEP350,-0.7933811362382791,,0.0318618913819834
ZMAT2,-0.8254826254826255,,0.0178673110997596
FOXL1,0.8714837286265857,,0.0
PMPCA,0.2499724214009928,,0.0317663961134657
MS4A3,0.3169332597904026,,0.0
EPHA3,-0.6789851075565361,,0.0
LRRC8B,-0.6365140650854937,,0.0
SPON2,0.7216767788196359,,0.0
S100A5,0.6226144511858798,,0.0
MYT1,-0.9186982901268615,,0.0
COX8BP,0.0,,0.0
HOXA4,0.9333701047986762,,0.0
FCAR,0.2720353006067291,,0.0
CHD8,-0.9791505791505792,,0.0
C1QTNF1,0.3388858246001103,,0.0
SLCO2B1,-0.3319360176503033,,0.0
SPINK4,0.5880860452289023,,0.0
BPNT2,-0.5446221731936018,,0.0378078410818775
MTNAP1,-0.3489244346387203,,0.0377708057319059
EHBP1,-0.6230557087699945,,0.037755844214478
GTF2E1,-0.5908439051296195,,0.0
FES,-0.0137892995035852,,0.0
PACRG,0.5129619415333702,,0.0
SIDT1,0.410369553226696,,0.029345654201436
SPINT2,-0.0572531715388858,,0.0346926102349694
HACL1,0.7964699393270822,,0.037684661255926
PIP5K1B,-0.1416436845008273,,0.0376710414313055
ZBED5,-0.32719249862107,,0.0286694208367508
DOP1B,-0.2358521787093215,,0.0
ZNF184,-0.7710976282404853,,0.0375495581043623
GLIPR1,0.5220077220077219,,0.0285379357288143
RNF144B,0.0723662437948151,,0.0285043054420307
CLCN3,-0.8528405956977385,,0.0284724787916299
UBE2E1,-0.6608935466078323,,0.0374631054468836
PLXNB2,-0.6376172090457805,,0.0278794889759822
GPM6B,0.0,,0.0343098878278953
WDR54,0.4175399889685605,,0.0373476277371228
PTP4A2,-0.8795366795366796,,0.0372674146232544
PSMD13,-0.9263099834528404,,0.0272308659495778
ZNF264,0.8323221180364038,,0.0371733728185007
TNPO2,-0.9373414230557088,,0.0371552974462946
KIF1C,-0.556315499172642,,0.0
AMELX,0.0,,0.0
PRSS33,0.8344180915609487,,0.0
CD58,-0.3575289575289575,,0.0
SVEP1,-0.6850523993381137,,0.0
MAPK11,0.518918918918919,1,0.0
TLCD3B,-0.5149476006618864,,0.0
SLC24A2,-0.4004412575841147,,0.0083634609142772
DPP8,-0.8287920573634859,1,0.0316973464900033
ERAP2,0.493546607832322,,0.0
CREB3L1,-0.0275785990071704,,0.0
AVPR1A,0.4704908990623275,1,0.0
JMJD1C,-0.9782680639823496,,0.0
NUB1,-0.3983452840595698,,0.0
RPL24,-0.5876447876447877,,0.0
EIF3E,-0.2455598455598455,,0.0263362528149304
RALGAPB,-0.9549917264202978,,0.0369043032329487
UBLCP1,0.0510755653612795,,0.0367833343457382
PPIL4,0.2129067843353558,,0.0
RABGGTA,0.0551571980143408,,0.0367471653271785
HMGN4,0.8038610038610039,,0.0253260112528032
TMEM65,0.9062327633756204,,0.0367228353847104
OGFOD1,0.0657473800330943,,0.0366458245009918
USP15,-0.958411472697187,,0.0247314247281593
FBXO28,-0.7547710976282405,,0.0365717930345731
PODXL,-0.56150027578599,,0.0124987481492584
PANK4,-0.4906784335355764,,0.0246181090080444
GOLGB1,-0.6933259790402648,,0.0245568735681477
FBXO34,-0.3521235521235522,,0.0334676432948237
ZNF33A,-0.1571980143408714,,0.0244386032148027
MDGA2,-0.8366243794815224,,0.0
VAT1,0.0938775510204081,,0.0
ASIC4,-0.4496414782129068,,0.0
SERTAD3,0.316822945394374,,0.0
SHISA2,0.5405405405405406,,0.0
JADE2,-0.9234418091560948,,0.0
SLC16A5,0.2764478764478764,,0.0
SCUBE2,0.0570325427468285,,0.0
RNASEL,-0.2387203530060673,,0.0
KLHDC8B,0.0854936569222284,,0.0
ALDH1A3,-0.4822945394373965,,0.0
ARSJ,-0.0315499172642029,,0.0
SLC46A1,-0.1793712079426365,0,0.0
STARD4,0.7674572531715389,,0.0
TAF6,-0.2420297848869277,,0.0
SCAP,-0.480088251516823,,0.0
RNF170,-0.485603971318257,,0.0
OTUD5,0.0,,0.0
BAIAP3,0.6104798676227248,,0.0
ASCL4,0.9484831770546056,,0.0
UHMK1,-0.5425261996690568,,0.0
IGKV4-1,0.0,,0.0
PURG,-0.8667402095973524,,0.0
TMOD2,-0.2965250965250965,,0.0
XYLT1,-0.7109762824048538,,0.0
EXOC6,-0.3033645890788747,,0.0
RDH11,-0.1124103695532267,,0.0
CT83,0.0,,0.0
SPRYD4,0.1953667953667954,,0.0
EVPL,0.0527302813017098,,0.0
CNOT8,-0.3249862107004964,,0.0
PKP1,-0.6896856039713183,,0.0
ABLIM2,-0.37573083287369,,0.0
PGLYRP2,0.2917815774958632,,0.0
GPR22,-0.4886927744070601,,0.0
FGF16,0.0,,0.0
TIPIN,0.1940430226144511,,0.0
HISLA,0.0,,0.0
STEEP1,0.0,,0.0
ESD,0.6933259790402648,,0.0
IGLC5,0.0,,0.0
KCP,0.2739106453392168,,0.0
SEC14L6,0.1495863210148924,,0.0
GPALPP1,0.8946497517926089,,0.0
MYNN,-0.6290126861555433,,0.0
DPAGT1,-0.2291230005515719,,0.0
MIRLET7BHG,0.0,,0.0
GPR176,0.1606177606177605,,0.0
RNF157,-0.2214009928295642,,0.0
ANGPTL1,0.0204081632653061,,0.0
KIF28P,0.0,,0.0
TUBAP1,0.0,,0.0
DNASE1L2,0.8196359624931053,,0.0
PKLR,-0.1163816878102592,,0.0
SLC71A1,-0.2640926640926641,,0.0
CNGA2,0.0,,0.0
EVI2B,0.3717595146166574,,0.0
LINC00114,0.0,,0.0
PLD6,0.9488141202426916,,0.0
ACY1,-0.1186982901268615,,0.0
CELA2A,0.3349145063430778,,0.0
OXSR1,-0.6050744622173194,,0.0
SNTA1,0.0214009928295642,,0.0
BSPH1,0.6354109211252068,,0.0
AKR1D1,0.3269718698290127,,0.0
MIR129-2,0.0,,0.0
GKN1,0.8227247655819085,,0.0
TRMT2A,0.5697738554881413,,0.0
OS9,-0.1350248207391065,,0.0
ANKRD7,0.4133480419194704,,0.0
EPN2,-0.2806398234969663,,0.0
SNTB1,0.0327633756205185,,0.0
SLC22A9,0.6572531715388858,,0.0
VWA2,0.4387203530060672,,0.0
RHOBTB2,-0.3496966354109211,,0.0
NOXRED1,-0.03011583011583,,0.0
PAXBP1,-0.7476006618863762,,0.0
LHFPL2,-0.3742967457253171,,0.0
PLEKHM2,0.2112520683949255,,0.0
FRMD4B,-0.5225592939878654,,0.0
TEKT2,0.2303364589078875,,0.0
RCN2,0.4700496414782129,,0.0
MMP23B,0.950799779371208,,0.0
RAI1,-0.9870932156646444,,0.0
CALCB,0.5970215113072257,,0.0
IGIP,0.7932708218422504,,0.0
CD300LG,0.4306674020959735,,0.0
KRT25,0.0601213458356315,,0.0
RNA5SP459,0.0,,0.0
HAUS4,-0.1363485934914506,,0.0
IGLC6,0.0,,0.0
SUGCT,0.3079977937120794,,0.0
TRUB2,0.434969663541092,,0.0
IL4I1,0.2772200772200772,,0.0
USH1C,-0.1605074462217319,,0.0
B3GAT3,-0.246773303916161,,0.0
TGM4,0.000661886376172,,0.0
IGLC3,0.0,,0.0
TFR2,-0.1062327633756204,,0.0
LINC00092,0.0,,0.0
CNBD1,0.8362934362934362,,0.0
MEG9,0.0,,0.0
FOXI3,-0.3955874241588527,,0.0
MIR1292,0.0,,0.0
NUDT5,0.0135686707115278,1,0.0
MBOAT4,0.8307777164920023,,0.0
LINC01140,0.0,,0.0
NSA2,-0.1010479867622724,,0.0
GFRA4,0.9974627688913402,,0.0
IHO1,-0.5845559845559846,,0.0
MIA2,-0.1641478212906784,,0.0
SFI1,0.1876447876447875,,0.0
NAB2,-0.7922779922779923,,0.0
IGLC4,0.0,,0.0
ARHGEF38,0.4018753447324876,,0.0
PI4K2A,-0.4619966905681191,,0.0
GRAMD4,-0.7311638168781026,,0.0
GPR135,0.9739658025372312,,0.0
ISM2,0.2822945394373966,,0.0
PDZRN3,-0.5790402647545505,,0.0
BEND3,-0.8550468836183122,,0.0
SHD,0.5088803088803089,,0.0
ANKRD37,0.4720353006067292,,0.0
HK3,0.4214009928295643,,0.0
VSTM2L,-0.2014340871483728,,0.0
PEBP4,0.4749034749034748,,0.0
MESD,-0.0729178157749586,,0.0
MIR1296,0.0,,0.0
EIF4BP1,0.0,,0.0
CARD6,0.6753447324875896,,0.0
PCP2,0.9607280750137892,,0.0
IGLC1,0.0,,0.0
COQ2,0.1184776613348042,,0.0
PTP4A1,-0.2821842250413678,,0.0
H1-4,0.8808604522890238,,0.0
RAMP2,0.1357970215113071,,0.0
MRPL54,0.3543298400441257,,0.036405585419132
GCDH,-0.3627137341423055,,0.0
SOX1,0.97992277992278,,0.0
LHX8,-0.6672917815774959,,0.0
WRN,-0.1200220628792057,1,0.0
ATP10A,-0.158742415885273,,0.0
SULT1A3,0.0,,0.0
AMY1B,0.0,,0.0
PLEKHG5,-0.4273579702151131,,0.0
RHOG,-0.8302261445118588,,0.0
MYCBP,-0.3697738554881412,,0.0
SERF1A,0.0,,0.0
ARHGEF12,-0.8281301709873139,,0.0
AMY1C,-0.6172090457804744,,0.0
TBX1,-0.431880860452289,,0.0
PRSS1,0.5125206839492553,,0.0
UMOD,0.4437948152233866,,0.0
NTN5,0.7456150027578599,,0.0
KAT2A,-0.5848869277440706,1,0.0
BMX,0.0,1,0.0
USP2,-0.5408714837286266,,0.0
FCGR1CP,0.0,,0.0
CRYBB1,-0.3031439602868174,,0.0
ALOXE3,0.1269718698290127,,0.0
GALT,-0.0581356867071153,,0.0
GBE1,0.4024269167126311,,0.0
GNPTAB,-0.2873690016547159,,0.0235940491549341
MIR100HG,0.0,,0.0235040309653878
FAT3,-0.8484280198565912,,0.0234646421250629
MICU3,0.9134031991174848,,0.011144324982051
TDRD9,-0.1306122448979592,,0.0111005166735795
DDX59,-0.1806949806949807,,0.0362029115088891
GLCE,-0.6722559293987865,,0.0228932520277315
ZNF503,0.1110865968008825,,0.0361123608853822
UNC5C-AS1,0.0,,0.0361024631323517
AURKAIP1,0.9482625482625482,,0.0360975043469383
ZC3H7A,-0.7277440706012135,,0.0360383941206631
TSTD1,-0.0876999448428019,,0.0
PKD2,-0.4596800882515168,,0.0
HIVEP3,-0.7755102040816326,,0.0224689837333152
ZMAT1,0.0,,0.0359983137453268
MRPL24,-0.2660783232211804,,0.0223997982149245
ANKRD39,0.5851075565361279,,0.0314056053461291
SEC24B,-0.7495863210148924,,0.0101132328410349
SHOC2,-0.9557639271924986,,0.0220990194582821
KDELR2,0.5279646993932707,,0.0359130072166863
DHX16,-0.4159955874241589,,0.0
TOPBP1,-0.9405405405405404,,0.0219475710257389
UBXN2A,0.2691671263099835,,0.0358508800485528
FEZF2,-0.9392167677881964,,0.0094404354626089
MRPL32,0.1235521235521235,,0.0357889950775238
BMERB1,-0.1923883066740209,,0.0357618618119271
PABPC1L2B,0.0,,0.0356639333212064
ZNF512,-0.7011583011583011,,0.0356491260571531
NAPG,-0.2150027578599007,,0.0299401458572153
BTN3A2,0.13723110865968,,0.0
MAX,-0.8964147821290679,,0.0
UQCR11,0.9302813017098732,,0.0
SAMSN1,0.2532818532818532,,0.0
SPTBN1,-0.9772752344180916,,0.0
SPRY2,-0.4578047435190292,,0.0
TSBP1,0.1761720904578048,,0.0
CPXM2,0.0095973524544952,,0.0
POLA1,0.0,,0.0
COX7A2L,0.8281301709873139,,0.0
SEMA3B,0.4124655267512409,,0.0
STARD10,-0.1057915057915057,,0.0354309423140623
DPH3,0.6381687810259238,,0.0323857280630983
PNPLA8,-0.326530612244898,,0.0300850341909239
LIN7C,0.4138996138996138,,0.031584409145473
YPEL5,-0.7607280750137893,,0.0353576186950254
DDX46,-0.8931053502482074,,0.0
GPR19,-0.3876447876447876,,0.0307345187667887
TMEM18,0.3865416436845008,,0.0192636157029325
ITPKA,-0.4036403750689464,,0.0351993783377549
ARMCX2,0.0,,0.0351990648460539
SLC16A14,-0.5740761169332598,,0.0351950264887935
RCAN2,-0.4966354109211252,,0.035140009584844
ZNF677,0.3901820187534472,,0.0351050633329638
MICALL2,0.7802537231108659,,0.035077378440111
NXPH2,-0.6515168229453944,,0.0186830461004842
ECI2,-0.0350799779371208,,0.035041471398943
SCLT1,0.2292333149476006,,0.0
RPL10A,-0.4100386100386101,,0.0
TMEM51,-0.1688913403199117,,0.0
MOS,0.9742967457253172,,0.0
SPATA6,0.2270270270270269,,0.0
ABCC4,-0.5083287369001654,1,0.0
LMX1A,-0.7136238279095422,,0.0
XPNPEP3,-0.2371759514616657,,0.0
ATG4C,0.432211803640375,,0.0
MAP3K10,-0.6808604522890237,0,0.0
SMARCA1,0.0,,0.0
COXFA4L2,0.8619966905681191,,0.0
RSPO3,-0.3654715940430226,,0.0
SGK2,0.0562603419746277,,0.0
MLLT3,-0.9734142305570876,1,0.0
H2AZ1,-0.7945945945945946,,0.0
CYP2C8,0.6859349145063431,,0.0
LINC02210,0.0,,0.0
CLCN1,0.1072255929398786,,0.0
PCDH19,0.0,,0.0
ERI1,0.701599558742416,,0.0
DYRK2,-0.6959735245449531,1,0.0
FAH,0.1782680639823497,,0.0
RPS4Y1,0.0,,0.0
LINC00639,0.0,,0.0
ATP2A3,-0.3526751241036955,,0.0
LEO1,-0.702261445118588,,0.0
CGB8,0.3876447876447877,,0.0
FADS6,0.4313292884721456,,0.0
AARS2,-0.3624931053502482,,0.0
HERC2,-0.9286265857694428,,0.0
ALG2,0.6125758411472697,,0.0
CD163L1,-0.2226144511858797,,0.0
NTSR2,0.8109211252068396,0,0.0
ZNF331,0.1890788747931604,,0.0
TRIB1,-0.2133480419194705,,0.0
CLCF1,-0.3915057915057914,,0.0
PTPRH,0.0047435190292333,,0.0
SLC47A2,0.0178709321566463,,0.0
HECW2,-0.6914506343077771,,0.0
ACCS,-0.1211252068394925,,0.0
CYCSP24,0.0,,0.0
KRT8P3,0.0,,0.0
SLC25A32,0.2466629895201324,,0.0
ARID5A,-0.2840595697738555,,0.0
PCDH19,0.0,,0.0
CYCSP24,0.0,,0.0
COXFA4L2,0.8619966905681191,,0.0
FOXJ1,-0.4344180915609487,,0.0
LMX1A,-0.7136238279095422,,0.0
RPL10A,-0.4100386100386101,,0.0
CLCN1,0.1072255929398786,,0.0
RPS4Y1,0.0,,0.0
CLEC4F,0.1263099834528405,,0.0
HECW2,-0.6914506343077771,,0.0
TIMM8A,0.0,,0.0
RANGAP1,-0.2750137892995036,,0.0
DPEP1,0.6875896304467732,,0.0
POLR1D,0.7555432984004413,,0.0
CNGB1,-0.0497517926089354,,0.0
AACS,-0.0008825151682294,,0.0
GFI1,-0.416988416988417,,0.0
SPAG1,0.2086045228902371,,0.0
RAC3,-0.4014340871483728,,0.0
PATJ,-0.2193050193050193,,0.0
AMIGO2,0.0022062879205735,,0.0
ADCY8,-0.5853281853281853,,0.0
TFAP2C,-0.7746276889134032,,0.0
RNASE4,0.9198014340871484,,0.0
SNORD3A,0.0,,0.0
GJA8,0.5158301158301157,,0.0
NUDT19,0.9794815223386651,,0.0
RANBP10,-0.7066740209597353,,0.0
NCOR1,-0.8929950358521788,1,0.0
HNRNPF,-0.9356867071152786,,0.0
OR4M1,0.4883618312189741,,0.0
GPR12,-0.4782129067843353,,0.0
GGTA1,0.0,,0.0
IGSF6,0.8280198565912851,,0.0
SMIM43,0.0,,0.0347631266467112
PURB,0.4191947049089906,,0.0347588726601092
MPPED2,-0.8496414782129068,,0.0347573246222925
SLF1,0.0929950358521787,,0.0347551744993941
ARHGAP42,-0.4838389409817981,,0.0347393855899121
ENSG00000276724,0.0,,0.0347223460517612
UXS1,-0.2790954219525647,,0.0169242941916982
IQSEC1,-0.7182570325427469,,0.0315690442781005
OIP5-AS1,0.0,,0.0345864652282115
ENSG00000264577,0.0,,0.0345051111307457
GNL3,0.5881963596249311,,0.016395118507421
ZDHHC4,0.6862658576944292,,0.0157702561783317
TPD52L2,0.2967457253171539,,0.0156403122582982
UNC50,0.0755653612796469,,0.0342860559699123
SMIM10L1,0.9810259238830668,,0.0342849195449638
KCTD4,0.0819635962493106,,0.0342614782876185
SLC30A9,-0.5846662989520133,,0.0342297663024926
ZNHIT1,0.5092112520683949,,0.0342205082363459
ALMS1,-0.2457804743519029,,0.0341897332786562
DZIP3,-0.3161610590182019,,0.0341503697127177
TMEM121B,0.8709321566464423,,0.0295413953257382
GET3,-0.3904026475455047,,0.0340293406378559
OSBPL9,-0.7779371207942637,,0.0340261994424906
PLPP3,-0.7924986210700496,,0.0340194783920251
HIGD1B,0.7217870932156647,,0.0144350836557101
MLF2,-0.5076668505239934,,0.0339661072314273
LRRC49,-0.222173193601765,,0.0308436467260201
AMOTL2,-0.6036403750689465,,0.0137943097064874
VXN,-0.568450082735797,,0.0136705622279278
PCGF5,-0.7103143960286817,,0.0337528023898821
BNIP2,0.1461665747380032,,0.0336736465728042
UFD1,-0.7541092112520684,,0.0130492218445278
PABPC3,0.5184776613348041,,0.0130215457331843
ZNF512B,-0.7804743519029234,,0.0335509448331973
ATP2A1-AS1,0.0,,0.0335391980961409
CRNKL1,-0.7455046883618313,,0.0288916944634947
GGCT,0.5460562603419745,,0.0
EMG1,0.4251516822945393,,0.0
HNRNPH3,-0.8826254826254827,,0.0
ZMYM4,-0.9402095973524544,,0.0
NEIL2,0.7228902371759514,,0.0
RBKS,0.4886927744070601,,0.0
PRM2,0.0142305570876999,,0.0
NR1D2,-0.4332046332046332,,0.0
LAIR1,0.1207942636514065,,0.0
ATL3,-0.134473248758963,,0.0
PI4KA,-0.6332046332046333,,0.0
RPL9,-0.9865416436845008,,0.0
GPD2,-0.2942084942084941,,0.0
HNRNPA3,-0.975399889685604,,0.0
HKDC1,-0.2794263651406509,,0.0
CACNA1I,-0.6603419746276888,,0.0
OSBP,-0.802095973524545,,0.0
PRSS50,0.0674020959735246,,0.0
FKRP,0.7117484831770546,,0.0
NR2E3,0.6628792057363486,,0.0
SLC4A7,-0.622173193601765,,0.0
UCN,0.8452289023717594,,0.0
RASSF5,-0.0376172090457804,,0.0
CSGALNACT1,0.4624379481522338,,0.0
ALKBH1,0.2806398234969662,,0.0
EBF2,-0.8022062879205736,,0.0
RTKN,-0.0487589630446773,,0.0
PPP1R3C,-0.0418091560948703,,0.0
AMTN,0.7722007722007722,,0.0
PPP2R5A,-0.3214561500275785,0,0.0
PTPRB,-0.7249862107004964,,0.0
GLRB,-0.3727523441809156,,0.0
GNG11,0.0,,0.0
HNRNPUL2,-0.804853833425262,,0.0
ACTN3,-0.0430226144511858,,0.0
CTBP2,-0.6635410921125207,,0.0
CD70,0.4547159404302261,,0.0
ENAM,-0.1332597904026475,,0.0
TBCEL,-0.6746828461114176,,0.0
MMP11,-0.3269718698290127,,0.0
HS6ST1,-0.7698841698841699,,0.0
MCEE,-0.1766133480419194,,0.0
NEU2,0.9097628240485384,,0.0
SLAMF9,0.1895201323772752,,0.0
PIGS,-0.3505791505791505,,0.0
ZNF408,0.3094318808604523,,0.0
KCNJ5,-0.0966354109211251,,0.0
EIF3M,-0.5305019305019305,,0.0
ARPC1A,-0.8787644787644787,,0.0
PCDHGB7,-0.4210700496414782,,0.0
ESPN,0.5194704908990624,,0.0
STMN3,0.8787644787644788,,0.0
KATNIP,-0.2602316602316602,,0.0
IGFBP4,-0.0851627137341423,,0.0
MBIP,0.1774958632101488,,0.0
SP2,-0.875234418091561,,0.0
RUNDC3A,-0.0964147821290678,,0.0
DERL3,0.617319360176503,,0.0
DNAJC14,-0.9083287369001656,,0.0
GPHB5,0.5510204081632653,,0.0
H2AC1,0.7910645339216769,,0.0
CHRNB4,-0.3312741312741313,,0.0
FPGS,0.3533370104798676,,0.0
RECQL,0.4330943188086045,,0.0
EPHB3,-0.7565361279646994,,0.0
COMMD8,0.5780474351902922,,0.0
FANCE,-0.0202978488692774,,0.0
OR7A10,0.8771097628240485,,0.0
KRT72,0.371207942636514,,0.0
VRK1,-0.3716492002206287,,0.0
RNMT,-0.0838389409817981,,0.0
HS3ST5,-0.4660783232211803,,0.0
RARRES1,0.6649751792608936,,0.0
SRPX,0.0,,0.0
SNED1,-0.4839492553778268,,0.0
VCF2,0.0,,0.0
CPP,0.0,,0.0
PCOLCE,0.1909542195256481,,0.0
ENSG00000223804,0.0,,0.0
CSRP2,0.0840595697738555,,0.0
WDR27,0.2872586872586873,,0.0
GRB7,-0.0792057363485935,,0.0
VPS37A,-0.1984555984555984,,0.0
RPL37,-0.8066188637617209,,0.0
POU2F3,-0.5985659128516272,,0.0
POLI,0.802757859900717,,0.0
NYX,0.0,,0.0
ITGAD,-0.1885273028130171,,0.0
NUBPL,-0.1257584114726971,,0.0
SCN4B,0.5356867071152784,,0.0
HILPDA,0.8408163265306123,,0.0
MAGEE1,0.0,,0.0
CARD8,-0.1493656922228351,,0.0
ARHGEF1,-0.7314947600661886,,0.0
ARHGAP30,-0.7622724765581909,,0.0
PATL2,0.3373414230557088,,0.0
IGLL5,0.9491450634307776,,0.0
LMO1,-0.0402647545504688,,0.0
ZMYM5,-0.190292333149476,,0.0
KCNJ13,-0.5175951461665748,,0.0
CC2D2B,-0.2347490347490347,,0.0
BTLA,-0.3363485934914506,,0.0
LRRC8A,-0.5502482073910646,,0.0
IST1,-0.0795366795366795,,0.0
ABCD1,0.0,,0.0
NPRL3,-0.4997242140099283,,0.0
MBNL1,-0.8739106453392168,,0.0
DNA2,0.2574738003309431,,0.0
POLN,0.0918918918918918,,0.0
CNTFR,-0.6349696635410922,,0.0
VAMP5,0.7772752344180915,,0.0
MGST1,0.3573083287369001,,0.0
RPL5,-0.9956977385548814,,0.0
NPAT,-0.7151682294539438,,0.0
PDXDC2P,0.0,,0.0
MAN2A2,-0.406949806949807,,0.0
ATP6V1G1,0.948703805846663,,0.0
ZPR1,-0.2610038610038609,,0.0
ANXA4,0.19580805295091,,0.0
STK26,0.0,1,0.0
SSTR5,0.9584114726971872,1,0.0
RAX,0.3841147269718699,,0.0
GALK1,0.3864313292884722,0,0.0
FCRL1,-0.2649751792608935,,0.0
DHTKD1,-0.1802537231108659,,0.0
PCDH11Y,0.0,,0.0
ACADS,-0.2007722007722008,,0.0
MOGAT1,0.5207942636514065,,0.0
SYCP3,0.1713182570325426,,0.0
SNX2,-0.6648648648648648,,0.0
GTF2F2,0.9697738554881412,,0.0
PRKAB2,-0.1827909542195256,,0.0
NPR2,-0.6699393270821843,,0.0
MALL,0.0,,0.0
JAKMIP1,-0.8044125758411473,,0.0
ABCA6,0.134142305570877,,0.0
TRAF4,-0.8514065085493657,,0.0
RNF6,-0.565361279646994,,0.0
ZNF320,0.5232211803640374,,0.0
GPR65,0.9609487038058466,,0.0
NIFK,-0.2559293987865416,,0.0
MALL,-0.1061224489795918,,0.0
SYNJ2BP,0.1327082184225041,,0.0
GTF2H5,0.8076116933259789,,0.0
ELFN1,0.8738003309431881,,0.0
TOX2,-0.6821842250413679,,0.0
SEC24D,-0.3405405405405405,,0.0
RBP2,0.6108108108108108,,0.0
KRT77,0.2489795918367348,,0.0
GALNT17,-0.5554329840044125,,0.0
VNN3P,0.0,,0.0
KIF4A,0.0,,0.0
SLC7A10,-0.3300606729178158,,0.0
PHC3,-0.9649200220628792,,0.0
SRGAP3,-0.7861003861003861,,0.0
AMPD3,-0.258246001103144,,0.0
ANKRD22,0.6923331494760065,,0.0
GHRLOS,0.0,,0.0334230494261357
HHATL,0.1199117484831771,,0.0333808145658175
SLC35B3,0.2974076116933259,,0.0333738525585069
HARS2,-0.1795918367346939,,0.0288005079708417
UBALD1,0.0693877551020407,,0.0333593682218617
ZNF770,-0.7696635410921125,,0.033323272292975
HTATSF1,0.0,,0.0332369672599897
MED9,0.2056260341974627,,0.0331266159289006
NOTUM,-0.1664644236072807,,0.0
F7,0.2527302813017098,0,0.0
ZNF500,0.5398786541643685,,0.0330897418506911
TXNDC9,-0.6721456150027578,,0.0285208579637038
LINC-ROR,0.0,,0.0
MEN1,-0.9523441809156096,0,0.0
RNASEH2B,0.6063982349696635,,0.0103695097987256
FIBIN,0.225261996690568,,0.0329810345386812
FLRT3,-0.5885273028130171,,0.0329749961599272
C15orf61,0.8249310535024821,,0.032971867370169
RNFT2,0.4718146718146718,,0.0284030420772868
TOR1AIP2,-0.2553778268063982,,0.0329310863650039
RTCA,0.3757308328736899,,0.0101303388900009
TAFA2,-0.2486486486486486,,0.0100968302340517
TM7SF3,0.4231660231660232,,0.0328357221001996
PPFIA4,-0.0900165471594043,,0.0297815823710895
KDM3B,-0.9900717043574186,,0.0297358626705609
WASF3,-0.8377275234418091,,0.0327610432641432
VMA21,0.0,,0.0327299413441121
STXBP6,0.2638720353006067,,0.009206897351417
SMAP1,-0.6991726420297849,,0.0326869515382556
FAM78B,-0.1232211803640375,,0.0326613402341137
UBE2T,-0.2244897959183673,,0.0090070979141322
ZFC3H1,-0.8303364589078874,,0.0326266007450033
TMEM255A,0.0,,0.0088635830769896
RNF141,0.3057915057915057,,0.0325966110526986
EPB41L3,-0.6183121897407612,,0.028020699853892
SLC22A2,0.2614451185879758,,0.0
HVCN1,-0.2590182018753447,,0.0
LGR5,-0.3829012686155543,,0.0
RARS2,-0.1429674572531715,,0.0323936884277608
BTF3L4,0.5811362382790954,,0.0323545910650848
PHYHIPL,-0.7676778819635962,,0.0323243095501228
SRRM4,-0.4990623276337562,,0.0143955335649514
PPP2R3C,-0.0247104247104247,,0.0197780289074273
KBTBD6,-0.8525096525096525,,0.0322889015877706
PCDH8,0.3093215664644235,,0.0277040983478292
MRPS33,0.7227799227799228,,0.0322174134748775
TAOK3,-0.8552675124103696,,0.0280302389530458
SCGB1D4,0.58996138996139,,0.0
NAA80,0.2723662437948153,,0.0321010904635659
IFT80,-0.3810259238830668,,0.0320806540613232
TMEM19,-0.06861555432984,,0.0320641823096977
GALR3,0.8612244897959183,,0.0
ARV1,0.2843905129619415,,0.0320393072470316
PLEKHB2,0.4353006067291782,,0.0289046434139606
KDM7A,-0.7897407611693326,,0.02889753416258
MAGEL2,0.0,,0.03188477910991
TRAPPC6B,0.8742415885273027,,0.0318273023148204
KIAA0232,-0.8870380584666299,,0.0318101009053211
ZMPSTE24-DT,0.0,,0.0318025248139946
RNF111,-0.8647545504688362,,0.0271891878618961
EFNB2,-0.9157198014340872,,0.0
GIGYF1,-0.3887479316050745,,0.0
DEFA4,0.9827909542195256,,0.0
MRPL27,-0.54142305570877,,0.0317403931657924
CYP4X1,-0.1042471042471042,,0.0316835336339105
GOLGA6L2,0.6307777164920023,,0.0
ZNF410,-0.7173745173745174,,0.0
CTPS1,-0.7683397683397684,,0.0316230114668228
FREM3,-0.0595697738554881,,0.0315306553561663
MRO,0.632211803640375,,0.0315221546040282
FBXL5,-0.7500275785990071,,0.0315197270807726
TRIM8,-0.8937672366243795,,0.0314954559752549
AMN1,-0.2243794815223386,,0.031488033705305
FAM50A,0.0,,0.0313427369194755
SKIC3,-0.3234418091560949,,0.0313172595096709
EFHC2,0.0,,0.0313153084936133
ZDHHC23,0.4851627137341423,,0.0312864033565823
SRPRB,0.1489244346387204,,0.0312807042788489
ANKRD46,-0.0046332046332046,,0.0312572855209297
DDX25,0.5588527302813018,,0.0312364670751688
DCUN1D5,-0.7485934914506343,,0.0281248090053776
TSNAX,-0.5062327633756205,,0.0280813430587574
ILKAP,-0.8147821290678434,,0.0310047862809982
CPNE3,0.5948152233866519,,0.0310005584050538
MMGT1,0.0,,0.0309974258159461
GPSM2,-0.1872035300606729,,0.0
RPL14,-0.8392719249862107,,0.0
FIGNL1,-0.5491450634307777,,0.030975325603434
ZNF135,0.7000551571980143,,0.0
IL15RA,0.6562603419746278,,0.0
PPL,0.3333701047986761,,0.0263094255527758
APTX,0.0075013789299502,,0.0306979583444018
NTAQ1,0.1612796469939326,,0.0306894898785821
NAXD,-0.2158852730281302,,0.0306691505102648
C1orf216,0.704688361831219,,0.0306628301521263
FAHD1,0.7119691119691121,,0.0306522739886641
NAA35,-0.9085493656922228,,0.0306099994213304
MRAP2,0.7309431880860453,,0.0275621696048945
SYT16,-0.1438499724214009,,0.0305986423268521
GZF1,-0.1710976282404853,,0.0305961930922311
VPS39,-0.4465526751241037,,0.0305557347547807
CDR1,0.0,,0.0
KCNE4,0.4234969663541092,,0.030500902156212
MPPED1,-0.4325427468284611,,0.030452670509063
TMED3,0.0167677881963597,,0.0304096907702378
AKR7A3,0.6130170987313845,,0.0
LRRC28,0.0340871483728626,,0.0
PALB2,-0.1190292333149476,,0.0
PCDHGA1,-0.4250413678985107,,0.0
GDPD2,0.0,,0.0
GLDN,0.1971318257032543,,0.0
WDR53,0.2455598455598455,,0.0
PCDHB16,0.0,,0.0
EGFL6,0.0,,0.0
SLC45A3,-0.3982349696635411,,0.0
APOBEC3B,-0.197573083287369,,0.0
SPOP,-0.8176503033645891,,0.0
PEX16,-0.0212906784335356,,0.0
SNX5,0.0482073910645339,,0.0
KATNA1,-0.3610590182018753,,0.0
COX7A2P2,0.0,,0.0
RNASET2,0.4202978488692774,,0.0
VPS37B,-0.2060672917815774,,0.0
ANKFN1,-0.3789299503585218,,0.0
GLP2R,0.5430777716492001,,0.0
SPDYE2,-0.2194153337010479,,0.0
KCNV2,0.9910645339216768,,0.0
SNTG2,0.4614451185879757,,0.0
CCNL1,-0.813899613899614,,0.0
GOSR1,0.8221731936017651,,0.0
MACC1,0.5095421952564809,,0.0
WDR72,0.2157749586321014,,0.0
IQSEC3,-0.3936017650303365,,0.0
TEAD3,-0.7574186431329288,1,0.0
SRXN1,0.8345284059569773,,0.0
AGO4,-0.8037506894649752,,0.0
RUBCNL,0.4088251516822945,,0.0
CYRIA,-0.5494760066188638,,0.0
ASTL,0.1034749034749034,,0.0
RBM22,-0.996138996138996,,0.0
AIPL1,0.0740209597352454,,0.0
ZBTB7B,-0.7008273579702151,,0.0
CHADL,0.6186431329288473,,0.0
SEC14L5,0.6775510204081632,,0.0
TAS2R9,0.9228902371759516,,0.0
MIR132,0.0,,0.0
CYP2A6,-0.1552123552123552,,0.0
TAAR6,0.4275785990071705,,0.0
PTPN14,-0.6623276337562052,,0.0
HIVEP1,-0.936238279095422,,0.0
BFSP2,0.1779371207942637,,0.0
TTC9,-0.0750137892995035,,0.0
LYPLA1,0.7204633204633204,0,0.0
TAS2R20,0.9687810259238832,,0.0
TRAPPC14,-0.5030336458907887,,0.0
TUBBP5,0.0,,0.0
TDH,0.0,,0.0
KLHL12,-0.7568670711527854,,0.0
ADGRG4,0.0,,0.0
MRFAP1,-0.6869277440706012,,0.0
SLC25A3P1,0.0,,0.0
ELL,-0.7244346387203531,,0.0
FBXO9,-0.5018201875344732,,0.0
DCUN1D1,-0.6553778268063982,,0.0
GPX6,0.5576392719249863,,0.0
MIR1291,0.0,,0.0
ALG1L2,0.7457253171538887,,0.0
MMRN2,0.2049641478212907,,0.0
B4GALT6,-0.6570325427468284,,0.0
TRGJ2,0.0,,0.0
CPM,0.0871483728626585,,0.0
NKD2,0.7873138444567016,,0.0
ABHD2,-0.6079426365140651,,0.0
U4,0.0,,0.0
CFHR5,0.6605626034197463,,0.0
CIMIP1,0.5388858246001103,,0.0
LCN10,0.2290126861555432,,0.0
PARP10,-0.1006067291781577,,0.0
EFNB1,0.0,,0.0
SNHG8,0.0,,0.0
FAM171A1,-0.7444015444015444,,0.0
ACSM2B,-0.0226144511858797,,0.0
U4,0.0,,0.0
OTP,-0.4008825151682295,,0.0
PCDHB14,0.9558742415885272,,0.0
PAX3,-0.7856591285162714,,0.0
TMEM41A,0.3662437948152233,,0.0
CHORDC1,-0.1501378929950358,,0.0
PSMC3IP,0.0216216216216216,,0.0
COX18,0.7837837837837838,,0.0
ORC2,-0.5057915057915058,,0.0
TCAP,0.5835631549917264,,0.0
RPS19BP1,0.4743519029233314,,0.0
PELO,0.0696083838940981,,0.0
HOXC13,-0.2418091560948704,,0.0
RBM4,-0.7688913403199118,,0.0
DOK6,-0.4451185879757308,,0.0
MIR1248,0.0,,0.0
RPL13A,-0.8836183121897407,,0.0
SERTAD4BP,0.0,,0.0
LYAR,0.0590182018753446,,0.0
FMNL3,-0.6025372311086596,,0.0
NEK5,-0.054715940430226,,0.0
THEM4,0.7250965250965251,,0.0
CTXN1,0.9685603971318256,,0.0
CCDC54,0.7276337562051847,,0.0
PPP4R4,-0.4170987313844456,,0.0
B3GALT5,0.8989520132377276,,0.0
BIRC8,0.0,,0.0
H2BC5,0.9576392719249862,,0.0
SYNE3,0.2840595697738555,,0.0
ADAMTSL1,-0.3746276889134031,,0.0
DGAT2L6,0.0,,0.0
RASL11B,0.0165471594043022,,0.0
FNDC4,-0.4396028681742967,,0.0
HOXC10,-0.1673469387755102,,0.0
CHRNG,0.4950910093767235,,0.0
GPR20,0.0,,0.0
DAP,0.4991726420297848,,0.0
POLR1HASP,0.0,,0.0
ZNF74,0.3690016547159405,,0.0
DELE1,0.3606177606177605,,0.0
CCNI,-0.6033094318808605,,0.0
OR6Q1,0.8520683949255379,,0.0
PDCD11,-0.6046332046332046,,0.0
PLPP1,0.1835631549917264,,0.0
UBE2L6,0.2304467733039161,,0.0
NCCRP1,0.6005515719801433,,0.0
SAMD9L,-0.1601765030336459,,0.0
NOL4L,-0.963927192498621,,0.0
ZNF845,-0.0473248758963045,,0.0
AKAIN1,0.6883618312189741,,0.0
GLRX5,0.8150027578599006,,0.0
GLB1L3,0.5079977937120794,,0.0
ATP13A3,-0.7640375068946498,,0.0
PATL1,-0.8003309431880861,,0.0
MRTO4,-0.6104798676227248,,0.0
CLEC2B,0.6093767236624379,,0.0
MIR129-1,0.0,,0.0
DTHD1,0.12300055157198,,0.0
INHBB,-0.6223938223938223,,0.0
DOT1L,-0.8709321566464423,1,0.0
GALNT11,-0.2672917815774959,,0.0
TSPAN8,-0.0959735245449531,,0.0
ARFGAP3,0.2578047435190291,,0.0
POU4F2,-0.1400992829564258,,0.0
ABCC3,-0.2360728075013789,,0.0
MESTIT1,0.0,,0.0
MIR3691,0.0,,0.0
ACSM5,0.0603419746276889,,0.0
ZNF536,-0.9270821842250414,,0.0
KLF11,0.183011583011583,,0.0
TADA3,-0.2742415885273028,,0.0
RAI2,0.0,,0.0
FUT6,0.8730281301709872,,0.0
TMEM210,0.5842250413678984,,0.0
HS3ST3A1,0.8293436293436294,,0.0
USP39,-0.3749586321014893,,0.0
VIM2P,0.0,,0.0
ZFAND2B,-0.0871483728626585,,0.0
GBP4,0.5724214009928295,,0.0
KLHL28,-0.5159404302261446,,0.0
SPIN2B,0.0,1,0.0
C4B_2,0.0,,0.0
STK31,-0.3183673469387755,,0.0
RBM27,-0.9349145063430776,,0.0
OGFOD3,0.41003861003861,,0.0
BTG4,0.1877551020408163,,0.0
ZZEF1,-0.6693877551020408,,0.0
MIR4300HG,0.0,,0.0
WTIP,-0.0382790954219525,,0.0
VOPP1,0.0752344180915609,,0.0
DHFR2,0.532046332046332,,0.0
IGKV3D-20,0.0,,0.0
CHMP4A,0.5543298400441257,,0.0
LINC00857,0.0,,0.0
RPL3L,0.5332597904026475,,0.0
KIF14,-0.5032542746828461,,0.0
HAX1,0.2852730281301709,,0.0
MNT,-0.5447324875896304,,0.0
PLCD4,-0.2819635962493105,,0.0
LINC03041,0.0,,0.0
GEMIN8,0.0,,0.0
SEC23IP,-0.1791505791505792,,0.0
FARSB,0.283838940981798,,0.0
GABRR2,0.06442360728075,,0.0
PCDHGB4,-0.2302261445118587,,0.0
LINC01965,0.0,,0.0
LDHD,0.5254274682846112,,0.0
CXXC4,-0.6945394373965803,,0.0
SLC6A18,0.3054605626034197,,0.0
C9orf78,-0.3444015444015443,,0.0
U4,0.0,,0.0
PEX10,0.432542746828461,,0.0
UTP25,-0.3515719801434087,,0.0
PARVB,0.4772200772200772,,0.0
PRR27,0.4539437396580255,,0.0
LINC02712,0.0,,0.0
ADRM1,-0.963265306122449,,0.0
CDH11,-0.9236624379481524,,0.0
IGSF9B,-0.7054605626034198,,0.0
ELK2AP,0.0,,0.0
KCTD11,0.453061224489796,,0.0
SLC45A1,-0.4410369553226696,,0.0
PABPC1P1,0.0,,0.0
CA5BP1,0.0,,0.0
SLC25A3P1,0.0,,0.0
ZSWIM9,-0.1937120794263651,,0.0
ARL10,0.6971869829012687,,0.0
FGF22,0.9856591285162716,,0.0
SERHL2,0.93557639271925,,0.0
CRADD,0.0525096525096524,,0.0
ZNF300,-0.0539437396580253,,0.0
DNAAF10,0.0393822393822393,,0.0
MND1,0.6739106453392167,,0.0
OR2B11,0.0,,0.0
PRELP,0.1624931053502483,,0.0
TBCD,-0.3451737451737452,,0.0
HEPHL1,0.3070049641478212,,0.0
CCNK,-0.8536127964699394,,0.0
RRP36,0.5979040264754552,,0.0
BHLHE23,0.9263099834528404,,0.0
BCO2,0.1437396580253722,,0.0
SLC38A5,0.0,,0.0
CHMP6,-0.5699944842801985,,0.0
H3P47,0.0,,0.0
TACC3,-0.3442912300055157,1,0.0
ABHD17AP4,0.0,,0.0
LIMCH1,-0.3372311086596801,,0.0
RAB15,-0.4547159404302261,,0.0
TNP2,0.7959183673469388,,0.0
ZNF211,0.946607832322118,,0.0
MAPT-IT1,0.0,,0.0
CIRSR,0.0039713182570324,,0.0
PPP4R3B,-0.2826254826254826,,0.0
SELENOV,0.7648097076668505,,0.0
ITPA,0.3312741312741312,,0.0
FOXP4,-0.6938775510204082,,0.0
PWP1,-0.2334252619966905,,0.0
DIS3L,-0.0080529509100937,,0.0
EIF4E2,-0.4023166023166022,,0.0
NUFIP2,-0.9567567567567568,,0.0
BARX2,-0.3968008825151682,,0.0
USP51,0.0,,0.0
VPREB3,0.7375620518477661,,0.0
ZRANB1,-0.8954219525648097,,0.0
ENSG00000285756,0.0,,0.0
ZNF107,0.9598455598455596,,0.0
AHSP,0.9777164920022064,,0.0
CLCN5,0.0,,0.0
RALY,-0.3912851627137341,,0.0
MFSD2B,0.5146166574738003,,0.0
ASB3,0.0507446221731935,,0.0
HCP5,0.0,,0.0
GPRC5A,0.4309983452840595,,0.0
ZNF668,-0.7323772752344181,,0.0
MIR664A,0.0,,0.0
EXO5,0.1487038058466629,,0.0
DMKN,0.1400992829564258,,0.0
FAM27E3,0.0,,0.0
AQP7,0.4430226144511859,,0.0
BTRC,-0.5139547710976282,,0.0
PFKFB2,0.0401544401544402,,0.0
TMEM62,-0.3849972421400993,,0.0
GNA12,-0.6211803640375069,,0.0
TARS1,-0.4263651406508549,,0.0
FAM86C1P,0.0,,0.0
KIF7,0.1293987865416437,,0.0
SNX20,0.6521787093215665,,0.0
ADAMTS17,-0.0023166023166023,,0.0
MRPS25,0.383342526199669,,0.0
SHE,-0.8033094318808605,,0.0
BMP5,-0.4205184776613347,,0.0
DCUN1D3,-0.7303916161059019,,0.0
POLR2H,-0.5097628240485383,,0.0
RNY1,0.0,,0.0
PDGFC,-0.8549365692222834,,0.0
U4,0.0,,0.0
COL7A1,-0.4484280198565913,,0.0
MIR146B,0.0,,0.0
KHDC3L,-0.0151130722559293,,0.0
FOXL2NB,0.9800330943188088,,0.0
CEP164,0.0726971869829011,,0.0
HSF2BP,0.4626585769442912,,0.0
NSUN3,-0.2945394373965803,,0.0
PIBF1,0.4344180915609488,,0.0
LXN,0.4765581908439051,,0.0
GATA6,-0.6576944291230006,,0.0
SEC61A1,-0.7898510755653613,0,0.0
SEC14L5,0.6775510204081632,,0.0
TRAPPC2L,0.9292884721456148,,0.0
GDF9,0.283177054605626,,0.0
CFC1,-0.5857694429123,,0.0
PINLYP,0.4862658576944292,,0.0
AKAP19,0.4255929398786542,,0.0
STAC2,0.0350799779371207,,0.0
PALMD,-0.0102592388306673,,0.0
SYDE1,0.0326530612244897,,0.0
LINC01278,0.0,,0.0
URB1,-0.0950910093767236,,0.0
SERPINA9,0.8083838940981798,,0.0
PIGC,0.0468836183121896,,0.0
FSTL3,0.7434087148372863,,0.0
FOXF2,0.0863761720904578,,0.0
SPRR2F,0.9666850523993382,,0.0
NBPF15,0.7421952564809708,,0.0
CA8,-0.4379481522338665,,0.0
SLC7A7,0.0681742967457252,,0.0
PTPN14,-0.6623276337562052,,0.0
KIR2DL4,0.8184225041367899,,0.0
ZSWIM4,-0.2376172090457804,,0.0
AIPL1,0.0740209597352454,,0.0
MTCP1,0.0,,0.0
EID2,0.5066740209597353,,0.0
MIR6843,0.0,,0.0
COX8C,0.906784335355764,,0.0
KDM1B,-0.3493656922228351,,0.0
MACC1,0.5095421952564809,,0.0
KCNJ1,0.6650854936569222,1,0.0
FAM149A,0.2048538334252621,,0.0
CDHR3,0.2115830115830115,,0.0
YKT6,-0.5241036955322669,,0.0
MUCL1,0.8246001103143961,,0.0
ANKRD30BL,0.9567567567567568,,0.0
KIF19,0.4601213458356314,,0.0
MIR339,0.0,,0.0
ZNF793,-0.2721456150027579,,0.0
SMDT1,0.8201875344732488,,0.0
HOXA2,-0.8591285162713734,,0.0
RIMS4,-0.7074462217319359,,0.0
RABAC1,0.1993381136238279,,0.0
SLC37A1,-0.2586872586872587,,0.0
ZNF26,-0.3174848317705461,,0.0
TAS2R9,0.9228902371759516,,0.0
PMS2P9,0.0,,0.0
H3P24,0.0,,0.0
BHLHE23,0.9263099834528404,,0.0
BCO2,0.1437396580253722,,0.0
TNFRSF10A-DT,0.0,,0.0
CFAP54,-0.0690568119139547,,0.0
ALDH3A1,0.4488692774407059,,0.0
SLC38A5,0.0,,0.0
CHMP6,-0.5699944842801985,,0.0
TACC3,-0.3442912300055157,1,0.0
ABHD17AP4,0.0,,0.0
H3P47,0.0,,0.0
LIMCH1,-0.3372311086596801,,0.0
LRIG2,-0.0338665195808053,,0.0
LINC01391,0.0,,0.0
NGDN,0.3107556536127964,,0.0
TNP2,0.7959183673469388,,0.0
ZNF211,0.946607832322118,,0.0
RAB15,-0.4547159404302261,,0.0
MAPT-IT1,0.0,,0.0
CIRSR,0.0039713182570324,,0.0
FOXP4,-0.6938775510204082,,0.0
NEUROG3,0.9239933811362382,,0.0
PPP4R3B,-0.2826254826254826,,0.0
SELENOV,0.7648097076668505,,0.0
ITPA,0.3312741312741312,,0.0
ABHD10,0.1276337562051848,0,0.0
DIS3L,-0.0080529509100937,,0.0
PWP1,-0.2334252619966905,,0.0
EIF4E2,-0.4023166023166022,,0.0
NUFIP2,-0.9567567567567568,,0.0
HLA-H,0.0,,0.0
BARX2,-0.3968008825151682,,0.0
USP51,0.0,,0.0
VPREB3,0.7375620518477661,,0.0
EMILIN3,0.280088251516823,,0.0
ZRANB1,-0.8954219525648097,,0.0
ENSG00000285756,0.0,,0.0
ZNF107,0.9598455598455596,,0.0
HRC,-0.1740761169332597,,0.0
CLCN5,0.0,,0.0
RALY,-0.3912851627137341,,0.0
GPRC5A,0.4309983452840595,,0.0
MIR664A,0.0,,0.0
MIR181C,0.0,,0.0
BHLHA9,0.9583011583011584,,0.0
BTRC,-0.5139547710976282,,0.0
FCRL6,0.3891891891891892,,0.0
EXO5,0.1487038058466629,,0.0
DMKN,0.1400992829564258,,0.0
FAM27E3,0.0,,0.0
RBM38,-0.1738554881412024,,0.0
MFSD2B,0.5146166574738003,,0.0
ASB3,0.0507446221731935,,0.0
HCP5,0.0,,0.0
SCN1B,-0.4220628792057364,,0.0
FAM177A1,0.5319360176503034,,0.0
AQP7,0.4430226144511859,,0.0
ACTL10,0.9771649200220628,,0.0
LINC01210,0.0,,0.0
U4,0.0,,0.0
ZNF668,-0.7323772752344181,,0.0
NKD1,-0.4243794815223386,,0.0
SHE,-0.8033094318808605,,0.0
HCG27,0.0,,0.0
SHOX,0.0,,0.0
NPFFR2,0.7361279646993932,,0.0
NIPAL4,0.1286265857694428,,0.0
MOB2,-0.048869277440706,,0.0
CISTR,0.0,,0.0
GAS2L2,-0.1471594043022615,,0.0
TNFAIP8L3,0.4376172090457804,,0.0
OR1G1,0.9154991726420298,,0.0
TMEM63B,-0.8753447324875896,,0.0
ITIH3,0.1021511307225593,,0.0
PPP1R9A,-0.6824048538334253,,0.0
SEMA6B,-0.2460011031439603,,0.0
SPCS3,-0.5407611693325979,,0.0
NMUR2,0.538665195808053,,0.0
UBL3,-0.4463320463320464,,0.0
UNC93A,0.2899062327633757,,0.0
OR4X2,0.9242140099282956,,0.0
BAIAP2L2,0.6619966905681192,,0.0
QARS1,-0.1966905681191395,,0.0
ZNF263,0.0306674020959736,,0.0
GTPBP6,0.0,,0.0
LST1,0.8633204633204634,,0.0
STOML3,0.5203530060672918,,0.0
PFKFB2,0.0401544401544402,,0.0
CDC42BPB,-0.9344732487589632,,0.0
CACNA2D1,-0.7554329840044126,,0.0
TMEM62,-0.3849972421400993,,0.0
SLC35H1,0.0029784886927743,,0.0
SNRNP200,-0.8775510204081632,1,0.0
GNA12,-0.6211803640375069,,0.0
TARS1,-0.4263651406508549,,0.0
FAM86C1P,0.0,,0.0
HOXC9,-0.0604522890237175,,0.0
IRX2,0.5167126309983452,,0.0
KIF7,0.1293987865416437,,0.0
IRX4,0.2817429674572531,,0.0
UBR3,-0.7649200220628792,,0.0
LRRC28,0.0340871483728626,,0.0
MCUR1,0.5455046883618313,,0.0
TKTL1,0.0,,0.0
GALNT10,-0.4606729178157749,,0.0
SNF8,-0.1994484280198566,,0.0
U4,0.0,,0.0
BIRC8,0.0,,0.0
DHX8,-0.6283507997793711,,0.0
BCL2L10,0.9183673469387754,,0.0
CBX8,-0.7633756205184776,,0.0
ATG4D,0.3827909542195256,,0.0
C1QTNF5,0.1279646993932708,,0.0
SNX20,0.6521787093215665,,0.0
ALKBH7,0.7804743519029234,,0.0
ADAMTS17,-0.0023166023166023,,0.0
MRPS25,0.383342526199669,,0.0
INTS7,-0.7250965250965251,,0.0
TCF7,-0.5392167677881964,,0.0
KLHL4,0.0,,0.0
IGKV2D-26,0.0,,0.0
AHSP,0.9777164920022064,,0.0
RRP36,0.5979040264754552,,0.0
MXD3,0.3523441809156096,,0.0
HEPHL1,0.3070049641478212,,0.0
TBCD,-0.3451737451737452,,0.0
PRELP,0.1624931053502483,,0.0
OR2B11,0.0,,0.0
MND1,0.6739106453392167,,0.0
IGHMBP2,0.0916712630998344,,0.0
DNAAF10,0.0393822393822393,,0.0
HOXC12,0.9213458356315498,,0.0
SGF29,-0.5916161059018201,,0.0
SERHL2,0.93557639271925,,0.0
FGF22,0.9856591285162716,,0.0
ARL10,0.6971869829012687,,0.0
OVCH1,0.3470490899062328,,0.0
GMPPB,0.3747380033094318,,0.0
SPAG9,-0.9152785438499724,,0.0
ZSWIM9,-0.1937120794263651,,0.0
PKMYT1,0.2940981798124655,0,0.0
SLC25A3P1,0.0,,0.0
CA5BP1,0.0,,0.0
SLC45A1,-0.4410369553226696,,0.0
FXYD7,0.3955874241588528,,0.0
KCTD11,0.453061224489796,,0.0
TMEM50B,-0.0257032542746828,,0.0
IGSF9B,-0.7054605626034198,,0.0
ERP27,0.1883066740209598,,0.0
SLC16A2,0.0,,0.0
ADRM1,-0.963265306122449,,0.0
LINC02712,0.0,,0.0
PARVB,0.4772200772200772,,0.0
ZNF300,-0.0539437396580253,,0.0
CRADD,0.0525096525096524,,0.0
QRICH1,-0.9162713734142306,,0.0
SLC6A18,0.3054605626034197,,0.0
LDHD,0.5254274682846112,,0.0
KNSTRN,0.246773303916161,,0.0
LINC01965,0.0,,0.0
PCDHGB4,-0.2302261445118587,,0.0
AGBL2,-0.0432432432432432,,0.0
SEC23IP,-0.1791505791505792,,0.0
FENDRR,0.0,,0.0
GEMIN8,0.0,,0.0
PABPC1P1,0.0,,0.0
MNT,-0.5447324875896304,,0.0
CNDP2,-0.090788747931605,,0.0
KIF14,-0.5032542746828461,,0.0
ELK2AP,0.0,,0.0
ABCF1,-0.4490899062327633,,0.0
RPL3L,0.5332597904026475,,0.0
LINC00857,0.0,,0.0
CHMP4A,0.5543298400441257,,0.0
CDH11,-0.9236624379481524,,0.0
MIR1306,0.0,,0.0
DHFR2,0.532046332046332,,0.0
GCM1,-0.7900717043574186,,0.0
PRR27,0.4539437396580255,,0.0
MIR4300HG,0.0,,0.0
BTG4,0.1877551020408163,,0.0
UTP25,-0.3515719801434087,,0.0
RBP3,-0.0182018753447325,,0.0
ADAMTS14,-0.0039713182570325,,0.0
U4,0.0,,0.0
C9orf78,-0.3444015444015443,,0.0
IPO5P1,0.0,,0.0
CXXC4,-0.6945394373965803,,0.0
LENG1,0.7385548814120242,,0.0
STK31,-0.3183673469387755,,0.0
HMGN2,-0.1440706012134583,,0.0
PTPRCAP,0.6757859900717043,,0.0
NDN,-0.7117484831770546,,0.0
SLC24A5,0.3355763927192499,,0.0
GABRR2,0.06442360728075,,0.0
KLHL28,-0.5159404302261446,,0.0
ZFAND2B,-0.0871483728626585,,0.0
VPS41,-0.1116381687810259,,0.0
MAPK4,-0.3638168781025923,,0.0
MICU2,0.5646993932708217,,0.0
FARSB,0.283838940981798,,0.0
VIM2P,0.0,,0.0
USP39,-0.3749586321014893,,0.0
TMEM210,0.5842250413678984,,0.0
FUT6,0.8730281301709872,,0.0
CDC26,0.7616105901820187,,0.0
RAI2,0.0,,0.0
LINC03041,0.0,,0.0
TADA3,-0.2742415885273028,,0.0
PLCD4,-0.2819635962493105,,0.0
PEX10,0.432542746828461,,0.0
SNX14,-0.1997793712079426,,0.0
SPNS3,0.447104247104247,,0.0
H2BC26,0.9366795366795366,,0.0
SLITRK1,-0.8268063982349696,,0.0
CYCSP51,0.0,,0.0
TMC5,-0.0707115278543849,,0.0
SLC7A3,0.0,,0.0
TBC1D3D,0.0,,0.0
MRM1,0.5297297297297296,,0.0
NET1,0.1167126309983452,,0.0
SPATA1,0.5944842801985659,,0.0
CNKSR2,0.0,,0.0
STX12,-0.6097076668505239,,0.0
DYNC2H1,-0.1881963596249311,,0.0
TMC6,0.0922228350799778,,0.0
CPA4,0.2223938223938224,,0.0
CENPF,-0.3920573634859349,,0.0
CELF6,0.2041919470490898,,0.0
OBSCN,0.0677330391616106,,0.0
PCOLCE2,0.1727523441809155,,0.0
MAGEH1,0.0,,0.0
HMCN2,-0.0514065085493656,,0.0
PNPLA4,0.0,,0.0
LRRC37A4P,0.0,,0.0
PHF13,-0.9664644236072808,,0.0
MSH5,-0.2112520683949255,,0.0
STK40,-0.7763927192498621,,0.0
APOBEC3B,-0.197573083287369,,0.0
TAAR6,0.4275785990071705,,0.0
ZNF429,0.3132928847214562,,0.0
WDR72,0.2157749586321014,,0.0
TMEM50B,-0.0257032542746828,,0.0
TEAD3,-0.7574186431329288,1,0.0
KNSTRN,0.246773303916161,,0.0
DCUN1D3,-0.7303916161059019,,0.0
CYRIA,-0.5494760066188638,,0.0
LYPLA1,0.7204633204633204,0,0.0
ERP27,0.1883066740209598,,0.0
FBXO9,-0.5018201875344732,,0.0
SLC16A2,0.0,,0.0
U4,0.0,,0.0
U4,0.0,,0.0
KHDC3L,-0.0151130722559293,,0.0
CFHR5,0.6605626034197463,,0.0
GATA6,-0.6576944291230006,,0.0
PTPRCAP,0.6757859900717043,,0.0
SLC24A5,0.3355763927192499,,0.0
STAC2,0.0350799779371207,,0.0
QRICH1,-0.9162713734142306,,0.0
MICU2,0.5646993932708217,,0.0
LINC01278,0.0,,0.0
CDC26,0.7616105901820187,,0.0
ADAMTSL1,-0.3746276889134031,,0.0
SPRR2F,0.9666850523993382,,0.0
NBPF15,0.7421952564809708,,0.0
AGBL2,-0.0432432432432432,,0.0
FENDRR,0.0,,0.0
KCNJ1,0.6650854936569222,1,0.0
NEK5,-0.054715940430226,,0.0
CCDC54,0.7276337562051847,,0.0
TDH,0.0,,0.0
LYAR,0.0590182018753446,,0.0
ERRFI1,0.2134583563154992,,0.0
HOXA2,-0.8591285162713734,,0.0
CNDP2,-0.090788747931605,,0.0
ABCF1,-0.4490899062327633,,0.0
CPLX3,0.3766133480419193,,0.0
HOXC8,-0.1672366243794815,,0.0
TRIP13,-0.5783783783783784,,0.0
MIR1248,0.0,,0.0
LINC00642,0.0,,0.0
CHORDC1,-0.1501378929950358,,0.0
SMIM1,0.738665195808053,,0.0
TMEM41A,0.3662437948152233,,0.0
CD1E,0.6946497517926089,,0.0
ING5,-0.4975179260893546,,0.0
EFNB1,0.0,,0.0
HLA-H,0.0,,0.0
PHKA1,0.0,,0.0
DLEC1,-0.2647545504688362,,0.0
CD79B,-0.7718698290126862,,0.0
MIR1306,0.0,,0.0
PLA2R1,0.0539437396580253,,0.0
GCM1,-0.7900717043574186,,0.0
ALG1L2,0.7457253171538887,,0.0
MRPL14,0.6123552123552123,,0.0
MIR1291,0.0,,0.0
PRDM14,-0.6490899062327633,,0.0
TRAPPC14,-0.5030336458907887,,0.0
TTC9,-0.0750137892995035,,0.0
HIVEP1,-0.936238279095422,,0.0
NFE2L3,0.8495311638168781,,0.0
FANCM,-0.3596249310535024,,0.0
PLEKHA4,-0.1213458356315498,,0.0
ANAPC13,0.7392167677881964,,0.0
ATOH1,-0.3380033094318808,,0.0
GTPBP6,0.0,,0.0
CCNO,0.7913954771097629,,0.0
VPS37B,-0.2060672917815774,,0.0
SYNE3,0.2840595697738555,,0.0
KRT13,-0.1103143960286817,,0.0
TUBBP5,0.0,,0.0
MIR124-1,0.0,,0.0
METAP1D,0.4335355763927193,,0.0
KLHL12,-0.7568670711527854,,0.0
TCEAL2,0.0,,0.0
DNAL1,0.6633204633204632,,0.0
MIR451A,0.0,,0.0
ALDH16A1,0.3672366243794815,,0.0
CPM,0.0871483728626585,,0.0
ZNF518A,-0.6210700496414783,,0.0
SPNS3,0.447104247104247,,0.0
PHOX2B,-0.846111417539989,,0.0
GLDN,0.1971318257032543,,0.0
TMEM184A,0.5573083287369001,,0.0
PCDHB16,0.0,,0.0
SNX5,0.0482073910645339,,0.0
CCNL1,-0.813899613899614,,0.0
SEC14L5,0.6775510204081632,,0.0
POLR2F,0.0333149476006617,,0.0
PARP10,-0.1006067291781577,,0.0
ACSM2B,-0.0226144511858797,,0.0
PALB2,-0.1190292333149476,,0.0
SLITRK1,-0.8268063982349696,,0.0
PMS2P1,0.0,,0.0
CYCSP51,0.0,,0.0
TMC5,-0.0707115278543849,,0.0
TMC6,0.0922228350799778,,0.0
SLC7A3,0.0,,0.0
DNASE2,0.3814671814671815,,0.0
TDRKH,-0.5672366243794815,,0.0
LINC01378,0.0,,0.0
U4,0.0,,0.0
DTHD1,0.12300055157198,,0.0
IGKV1D-17,0.0,,0.0
ELAPOR2,-0.0516271373414231,,0.0
NET1,0.1167126309983452,,0.0
SLC16A12,-0.5406508549365692,,0.0
DAP,0.4991726420297848,,0.0
CCNI,-0.6033094318808605,,0.0
MRTO4,-0.6104798676227248,,0.0
IGKJ2,0.0,,0.0
ZBTB11,-0.3723110865968009,,0.0
EGFL6,0.0,,0.0
SPATA1,0.5944842801985659,,0.0
FAM90A1,0.5675675675675675,,0.0
SCARNA9,0.0,,0.0
TEF,-0.807280750137893,,0.0
PDCD6,-0.2101489244346387,,0.0
DYNC2H1,-0.1881963596249311,,0.0
ANKRD52,-0.9888582460011032,,0.0
ZNF577,0.6726971869829013,,0.0
NCCRP1,0.6005515719801433,,0.0
HMCN2,-0.0514065085493656,,0.0
PLPP1,0.1835631549917264,,0.0
MAPK4,-0.3638168781025923,,0.0
ACBD4,0.2172090457804742,,0.0
PNPLA4,0.0,,0.0
SPOP,-0.8176503033645891,,0.0
USE1,0.3726420297848869,,0.0
ZNF74,0.3690016547159405,,0.0
HBS1L,-0.3052399338113624,,0.0
VPS41,-0.1116381687810259,,0.0
PCDHB14,0.9558742415885272,,0.0
PEX16,-0.0212906784335356,,0.0
PCDHGA1,-0.4250413678985107,,0.0
SDF2L1,0.8801985659128517,,0.0
RXYLT1,0.2167677881963596,,0.0
AKAIN1,0.6883618312189741,,0.0
ETV3L,0.6490899062327633,,0.0
ZBTB7B,-0.7008273579702151,,0.0
OPN1MW3,0.0,,0.0
MTCP1,0.0,,0.0
HSPA4L,-0.6369553226696083,,0.0
NDN,-0.7117484831770546,,0.0
CHADL,0.6186431329288473,,0.0
POLR1HASP,0.0,,0.0
RBP3,-0.0182018753447325,,0.0
IPO5P1,0.0,,0.0
MOCOS,0.3765030336458908,,0.0
LENG1,0.7385548814120242,,0.0
H2BC5,0.9576392719249862,,0.0
MIR132,0.0,,0.0
BICRA,-0.4911196911196911,,0.0
ORC2,-0.5057915057915058,,0.0
RIT1,-0.6626585769442912,,0.0
SNORD43,0.0,,0.0
RPL13A,-0.8836183121897407,,0.0
SIM1,-0.8601213458356316,,0.0
CFAP46,-0.1396580253723111,,0.0
RTP4,0.3515719801434087,,0.0
CELF6,0.2041919470490898,,0.0
TMEM186,0.8546056260341974,,0.0
RTN4RL1,-0.536569222283508,,0.0
OBSCN,0.0677330391616106,,0.0
POM121L1P,0.0,,0.0
HMGN2,-0.1440706012134583,,0.0
SF3B4,-0.9172642029784888,,0.0
PPP1R9A,-0.6824048538334253,,0.0
ANO4,-0.6011031439602867,,0.0273009933079675
ENSG00000273702,0.0,,0.0303369356443825
PCYOX1,0.607942636514065,,0.0303001680084573
BDP1,-0.4589078874793161,,0.0302808638257635
AFF2,0.0,,0.0116565125207148
EFCAB7,0.2518477661334803,,0.0302505981391829
UBE2G1,-0.5667953667953668,,0.0
DDIAS,0.2630998345284059,,0.0
POLR3B,-0.222504136789851,,0.0
RGMA,-0.1771649200220628,,0.0
RCOR1,-0.4723662437948152,,0.0
NETO1,-0.5890788747931606,,0.0
CDIP1,0.3038058466629896,,0.0
TBC1D16,0.1319360176503032,,0.0
AFG1L,0.08869277440706,,0.0
SPTLC1,0.1804743519029232,,0.0
CMKLR2,0.1623827909542194,,0.0
FUT3,0.9717595146166575,,0.0
CYP39A1,0.2227247655819084,,0.0
GPHA2,0.5036955322669607,,0.0
UTP11,0.1849972421400993,,0.0
HPS4,-0.2968560397131825,,0.0
BAP1,-0.868284611141754,0,0.0
WIPI2,-0.3330391616105902,,0.0271218890230958
TMEM25,0.5001654715940431,,0.0301451569918354
DOCK10,-0.5047986762272476,,0.030129532399392
RBIS,0.8889134031991175,,0.0232460752521726
TTLL1,-0.1378929950358521,,0.0254801398876183
EME1,0.4508549365692222,,0.0299613332153846
WDFY3-AS2,0.0,,0.0299494306314374
PROSER1,-0.5712079426365141,,0.0298522750861712
UBFD1,-0.5768339768339769,,0.0298235407101716
GREB1,-0.5120794263651407,,0.0298015766075285
NWD2,-0.8689464975179261,,0.0297851962744882
UBR7,-0.5570876999448429,,0.0297779582840987
ELMOD1,-0.4840595697738554,,0.029701192127943
SNRNP25,0.4697186982901269,,0.0296937861912446
JOSD1,-0.4904578047435191,,0.0296337624663393
BIVM,-0.4801985659128516,,0.0294943538643721
TSPAN5,-0.7699944842801986,,0.0294804647698324
ZMIZ1,-0.9446221731936018,,0.0
SERPINA13P,0.0,,0.0
IGDCC4,-0.2719249862107005,,0.0294195451193877
LINC01896,0.0,,0.0293917817688657
GNPDA1,0.3456150027578599,,0.0293867727840481
B3GALNT1,-0.1198014340871483,,0.0152084913483622
SCRN3,0.382680639823497,,0.0293843394546334
SIPA1L2,-0.7812465526751241,,0.0293467983341233
ASNSD1,-0.0511858797573083,,0.024772104754446
EFCAB14,-0.0122448979591837,,0.0293069729534265
SF3A2,-0.8841698841698842,,0.0292730855596941
HMGCLL1,0.5045780474351902,,0.0292608206674998
INO80C,0.7760617760617761,,0.0292481835639446
MTX3,-0.0324324324324324,,0.0292096858916389
OTOGL,0.1809156094870381,,0.0291953177098305
ARK2N,-0.4816326530612245,,0.029152587411184
DLX1,-0.6355212355212355,,0.0259656088481967
LPCAT4,-0.5484831770546057,,0.0289540197029337
ANKRD27,-0.0063982349696635,,0.0289535799695317
PAFAH1B2,-0.4766685052399337,,0.0
HS3ST4,0.2916712630998346,,0.0
CASK,0.0,1,0.0
G6PC1,-0.01003861003861,,0.0
IGKV2D-28,0.0,,0.0
FANCC,0.0989520132377275,,0.0
HRG,0.4965250965250964,,0.0
CYP7A1,-0.2526199669056812,,0.0
PSMB10,0.5103143960286818,,0.0
PIK3IP1,0.6212906784335355,,0.0
CSNK1E,-0.5832322118036404,1,0.0
SIX1,-0.4458907887479316,,0.0
TMSB4Y,0.0,,0.0
RPS15A,-0.0359624931053502,,0.0
NMBR,0.2015444015444014,,0.0
CLCA2,0.3068946497517926,,0.0
BCL7A,-0.455819084390513,,0.0
RRAGC,-0.6373965802537231,,0.0
CDCA8,-0.0440154440154439,,0.0
CZIB,0.4466629895201324,,0.0288297748677335
SMIM13,0.5798124655267511,,0.0287721890946997
EIF1B,-0.2861555432984004,,0.0287721890946997
MTO1,-0.2529509100937672,,0.0287504531784101
STX18,-0.0936569222283507,,0.0287229560173429
CD84,-0.1012686155543298,,0.0
ASGR1,0.534473248758963,,0.0
SHISA9,-0.6030888030888031,,0.0
FOXF1,-0.4562603419746277,,0.0
ACTL9,0.7288472145615004,,0.0
TRIM31,-0.0339768339768339,,0.0
C8G,0.8536127964699394,,0.0
ENSG00000279352,0.0,,0.0286448251348412
KLHDC2,0.3396580253723111,,0.0285558718510706
ABCC10,-0.1300606729178157,,0.0284847606916928
NUP133,-0.6089354660783233,,0.028483812200555
ABLIM1,-0.6718146718146718,,0.0231513163742194
GOLGA7,0.0,,0.0284350583135749
FNBP1,-0.7337010479867623,,0.025335057702294
EPM2A-DT,0.0,,0.0283172476733815
SERAC1,-0.4632101489244347,,0.0283108403925892
PPM1G,-0.8665195808052951,,0.0282741220388284
ZWINT,0.4509652509652508,,0.0282554352970201
DCBLD1,-0.0463320463320463,,0.0236337718217678
KLHL7,-0.3024820739106453,,0.0251302151329103
DCTN1-AS1,0.0,,0.0279494157784779
ZFP64,-0.7562051847766134,,0.0248879309672317
DPY19L4,0.3857694429123,,0.0279171961217302
LSM12,-0.9816878102592388,,0.0278945557529699
HS6ST2,0.0,,0.0141608728933891
METTL26,0.9118587975730832,,0.0278251173485947
ENSG00000255856,0.0,,0.0278248996490764
PTTG1IP,0.0715940430226145,,0.027819589375733
ZNF540,-0.3600661886376172,,0.0278002616966528
SF3A3,-0.916822945394374,,0.0276798827644851
PIWIL4,-0.4075013789299503,,0.0
SMG7,-0.826365140650855,,0.027562361273032
RPL27A,-0.9740761169332598,,0.0229842225634224
ENTPD3,0.6510755653612796,,0.0195692489162973
MAT2B,-0.476227247655819,,0.0244764615866319
LINC00491,0.0,,0.027515286147033
EIF3J,-0.4687258687258687,,0.0275004100009006
SNAPC5,0.8549365692222834,,0.0274643216068987
NUP54,-0.5543298400441258,,0.0274632517163078
TTC14,0.0550468836183122,,0.0273830610882529
ANKRD10-IT1,0.0,,0.0273706529609315
KRT3,0.0484280198565911,,0.0
MIR9-2,0.0,,0.0
SLC30A5,-0.4744622173193602,,0.0
POLG2,0.3265306122448979,,0.0
SLC4A5,-0.1071152785438499,,0.0
KRT3,0.0484280198565911,,0.0
SLC30A5,-0.4744622173193602,,0.0
E2F2,-0.3488141202426916,,0.0
USP19,-0.889795918367347,,0.0
AIFM3,0.246111417539989,,0.0
UQCC6,0.9107556536127964,,0.0
MEP1A,-0.1499172642029784,,0.0
POLG2,0.3265306122448979,,0.0
ADAD1,-0.3193601765030336,,0.0
LIN28A,-0.2357418643132929,,0.0
TNN,0.2140099282956424,,0.0
MAD2L1,-0.4586872586872587,,0.0
PDGFD,-0.0724765581908438,,0.0
NYAP2,-0.4390512961941533,,0.0
MIR9-2,0.0,,0.0
DUSP3,0.170546056260342,0,0.0
LSS,0.1504688361831219,,0.0
RUFY2,-0.3222283507997794,,0.0
RPL23A,-0.8390512961941533,,0.0
SLC5A6,-0.5564258135686707,,0.0
TMEM115,-0.4604522890237176,,0.0
SUN1,-0.4198565912851627,,0.0
CLUAP1,0.4276889134031991,,0.0
PPP6C,-0.7695532266960838,,0.0
SH2B2,0.8316602316602317,,0.0
TBC1D1,-0.1879757308328736,,0.0
FADS3,-0.3995587424158853,,0.0
NOXA1,0.7222283507997793,,0.0
PLAGL1,0.0878102592388305,,0.0273204033700822
EPB41L4A-AS1,0.0,,0.0271443934715003
HINT3,0.8386100386100386,,0.0270718416998116
DHX36,-0.7940430226144513,,0.0240302685806642
SLC35B4,-0.1645890788747931,,0.0269884594470522
GRPEL1,0.0037506894649752,,0.0269679692928024
CSTF2T,-0.5093215664644236,,0.0102384580779197
PPP1R13B,-0.7239933811362382,,0.0
SPATA7,0.4144511858797572,,0.0268224407620961
FAM226B,0.0,,0.0268057918206071
CNPY2,0.1323772752344181,,0.0268028917203582
FAM98A,-0.5117484831770547,,0.0267711298603787
ACYP1,0.5119691119691119,,0.0267399217686432
LRFN1,0.2755653612796469,,0.0267219339985158
ZNF330,-0.0087148372862658,,0.026638732251779
SLC4A4,-0.86276889134032,,0.0265094141722765
SRSF5,-0.8750137892995036,,0.0155224414923975
CFAP36,-0.1756205184776613,,0.0264466435317246
TPCN2,0.0138996138996139,,0.0
NKIRAS1,0.2811913954771097,,0.0263687782084896
SLC44A5,-0.178819635962493,,0.0233072546515571
DDI2,-0.9419746276889134,,0.0262546351801501
PPM1L,-0.5389961389961391,,0.0262543920250423
CYP11B2,0.0699393270821842,1,0.0262018761814427
ATRAID,0.4338665195808053,,0.0193206859510074
KCNB2,-0.8428019856591284,,0.0260973060394207
CYP2C9,0.7453943739658024,0,0.0
MRPS10,0.5470490899062328,,0.0260072786062736
BPGM,0.0328736900165471,,0.0188976023085733
CBFA2T2,-0.8756756756756756,,0.0
PPP1R12C,-0.3285162713734142,,0.0
TECPR2,-0.5590733590733591,,0.0
DTNBP1,0.237396580253723,,0.0132659265023459
ISCA2,0.7847766133480418,,0.0257979509618688
CLDN23,0.988968560397132,,0.0
MANEAL,0.1693325979040265,,0.0257088586376143
DHRS7,0.501930501930502,,0.0256536839538658
LYSMD2,-0.122669608383894,,0.0256262106894538
ATP2C1,-0.7928295642581357,,0.0112843736641364
LEPROTL1,0.826365140650855,,0.02558512324681
GALR2,0.8259238830667401,,0.0
HNRNPH1,-0.9911748483177054,,0.0
RPAIN,0.5698841698841699,,0.0
CNIH3,0.0269167126309983,,0.0225419556585894
UNC13B,-0.3916161059018201,,0.0255741458370233
FYCO1,-0.2115830115830116,,0.0254868303898196
CCDC34,0.2008825151682294,,0.0254402614463418
FAM217B,0.841919470490899,,0.0253843335866631
ZNF529,0.9640375068946498,,0.0253404657561981
HECA,-0.5969111969111969,,0.025290116674438
MTERF2,0.1073359073359072,,0.0252755907721429
ZBED1,0.0,,0.0251543985721057
CFAP263,0.7473800330943188,,0.0251189844220477
DCUN1D4,-0.3063430777716491,,0.0250708634146496
SAMD15,-0.0757859900717043,,0.0250310014041412
PKP4,-0.362934362934363,,0.0219832813305034
KHDC1,0.3709873138444566,,0.0250188035481121
DYNLT5,0.7726420297848868,,0.0249907357717938
SNHG19,0.0,,0.0
POLM,0.3574186431329289,,0.0
CLC,0.7800330943188085,,0.0
HSD3B1,0.7450634307777164,,0.0
GALP,0.752895752895753,,0.0
STX5,-0.6325427468284611,,0.0
SEPTIN1,0.541092112520684,,0.0
ENSG00000270190,0.0,,0.0249065031074201
REXO2,0.5260893546607832,,0.024881189539563
XYLT2,-0.4503033645890788,,0.0
TMEM183A,-0.4775510204081632,,0.0248113602018883
ENSG00000278991,0.0,,0.0247961588998605
TRIP11,-0.3952564809707667,,0.0247314247281593
NANS,0.1543298400441257,,0.0247253315294335
TMEM50A,-0.3619415333701048,,0.024696100254691
CDC42BPA,-0.726199669056812,,0.0246693812093323
DYNC1LI1,-0.6865968008825152,,0.0246672721714184
DNAJC27,-0.2878102592388306,,0.0246577627824972
REX1BD,0.8952013237727523,,0.024626410081556
DHRS7B,0.359735245449531,,0.0246188865068716
SOSTDC1,-0.2411472697186982,,0.0215577705446905
UBE2Q2,0.4672917815774959,,0.0245741532864191
CADPS,-0.7449531163816878,,0.0245649332200639
CPTP,0.8186431329288473,,0.0244520146519502
ENSG00000278291,0.0,,0.0244127303172433
CPNE4,-0.6444567015995588,,0.0198404939466289
GDPD1,0.7938223938223938,,0.0243215432010712
LUC7L,-0.2523993381136238,,0.0
SLFN5,-0.1403199117484831,,0.0
MIR155,0.0,,0.0
NSD1,-0.9829012686155544,,0.0
LY6S,0.0,,0.0
MYH3,-0.5641478212906784,,0.0
MIR600HG,0.0,,0.0
VPS25,0.1023717595146167,,0.0
LINGO3,0.8600110314396028,,0.0
GJD2,-0.2918918918918919,,0.0
HDAC10,0.5142857142857142,1,0.0
MRPS18C,0.8058466629895202,,0.0
DKKL1,0.0880308880308879,,0.0
HNRNPLL,-0.1985659128516271,,0.0
CFHR3,0.5139547710976282,,0.0
H3P44,0.0,,0.0
LRRN4,0.9603971318257032,,0.0
LRRC3,0.9063430777716492,,0.0
ARL13B,-0.1282956425813568,,0.0
IFNA21,0.9581908439051297,,0.0
GSTT2B,0.5740761169332598,,0.0
CPSF2,-0.5020408163265306,,0.0
ANKRD13C,-0.7415333701047987,,0.0
KCNIP1,-0.3729729729729729,,0.0
MRGPRD,0.0,,0.0
SENP7,-0.6846111417539988,,0.0
MCHR2,0.0089354660783231,0,0.0
LRRK1,-0.5308328736900165,,0.0
PCDH1,-0.741753998896856,,0.0
PIRT,0.7162713734142305,,0.0
TRPM1,-0.2240485383342526,0,0.0
LRRC4B,0.6878102592388307,,0.0
COBLL1,-0.4868174296745725,,0.0
TRDJ1,0.0,,0.0
MAFA,0.0,,0.0
GOLGA3,-0.6113623827909542,,0.0
SDK2,-0.6273579702151131,,0.0
TMTC2,-0.5203530060672918,,0.0
RSRC1,0.4691671263099835,,0.0
SMCR8,-0.4576944291230005,,0.0
CADM3,-0.8125758411472697,,0.0
TRAM1,-0.6549365692222835,,0.0
MDFIC,0.6848317705460563,,0.0
ADAMTS9-AS2,0.0,,0.0
RWDD2A,0.0358521787093215,,0.0
LCN8,0.219084390512962,,0.0
ITGB7,-0.1986762272476557,,0.0
OR2T2,0.0,,0.0
DDX19B,-0.5253171538885825,,0.0
KCTD6,-0.3184776613348041,,0.0
GP5,0.8721456150027578,,0.0
SURF4,-0.9120794263651406,,0.0
PDZK1IP1,0.3018201875344732,,0.0
PROKR1,0.4690568119139549,,0.0
MYH7B,0.0846111417539989,,0.0
CKS2,-0.3142857142857143,,0.0
VWA5B2,0.1087699944842801,,0.0
PCDHA1,-0.2059569773855488,,0.0
CLK4,-0.1707666850523993,1,0.0
MTND2P12,0.0,,0.0
TMEM253,0.6856039713182571,,0.0
GPRIN2,0.9852178709321566,,0.0
MYH8,-0.3135135135135135,,0.0
LYPLA2P1,0.0,,0.0
PGM5,-0.4334252619966905,,0.0
IPP,-0.0216216216216216,,0.0
RNF220,-0.9701047986762272,,0.0
LINC00836,0.0,,0.0
PRKXP1,0.0,,0.0
LETM1,-0.1531163816878102,,0.0
ZFR,-0.945284059569774,,0.0
CPPED1,0.4979591836734693,,0.0
OR5AC2,0.926530612244898,,0.0
CERNA3,0.0,,0.0
WDR41,0.1403199117484832,,0.0
RNU6-1,0.0,,0.0
RPS13,-0.9324875896304468,,0.0
BLOC1S4,0.9751792608935466,,0.0
SULT1E1,0.5921676778819636,,0.0
ACOD1,0.7045780474351904,,0.0
FBXO24,-0.5162713734142306,,0.0
PRORY,0.0,,0.0
TRMT2B,0.0,,0.0
RRN3P1,0.0,,0.0
TRDD3,0.0,,0.0
MIR22,0.0,,0.0
PRPSAP2,-0.3093215664644236,,0.0
CLEC6A,0.4757859900717043,,0.0
HAUS3,-0.3296194153337011,,0.0
BCKDHB,0.3973524544953115,,0.0
BEND5,-0.358742415885273,,0.0
ATRX,0.0,,0.0
TRIM66,-0.3840044125758411,,0.0
MIER1,-0.2134583563154991,,0.0
JMY,-0.5068946497517925,,0.0
DNAJC30,0.6734693877551021,,0.0
PRR16,-0.5418643132928846,,0.0
PLAC8,0.1431880860452288,,0.0
HMX1,0.9855488141202426,,0.0
CLDN15,-0.4131274131274131,,0.0
PARPBP,0.74142305570877,,0.0
CAPN14,0.2457804743519029,,0.0
CYP4F12,0.5162713734142306,,0.0
CPLANE2,0.768450082735797,,0.0
BAAT,0.1474903474903475,,0.0
GMDS,-0.4126861555432983,,0.0
MUC21,0.7917264202978489,,0.0
ADGRF1,0.4496414782129068,,0.0
ARSD,0.0,,0.0
SMC6,-0.4257032542746828,,0.0
TBC1D30,-0.4995035852178709,,0.0
BCRP1,0.0,,0.0
ST6GALNAC1,0.046442360728075,,0.0
PRSS2,0.7369001654715941,,0.0
CHST6,0.7970215113072256,,0.0
FLVCR1,0.0809707666850523,,0.0
SHB,-0.3803640375068946,,0.0
DAPP1,-0.1104247104247104,,0.0
NEK2,-0.5070049641478214,1,0.0
SYCP2,-0.8328736900165472,,0.0
UBR4,-0.9293987865416437,,0.0
LAD1,0.4653061224489796,,0.0
FXYD5,0.2896856039713182,,0.0
ALPK3,-0.1644787644787645,,0.0
TLK2,-0.9936017650303364,,0.0
ZNF525,0.4976282404853833,,0.0
EIF4EBP3,0.7381136238279096,,0.0
FZD6,0.3886376172090457,,0.0
SGSH,0.4656370656370656,,0.0
MTERF1,0.3950358521787094,,0.0
ANKRD13A,-0.4103695532266961,,0.0
CD72,-0.23430777716492,,0.0
THAP9,-0.2998345284059569,,0.0
ARL5A,-0.0733590733590733,,0.0
TIE1,-0.2568119139547711,1,0.0
HELT,-0.1919470490899062,,0.0
CEACAM20,0.1562051847766132,,0.0
ENOSF1,0.4347490347490348,,0.0
PRCC,-0.7912851627137342,,0.0
KCTD8,0.3880860452289023,,0.0
UAP1,-0.5383342526199669,,0.0
FBH1,-0.740761169332598,,0.0
NSRP1,-0.5918367346938775,,0.0
SLC22A23,-0.5321566464423607,,0.0
BRMS1,-0.1638168781025923,,0.0
ARMCX3,0.0,,0.0
LY6D,0.9505791505791504,,0.0
COG7,-0.5029233314947601,,0.0
SNX30,-0.4353006067291781,,0.0242041786600901
DYNC2LI1,0.1106453392167678,,0.0241678015614019
HSPA12B,0.25857694429123,,0.0
SIM2,-0.4819635962493105,,0.0
SLC17A8,-0.4475455046883618,,0.0
HDGFL2,-0.388196359624931,,0.0
PLA2G2D,0.9167126309983452,,0.0
SNX7,0.0422504136789851,,0.0
COX6B2,0.7446221731936018,,0.0
ABCE1,-0.7242140099282957,,0.0
CITED2,-0.583011583011583,,0.0
TMEM181,-0.4917815774958632,,0.0240137575755413
HMBOX1,-0.7769442912300055,,0.0101894201864201
MSL3,0.0,,0.0207612843815181
ZBTB21,-0.7126309983452841,,0.023766857009892
ZWILCH,0.1680088251516822,,0.023743135549503
RPGRIP1L,-0.1054605626034197,,0.0237360395576411
ABCA3,-0.553226696083839,,0.0206432175868436
SMARCC2,-0.9735245449531164,,0.0236719887718798
ETNK1,-0.8284611141753999,,0.0236623339437201
ENSG00000279166,0.0,,0.0236401094660832
IFT22,-0.146276889134032,,0.023616220474431
FASTKD3,0.298400441257584,,0.0204991559082083
SEMA5A,-0.6950910093767237,,0.0204685991530028
INTS12,-0.6525096525096525,,0.0234936695269327
SPRYD7,0.098400441257584,,0.0234171359556554
WASHC1,0.9709873138444568,,0.0
WASH6P,0.0,,0.0
PROC,-0.1301709873138444,,0.0
CYP4F3,0.2907887479316051,,0.0
WASH6P,0.0,,0.0
SNHG3,0.0,,0.0
COX11,-0.3009376723662438,,0.0
CEP41,0.1769442912300054,,0.0233865605283335
METTL13,-0.0347490347490347,,0.0233622679771985
TMEM248,-0.6862658576944292,,0.0233351521731328
IRGQ,0.1630446773303915,,0.0195293161671203
CIPC,-0.517484831770546,,0.0233148833939842
ABRACL,0.4457804743519029,,0.023314575844455
SMIM15,0.6586872586872587,,0.0232649726308172
ENSG00000269292,0.0,,0.0232649726308172
POLR3K,0.516161059018202,,0.0232026277972729
RAB3B,-0.2041919470490899,,0.0231689359829128
FAM200C,0.1278543849972422,,0.0231509874669342
SLC25A23,-0.2492002206287921,,0.0230710031505646
TCAF1,-0.3473800330943188,,0.0230505982599721
ZNF318,-0.6386100386100386,,0.0230213750052182
ZNF266,0.6599007170435742,,0.0228714980591085
TJAP1,-0.0262548262548262,,0.0228609874323789
SLC60A1,-0.1661334804191947,,0.0228300807469188
SCML1,0.0,,0.0228093243670206
ARHGAP10,-0.1280750137892995,,0.0
LRSAM1,-0.0433535576392719,,0.0
RFC3,0.3212355212355211,,0.0
COG4,-0.2784335355763927,,0.0
CRLF1,0.1416436845008273,,0.0
GLUD2,0.0,,0.0
NCDN,-0.915830115830116,,0.0
AGBL4,0.243353557639272,,0.0
NR6A1,-0.960176503033646,,0.0
ZNF835,0.8846111417539988,,0.0
NOP2,-0.951792608935466,,0.0
DHRS11,-0.1049089906232763,,0.0
KC6,0.0,,0.0
XG,0.0,,0.0
TBC1D10B,-0.6583563154991726,,0.0
EXOSC2,0.0713734142305571,,0.0
CCDC134,0.6065085493656923,,0.0
ING1,-0.7435190292333149,,0.0
RBM10,0.0,,0.0
ARID3B,-0.8607832322118036,,0.0
USP47,-0.8731384445670161,,0.0
GPR68,0.32300055157198,1,0.0
TMEM164,0.0,,0.0
PPM1K,-0.2538334252619967,,0.0
SPIN3,0.0,1,0.0227736189668176
PCDH7,-0.7349145063430778,,0.0227694641122206
MED14,0.0,,0.0227109753351308
INPP4A,-0.7827909542195257,,0.0177186425364636
ADTRP,0.1918367346938776,,0.0226500009706308
WDR19,-0.2329840044125758,,0.0226355855645553
KCNA4,-0.9073359073359072,,0.0
SMAD5,-0.9703254274682848,,0.0
ARHGEF28,-0.126861555432984,,0.0
SNORD116,0.0,,0.0
SNORD116,0.0,,0.0
CRABP1,0.0817429674572531,,0.0
FAF2,-0.9047986762272476,,0.0
OAZ1,0.6239382239382238,,0.0
CREBRF,-0.970876999448428,,0.0
CHM,0.0,,0.0
PFKFB4,-0.0922228350799779,,0.0
RSPO1,0.0634307777164919,,0.0
EXOSC3,0.1870932156646443,,0.0
ARMC10,0.5519029233314947,,0.0
IFT172,-0.3737451737451738,,0.0
MYO5B,-0.4268063982349697,,0.0
KIAA0319L,-0.5545504688361831,,0.0
IP6K1,-0.6700496414782129,,0.0
SNORD116,0.0,,0.0
SCGB2A1,0.7185879757308329,,0.0
H2BC12,0.8511858797573084,,0.0
CREG2,0.6899062327633756,,0.0172949772300839
SMIM8,0.799669056811914,,0.0225260055289521
EPIC1,0.0,,0.0224742329098153
PAK5,-0.863761720904578,0,0.0224086200108606
ZSCAN18,-0.2572531715388858,,0.0223915251010069
ENSG00000260810,0.0,,0.0223493866528351
HYCC2,-0.6037506894649751,,0.0222691335877977
ENSG00000279059,0.0,,0.0222546399247502
AHDC1,-0.972972972972973,,0.022246811899896
TTYH2,-0.1228902371759514,,0.0222008511166263
LINC02754,0.0,,0.0221517656877267
MRPS14,0.4711527854384998,,0.0189235182274376
LAMTOR5,0.6411472697186984,,0.0218071459815761
PLAAT1,0.4207391064533921,,0.0216890273268255
OAZ2,0.3324875896304466,,0.0216853338345228
THOC7,-0.1749586321014892,,0.0216577657076032
C3orf80,0.8214009928295642,,0.0215356480617118
TIMM23B,0.4639823496966353,,0.0213390121668131
C1orf115,0.9983452840595696,,0.0182582512935544
AHCYL1,-0.8532818532818532,,0.0212904464791992
ARHGAP22,0.3021511307225593,,0.0
FAM193B,-0.4798676227247656,,0.0
PAQR4,0.7958080529509102,,0.0
NME3,0.9943739658025372,,0.0
SCRN2,0.0606729178157749,,0.0
CHRNB3,0.1760617760617759,,0.0
BCL7C,-0.636403750689465,,0.0
PLIN5,0.7008273579702151,,0.0
ENTPD7,-0.2659680088251517,,0.0
ANKRD30B,0.0199669056811913,,0.0
SDR39U1,0.4498621070049642,,0.0
WIPI1,0.162162162162162,,0.0
UCP3,0.3884169884169883,,0.0
LPAL2,0.0,,0.0
DYNLRB2,0.7531163816878104,,0.0
TOMM22,-0.7329288472145614,,0.0
ZNF215,0.3444015444015444,,0.0
MPIG6B,0.4840595697738554,,0.0
MPV17,0.5770546056260342,,0.0
ZFP37,-0.073469387755102,,0.0
AK2,-0.0273579702151131,,0.0
RABGAP1L,-0.5852178709321567,,0.0
LARP6,-0.0210700496414781,,0.0
LGALS2,0.346607832322118,,0.0
ADH6,0.4693877551020409,,0.0
ZIC4,-0.2430226144511859,,0.0
PLAGL2,-0.7210148924434638,,0.0
XCL2,0.7727523441809157,,0.0
RNGTT,-0.6187534473248759,,0.0
SLC26A5,-0.3425261996690568,,0.0
PRC1,-0.429453943739658,,0.0
ZDHHC13,0.5261996690568118,,0.0
RTN2,-0.3699944842801985,,0.0
HADHB,0.308108108108108,,0.0
TRAC,0.0,,0.0
ATP2B4,-0.7516822945394374,,0.0
UBE2E2,-0.6986210700496415,,0.0
WDR4,0.5616105901820188,,0.0
ADH7,0.629123000551572,,0.0
DIPK1C,0.912630998345284,,0.0
ZDHHC9,0.0,,0.0
FAM30A,0.0,,0.0
PHF14,-0.4767788196359624,,0.0
ZNF571,0.3280750137892996,,0.0
HEMGN,-0.0471042471042471,,0.0
OSCP1,0.0031991174848318,,0.0
STK38,-0.519580805295091,,0.0
LINC01194,0.0,,0.0
UNC5D,-0.7163816878102592,,0.0
RPL8,-0.985107556536128,,0.0
SH2D5,0.4731384445670159,,0.0
COMMD1,0.2594594594594595,,0.0
CST5,0.8480970766685052,,0.0
KCNQ3,-0.7328185328185328,,0.0
TSPY1,0.0,,0.0
ACKR5,0.8944291230005517,,0.0
SEPHS2,-0.1409817981246552,,0.0
SRP9,-0.5388858246001103,,0.0
DR1,-0.5045780474351903,,0.0
NUMA1,-0.8672917815774959,,0.0
ACADL,0.4680639823496966,,0.0
ST3GAL5,-0.3874241588527303,,0.0
ESCO2,0.0790954219525648,,0.0
MBOAT1,0.4270270270270271,,0.0
KCNH1,-0.6592388306674021,,0.0
KLK13,0.4394925537782681,,0.0
NID1,-0.4714837286265857,,0.0
ABCC5,-0.7357970215113072,,0.0
SLC17A1,0.4307777164920021,,0.0
SLC26A4-AS1,0.0,,0.0211663312007327
PHC1,-0.8691671263099834,,0.0209798242171131
SDR16C5,0.3877551020408163,,0.0209436885585594
TRAF7,-0.4721456150027578,,0.0208065413849713
AGPAT3,-0.9505791505791504,,0.0101239507546449
SEC22A,-0.3898510755653612,,0.0205632773131746
ULBP2,0.6175399889685604,,0.0156186382797786
EEF1D,0.2091560948703805,,0.017344023717652
ATMIN,-0.4425813568670711,,0.0083578680103702
KCTD16,-0.6482073910645338,,0.0203068149339058
FOXO6,0.2296745725317153,,0.0172492585843841
INTS2,-0.6993932708218422,,0.020283543868939
SLC15A2,0.3222283507997794,,0.0201580811469771
FLRT1,-0.4612244897959183,,0.0201196070491656
FAM167A,0.9617209045780476,,0.0201129311838725
OSBPL1A,-0.3483728626585769,,0.0200748669437626
ENSG00000280069,0.0,,0.0200304643768678
ZNF471,0.2912300055157197,,0.0199488641571621
PRPS2,0.0,,0.0199446099220851
PRO1804,0.0,,0.0199019878596552
GMPS,0.5404302261445117,,0.019897750020628
CDADC1,-0.0881412024269167,,0.0198544142431899
CCAR1,-0.5017098731384446,,0.0196550705396475
BOC,-0.3019305019305019,,0.0165693989768567
BBS12,0.6214009928295643,,0.0195728570950326
MTFR1L,-0.5929398786541644,,0.0165083058477746
PWWP3B,0.0,,0.0195309824592754
SETD5,-0.8185328185328186,,0.019445525610086
SMIM17,0.1423055708769993,,0.0193593327269152
AGGF1,-0.2741312741312741,,0.0192701508493329
TCEAL8,0.0,,0.0192255400300521
EID2B,0.8255929398786541,,0.0191991774566181
ARMCX4,0.0,,0.0191821790999543
ABCA8,0.2109211252068394,,0.0161384195571478
DPP10-AS1,0.0,,0.0191427902638099
PEX5L,-0.6573634859349144,,0.0189907355729501
DCPH1,0.2067291781577496,,0.0188293994246783
SLBP,0.4958632101489244,,0.0185567948341006
PPIP5K2,0.0079426365140651,,0.0184943241943824
TRAPPC13,0.244015444015444,,0.0184353853591112
CHURC1,0.6520683949255377,,0.0183319429914657
RAB2A,0.1036955322669608,,0.0152602740265446
H3P38,0.0,,0.0
NPY5R,0.3627137341423057,1,0.0
FUT7,0.3774958632101488,,0.0
PTP4A3,-0.0895752895752896,,0.0
KCNMB4,-0.7959183673469388,,0.0
TWNK,-0.35146166574738,,0.0
ZNF699,0.6174296745725316,,0.0
ZNF638,-0.9238830667402096,,0.0
ZNF197,-0.2527302813017098,,0.0
RGSL1,-0.1566464423607281,,0.0
DSCR9,0.0,,0.0
MID2,0.0,,0.0
KRT82,0.2847214561500275,,0.0
RPL18A,-0.9827909542195256,,0.0
NAPA,-0.6462217319360177,,0.0
MAD2L1BP,0.1857694429123,,0.0
DRC2,0.061334804191947,,0.0
NCR3,0.3988968560397132,,0.0
UGT1A9,0.0528405956977384,,0.0
AMOTL1,-0.5926089354660784,,0.0
WDFY4,-0.656480970766685,,0.0
FBN3,-0.2140099282956425,,0.0
TTC12,-0.0597904026475455,,0.0
RAB2B,0.5117484831770547,,0.0
KNL1,-0.8321014892443463,,0.0
ASS1P1,0.0,,0.0
MRPL19,0.5827909542195258,,0.0
KLHL22,-0.7189189189189189,,0.0
SPATA33,0.8318808604522889,,0.0
CDRT8,0.0,,0.0
AP4B1,-0.3231108659680088,,0.0
CCL16,0.780584666298952,,0.0
PXDN,-0.4696083838940982,,0.0
NCLN,-0.2667402095973524,,0.0
FGF17,-0.7413127413127414,,0.0
TENT2,-0.1507997793712079,,0.0
MPZL2,0.7937120794263652,,0.0
ZNF175,-0.0043022614451185,,0.0
JMJD8,0.956315499172642,,0.0
CIT,-0.8432432432432433,1,0.0
LINC01091,0.0,,0.0
LDAF1,0.1289575289575288,,0.0
JMJD7,0.5924986210700496,,0.0
HSD17B7P2,0.0,,0.0
KRABD5,0.1524544953116382,,0.0
TRAV29DV5,0.0,,0.0
CFAP43,-0.3173745173745174,,0.0
DDHD1,-0.5157198014340871,,0.0
SUPT20H,-0.3030336458907887,,0.0
SLC25A19,0.0308880308880308,,0.0
LINC02210,0.0,,0.0
DNAJB5,-0.5622724765581908,,0.0
SEC61B,0.595146166574738,,0.0
CDA,-0.0248207391064534,,0.0
MYH13,-0.1888582460011031,,0.0
CLUHP3,0.0,,0.0
LINC00302,0.0,,0.0
FAM117B,-0.344511858797573,,0.0
PRKAG1,-0.3880860452289023,,0.0
NSFL1C,-0.6295642581356867,,0.0
NIBAN1,0.4020959735245448,,0.0
TMEM132E,-0.1765030336458908,,0.0
PRSS56,0.2486486486486485,,0.0
CLIC2,0.0,,0.0
APOL4,0.8939878654164368,,0.0
CAPN7,-0.1511307225592939,,0.0
MLF1,0.4630998345284058,,0.0
SLC28A2,0.3576392719249861,,0.0
C2CD4A,0.9904026475455048,,0.0
NODAL,-0.1974627688913403,,0.0
CYP4F2,0.3855488141202428,,0.0
OR8B3,0.9248758963044676,,0.0
TFB2M,0.3254274682846112,,0.0
ZNF45-AS1,0.0,,0.0
USP5,-0.8635410921125207,,0.0
KU-MEL-3,0.0,,0.0
CIAO3,0.2999448428019857,,0.0
TRPM5,0.5568670711527854,,0.0
CPEB3,-0.5884169884169884,,0.0
AKR1C1,0.4595697738554882,,0.0
DFFA,-0.3125206839492553,,0.0
G6PC2,0.7820187534473249,,0.0
ZNF548,0.7703254274682847,,0.0
RAB44,0.1134031991174848,,0.0
CYP2A13,0.0362934362934364,,0.0
PANO1,0.0,,0.0
TBX15,-0.7192498621070049,,0.0
PSMD5,-0.0814120242691671,,0.0
USP53,-0.1068946497517926,,0.0
PCDH20,-0.4431329288472145,,0.0
H2AJ,-0.1456150027578598,,0.0
FAXDC2,0.580915609487038,,0.0
WNT4,-0.443684500827358,,0.0
CENPV,-0.0293436293436293,,0.0
MTMR1,0.0,,0.0
TMEM223,0.8368450082735797,,0.0
HSD17B7,-0.0800882515168229,,0.0
PCDHA13,0.0569222283507997,,0.0
COL26A1,0.3082184225041369,,0.0
DUT,0.7846662989520132,,0.0
DEDD,-0.9205736348593492,,0.0
FRG1JP,0.0,,0.0
IGSF1,0.0,,0.0
TRAV4,0.0,,0.0
RBMS1,-0.7822393822393823,,0.0
NT5C1B,-0.0290126861555433,,0.0
GPR183,-0.3537782680639824,0,0.0
FAM117A,-0.338665195808053,,0.0
ZNF548,0.7703254274682847,,0.0
DLEU1,0.0,,0.0
NPY5R,0.3627137341423057,1,0.0
FANCG,0.149365692222835,,0.0
TMEM98,0.1866519580805294,,0.0
NT5C1B-RDH14,-0.0751241036955322,,0.0
POLR1A,-0.7096525096525097,,0.0
FBN3,-0.2140099282956425,,0.0
TRAV13-1,0.0,,0.0
MRPL19,0.5827909542195258,,0.0
FOLH1B,0.0,,0.0
FRG1JP,0.0,,0.0
TRAJ60,0.0,,0.0
VESTAR,0.0,,0.0
NCR3,0.3988968560397132,,0.0
ZNF132,0.6327633756205184,,0.0
KLHL22,-0.7189189189189189,,0.0
ENSG00000284874,0.0,,0.0
ZSCAN10,0.5243243243243243,,0.0
MRPL37,0.0004412575841146,,0.0
BRDT,-0.2842801985659128,1,0.0
PLGLB1,0.0,,0.0
GID8,-0.6119139547710977,,0.0
AP4B1,-0.3231108659680088,,0.0
IGSF1,0.0,,0.0
AMOTL1,-0.5926089354660784,,0.0
DPF2,-0.8979591836734694,,0.0
RGSL1,-0.1566464423607281,,0.0
TXNL4A,0.8793160507446223,,0.0
TRAV8-3,0.0,,0.0
C12orf75,0.8891340319911749,,0.0
EVA1C,-0.117815774958632,,0.0
CMAHP,0.0,,0.0
TMBIM1,0.2552675124103696,,0.0
SCO1,0.3980143408714838,,0.0
ISCU,0.7113072255929398,,0.0
RABL2B,0.2226144511858798,,0.0
FAM138A,0.0,,0.0
DRC2,0.061334804191947,,0.0
PCDHA10,-0.0958632101489244,,0.0
JMJD7,0.5924986210700496,,0.0
CA7,-0.6124655267512411,0,0.0
AMACR,0.4398234969663541,,0.0
MAD2L1BP,0.1857694429123,,0.0
NLE1,-0.3284059569773855,,0.0
SSH3,0.1822393822393821,,0.0
ONECUT2,-0.4697186982901269,,0.0
NPHP1,-0.0829564258135686,,0.0
ENSG00000293339,0.0,,0.0
ZMYND10,0.0701599558742416,,0.0
DKK4,0.7592939878654164,,0.0
MORC1,-0.6058466629895201,,0.0
SIGLEC5,0.3276337562051847,,0.0
MED15,-0.7461665747380033,,0.0
CSRNP3,-0.8089354660783232,,0.0
ZNF225,0.0237175951461665,,0.0
GPRIN1,0.98996138996139,,0.0
GREM2,0.4210700496414783,,0.0
HSBP1,0.7057915057915058,,0.0
LDAF1,0.1289575289575288,,0.0
GHRHR,0.025592939878654,,0.0
CFAP43,-0.3173745173745174,,0.0
TRAV29DV5,0.0,,0.0
BCL7B,-0.1762824048538334,,0.0
RGS20,0.5238830667402097,,0.0
SNHG11,0.0,,0.0
ZNF45-AS1,0.0,,0.0
ATXN8OS,0.0,,0.0
H3-3B,-0.7036955322669609,,0.0
G6PC2,0.7820187534473249,,0.0
DDHD1,-0.5157198014340871,,0.0
ENSG00000289731,0.0,,0.0
ODAD2,0.0145615002757859,,0.0
OBP2B,-0.207280750137893,,0.0
GBX1,-0.3373414230557088,,0.0
RERG,0.7028130170987315,,0.0
HSD17B7,-0.0800882515168229,,0.0
MTMR1,0.0,,0.0
CDA,-0.0248207391064534,,0.0
CENPV,-0.0293436293436293,,0.0
POP1,-0.2468836183121897,,0.0
MFRP,0.5190292333149475,,0.0
PI16,0.4153337010479867,,0.0
ZFAND5,-0.778488692774407,,0.0
CCL16,0.780584666298952,,0.0
TTC39A,-0.3669056811913954,,0.0
GPS1,-0.8570325427468285,,0.0
RPAP1,-0.1596249310535025,,0.0
SLC25A19,0.0308880308880308,,0.0
MYO1C,-0.2373965802537231,,0.0
ZDHHC8,-0.5627137341423056,,0.0
HSD17B7P2,0.0,,0.0
NODAL,-0.1974627688913403,,0.0
LINC02210,0.0,,0.0
HNRNPUL1,-0.9564258135686708,,0.0
LYSMD4,0.9035852178709324,,0.0
NXPE4,0.7269718698290126,,0.0
TBX15,-0.7192498621070049,,0.0
SLC22A5,-0.0091560948703806,,0.0
CPEB3,-0.5884169884169884,,0.0
PGGT1B,0.5816878102592389,,0.0
TMEM223,0.8368450082735797,,0.0
WNT4,-0.443684500827358,,0.0
PRSS56,0.2486486486486485,,0.0
SLC10A7,-0.0024269167126309,,0.0
CLUHP3,0.0,,0.0
APOL4,0.8939878654164368,,0.0
PNPLA6,-0.1677881963596249,,0.0
NAPA,-0.6462217319360177,,0.0
KCNMB4,-0.7959183673469388,,0.0
TMEM171,0.4259238830667402,,0.0
GLE1,0.2362934362934363,,0.0
NKAIN2,-0.1115278543849972,,0.0
PCDHA8,0.1261996690568119,,0.0
JMJD8,0.956315499172642,,0.0
RHCG,-0.0889134031991174,,0.0
MYL4,0.1724214009928295,,0.0
TRAV4,0.0,,0.0
CENPW,-0.6313292884721455,,0.0
SEC63,-0.6522890237175951,,0.0
H3P12,0.0,,0.0
LINC01419,0.0,,0.0
NCR2,0.6654164368450082,,0.0
CYB5A,0.3868725868725868,,0.0
DPPA2,0.0625482625482625,,0.0
OLAH,0.7201323772752344,,0.0
SMARCD1,-0.8551571980143409,,0.0
PLA2G4B,0.6637617209045781,,0.0
C2CD4A,0.9904026475455048,,0.0
SAP130,-0.9285162713734142,,0.0
DENND2A,-0.5298400441257585,,0.0
LINC01206,0.0,,0.0
HSD17B13,0.3170435741864312,1,0.0
DENND5B,-0.8451185879757308,,0.0
CCDST,0.0,,0.0
ZNF197,-0.2527302813017098,,0.0
CCDC62,0.076227247655819,,0.0
CIT,-0.8432432432432433,1,0.0
LINC01806,0.0,,0.0
CYCSP25,0.0,,0.0
SNORD115,0.0,,0.0
TFB1M,0.2291230005515721,,0.0
SLC35G1,0.1137341423055708,,0.0
PANO1,0.0,,0.0
MID2,0.0,,0.0
CLEC11A,0.7298400441257584,,0.0
JPX,0.0,,0.0
FUT7,0.3774958632101488,,0.0
CHKB-CPT1B,0.0,,0.0
RRP7A,0.5173745173745175,,0.0
ELAPOR1,-0.3370104798676226,,0.0
PRKAG1,-0.3880860452289023,,0.0
ODAD4,0.1392167677881963,,0.0
RBMS1,-0.7822393822393823,,0.0
PCDHA7,-0.1913954771097628,,0.0
TES,0.2658576944291231,,0.0
H3P6,0.0,,0.0
ZNF274,-0.1184776613348042,,0.0
CIDEB,0.7111969111969112,,0.0
PTP4A3,-0.0895752895752896,,0.0
EIF2D,-0.1848869277440705,,0.0
FCHSD1,0.5309431880860451,,0.0
DRC1,-0.1763927192498621,,0.0
MLLT1,-0.8162162162162162,1,0.0
MYH13,-0.1888582460011031,,0.0
CIAO3,0.2999448428019857,,0.0
TPTEP2-CSNK1E,-0.5823496966354109,,0.0
CFAP52,0.09873138444567,,0.0
TBPL2,0.5879757308328737,,0.0
GNL2,-0.2668505239933811,,0.0
SAMD12,0.1961389961389961,,0.0
ZNF638,-0.9238830667402096,,0.0
USP53,-0.1068946497517926,,0.0
RNASEH2C,0.8231660231660232,,0.0181474352563005
ALKBH3,0.6344180915609487,,0.0181273662337072
ACOT13,0.6492002206287921,,0.0181268957171419
MKLN1,-0.7477109762824048,,0.0116534474124591
PIGT,0.2083838940981799,,0.0180387346935189
MMD2,0.5628240485383342,,0.0179568698026006
SFXN5,0.3143960286817429,,0.0179314774114301
TULP3,0.1645890788747932,,0.0178128185820917
PIF1,0.6182018753447325,,0.0
FKBP9,-0.3962493105350247,,0.0
THSD4,-0.3998896856039713,,0.0147250107009576
THAP9-AS1,0.0,,0.0177497732380148
SLC25A25-AS1,0.0,,0.0177310513827895
KCTD12,0.6906784335355765,,0.0176547353543146
CYP26B1,-0.8257032542746828,,0.0094404354626089
FIP1L1,-0.8168781025923884,,0.0144362242244492
TNRC6B,-0.8604522890237176,,0.0174678415229198
LYSET,-0.0361831218974075,,0.0173440570160193
FKBP3,-0.0204081632653061,,0.0
PGM3,-0.0125758411472697,,0.0
FKBP10,-0.254054054054054,,0.0
FKBP7,0.5500275785990072,,0.0
RPL30,-0.942415885273028,,0.0
ZNF449,0.0,,0.0171704799670702
ANKRD34C,0.8264754550468836,,0.017159088934902
LINC01003,0.0,,0.0171392618953845
ZNF10,0.3940430226144511,,0.0171167314085061
TMEM35A,0.0,,0.017012053396721
SH3GL3,0.6341974627688913,,0.0168290560485145
RLIM,0.0,,0.0167651843828265
CLCN4,0.0,,0.016668567423774
USP1,-0.831880860452289,1,0.0
MSMO1,-0.1173745173745174,,0.0
REG1CP,0.0,,0.0
PSMG2,-0.3044677330391616,,0.0
STAC3,-0.2935466078323221,,0.0
UNC5B,-0.4461114175399889,,0.0
BIK,0.8702702702702703,,0.0
DPT,-0.0098179812465526,,0.0
CFHR1,0.3987865416436844,,0.0
EIF2AK1,-0.1477109762824048,0,0.0
COG2,-0.4050744622173193,,0.0
TRPV6,-0.5220077220077219,,0.0
POU4F3,-0.6138996138996139,,0.0
RADX,0.0,,0.0163966008464192
ENSG00000279090,0.0,,0.0162832523460137
CUTC,0.4109211252068394,,0.0162581779983843
TMEM129,0.8490899062327635,,0.0162096829930971
MCTP1,-0.1595146166574738,,0.0160192669960305
ZNF91,0.3011583011583012,,0.015891764041315
LINC01088,0.0,,0.0157954577550131
KIAA0930,-0.226696083838941,,0.0157379050538602
DOK5,-0.0642029784886927,,0.0156265318672233
ZNF32,-0.2814120242691671,,0.0154458102939373
RASL12,0.4111417539988968,,0.0123983725531225
FYTTD1,-0.214892443463872,,0.0153992756840639
LENG8,-0.8207391064533922,,0.0153680856842576
ITIH5,-0.0034197462768891,,0.0123122820386739
KLF3-AS1,0.0,,0.0152613220675842
ENSG00000280035,0.0,,0.015260755653636
NSL1,0.021511307225593,,0.0152227224234333
MAP3K15,0.0,,0.0
ICAM4,0.4666298952013237,,0.0
CBX4,-0.7083287369001654,0,0.0
TMUB1,0.6790954219525649,,0.0
SH3BP1,-0.1129619415333701,,0.0
CDX1,0.7534473248758964,,0.0
SENP2,-0.92134583563155,,0.0
PEDS1,-0.4797573083287368,,0.0
OPN5,-0.5254274682846112,,0.0
NT5C2,0.2813017098731385,,0.0
CD3G,0.3769442912300056,,0.0
ETF1,-0.962603419746277,,0.0
RIMS2,-0.8007722007722008,,0.0
BBOX1,0.0236072807501379,,0.0
RNF41,-0.8910093767236624,,0.0
CRYBA1,0.0324324324324323,,0.0
ST6GALNAC6,-0.3719801434087149,,0.0
PIK3AP1,-0.8543849972421401,,0.0
SUMO4,0.7617209045780475,,0.0
KLHL36,-0.0853833425261997,,0.0
TBC1D32,0.0274682846111418,,0.0
SNHG5,0.0,,0.0
BLTP3A,-0.4670711527854385,,0.0
KLK1,0.4650854936569222,,0.0
SMIM24,0.4878102592388307,,0.0
FOXH1,0.7466078323221181,,0.0
ENTPD5,-0.0411472697186983,,0.0
AS3MT,0.4664092664092665,,0.0
AANAT,0.4924434638720352,,0.0
RPL41,0.5033645890788747,,0.0
DACH1,-0.8265857694429123,,0.0
PYGL,0.145945945945946,0,0.0
TPRA1,-0.0529509100937672,,0.0
CALML6,0.7672366243794815,,0.0
FOXN2,-0.3895201323772752,,0.0
MYO1D,-0.3060121345835631,,0.0
RAB1B,-0.3932708218422504,,0.0
SLAMF7,0.033645890788748,,0.0
KCNJ4,-0.8978488692774407,,0.0
UNC5A,-0.8492002206287921,,0.0
KPNB1,-0.9895201323772752,,0.0
HOXB5,-0.0813017098731384,,0.0
CACNG8,-0.7849972421400992,,0.0
COPS8,-0.3446221731936018,,0.0
RBM20,-0.6112520683949255,,0.0
SRSF4,-0.8786541643684501,,0.0
CNGA1,-0.3185879757308328,,0.0
SLC25A25,-0.344180915609487,,0.0
ITPRID2,-0.5226696083838941,,0.0
CHMP5,0.6396028681742967,,0.0
SZRD1,-0.3984555984555984,,0.0
RANBP1,-0.3471594043022614,,0.0
TRIM5,0.1191395477109762,,0.0
POU6F2,-0.5788196359624931,,0.0
P4HA1,-0.7623827909542196,,0.0
CMTR1,-0.7553226696083839,,0.0
TNFRSF17,0.7733039161610591,,0.0
AGK,-0.0869277440706012,,0.0
CLIC6,0.6429123000551571,,0.0
MCTP2,0.5396580253723111,,0.0
PHLDB1,-0.5630446773303917,,0.0
HACD2,-0.04853833425262,,0.0
SLC6A7,0.0833976833976835,1,0.0
CRYBA1,0.0324324324324323,,0.0
AANAT,0.4924434638720352,,0.0
FOXN2,-0.3895201323772752,,0.0
GRIP2,-0.28284611141754,,0.0
KLHL36,-0.0853833425261997,,0.0
SMIM24,0.4878102592388307,,0.0
CNGA1,-0.3185879757308328,,0.0
ENTPD5,-0.0411472697186983,,0.0
YPEL4,-0.5525648097076669,,0.0114288130490171
ENSG00000261096,0.0,,0.0149898006732548
ENSG00000272823,0.0,,0.0149835770085752
ZNF385D,-0.5544401544401545,,0.0149694725898313
HIC2,-0.9543298400441258,,0.0149485383591087
ZNF14,0.5114175399889687,,0.0109647894857394
C15orf40,0.1831218974076116,,0.014756638038364
GPCPD1,-0.4472145615002758,,0.0146366560321077
EPHX4,-0.0664092664092663,,0.0096010651726803
ZMYND8,-0.857915057915058,,0.0095577313025983
ENSG00000260838,0.0,,0.0145361437832739
RFPL1S,0.0,,0.0090670692593739
C5orf22,-0.0775510204081633,,0.0144024539816203
ZNF25,-0.183011583011583,,0.0142429224247749
DAPK1-IT1,0.0,,0.0138140984863649
POLR3E,-0.6201875344732488,,0.0138012194597664
ENSG00000249478,0.0,,0.0137660647261985
ACTR6,0.0870380584666299,,0.0137166652397367
WASHC3,0.7522338665195809,,0.0136351909114151
TUBGCP3,-0.6755653612796471,,0.013102336197197
INTU,0.0774407060121344,,0.0128931585872739
TRHDE,-0.2937672366243795,,0.0128110862594125
CLDN10,0.3993381136238279,,0.0127405842082142
EXTL2,0.1563154991726421,,0.0126093141305891
ECPAS,-0.8745725317153888,,0.0125894353352303
ERI2,0.0212906784335356,,0.0122341358095838
CHML,-0.1969111969111969,,0.0122053676714415
SCAI,-0.4380584666298952,,0.012184867164422
ZNF521,-0.9524544953116382,,0.0
TBX18,-0.6199669056811914,,0.0
CCDC83,0.4701599558742415,,0.0
DNAJB11,-0.0621070049641477,,0.0
CEP19P1,0.0,,0.0
ACKR4,0.4122448979591837,,0.0
FITM1,-0.2618863761720904,,0.0
PI4KAP1,0.0,,0.0
PLEKHG4,-0.4115830115830116,,0.0
CYP4Z1,0.1236624379481521,,0.0
PIGA,0.0,,0.0
PYCR1,0.477661334804192,,0.0
GJA9,0.8914506343077773,,0.0
SLC6A10P,0.0,,0.0
KCNH7,-0.690457804743519,,0.0
ZNF268,0.6151130722559295,,0.0
IGKV3-15,0.0,,0.0
ALAS2,0.0,,0.0
KLC4,-0.2987313844456701,,0.0
ACSF2,-0.2151130722559293,,0.0
KRT24,0.222173193601765,,0.0
MPHOSPH10,-0.5542195256480971,,0.0
SGSM1,-0.4738003309431881,,0.0
POLR1B,-0.8351902923331495,,0.0
SIX3-AS1,0.0,,0.0
PPIP5K1,-0.3403199117484832,,0.0
NBR2,0.0,,0.0
TMEM272,0.0,,0.0
GUCY2C,0.2618863761720904,,0.0
SERINC3,-0.5288472145615003,,0.0
SYF2,-0.1570876999448428,,0.0
CRYBB3,0.7360176503033646,,0.0
LINC00960,0.0,,0.0
GMIP,-0.4483177054605626,,0.0
BSX,0.3502482073910644,,0.0
MIR100,0.0,,0.0
MAPK8IP2,-0.7576392719249863,,0.0
UACA,-0.2333149476006618,,0.0
EPS15,-0.2070601213458356,,0.0
SLCO3A1,-0.5210148924434639,,0.0
KRT76,0.4692774407060121,,0.0
KREMEN2,0.6026475455046885,,0.0
ETV2,0.6461114175399889,,0.0
DLX6,-0.815223386651958,,0.0
FAM83H,0.2624379481522338,,0.0
GSEC,0.0,,0.0
KCTD3,-0.4146718146718147,,0.0
RAB28,0.544180915609487,,0.0
LY9,0.2279095421952564,,0.0
ALPK2,-0.1844456701599558,,0.0
SERPINA13P,0.0,,0.0
CAPN6,0.0,,0.0
DNAJC12,0.3790402647545505,,0.0
MZF1,0.3618312189740762,,0.0
LY6G5C,0.1599558742415885,,0.0
HNRNPA3P1,0.0,,0.0
ADGRB2,-0.8119139547710976,,0.0
LINC02946,0.0,,0.0
PAPPA2,-0.6328736900165471,,0.0
TSIX,0.0,,0.0
HERC4,-0.8626585769442913,,0.0
SCML2,0.0,,0.0
ZNF385A,-0.3851075565361279,,0.0
C8A,0.3447324875896305,,0.0
KDM8,-0.0671814671814672,,0.0
TBC1D17,0.2508549365692223,,0.0
ANKMY1,0.3030336458907887,,0.0
S100A16,0.6817429674572533,,0.0
KDELR3,0.5987865416436846,,0.0
HAUS7,0.0,,0.0
RWDD3,0.744511858797573,,0.0
PAGE5,0.0,,0.0
HGSNAT,0.0533921676778819,,0.0
GK2,0.6180915609487039,,0.0
PAMR1,0.4822945394373965,,0.0
PRR13,0.5619415333701048,,0.0
CASC19,0.0,,0.0
NIBAN2,-0.617319360176503,,0.0
ERCC6,-0.2829564258135687,,0.0
SEC1P,0.0,,0.0
SNORD3D,0.0,,0.0
DDTL,0.8670711527854384,,0.0
RBMXP1,0.0,,0.0
POMT2,-0.0436845008273579,,0.0
MAL-AS1,0.0,,0.0
HLA-DRB9,0.0,,0.0
ZNF282,-0.5172642029784886,,0.0
SNORD3B-2,0.0,,0.0
ADGRE2,0.109873138444567,,0.0
PTTG3P,0.0,,0.0
TMEM218,0.406949806949807,,0.0
SCAND3,-0.5785990071704357,,0.0
CPED1,0.3036955322669608,,0.0
TRIP12,-0.9819084390512962,,0.0
LRRC1,-0.5140650854936569,,0.0
KCNE5,0.0,,0.0
EMX1,0.5350248207391064,,0.0
HEXD,0.4131274131274132,,0.0
POLQ,0.1056811913954771,1,0.0
PHLDA1,0.6129067843353557,,0.0
IL17RE,-0.307777164920022,,0.0
UTY,0.0,,0.0
ALDOB,0.3669056811913955,,0.0
SCFD2,0.3648097076668506,,0.0
EPHX3,0.3412024269167126,,0.0
BMP8B,0.5085493656922229,,0.0
ZNF101,0.0937672366243795,,0.0
SASH3,0.0,,0.0
PWP2,0.0,,0.0
OR2T8,0.962162162162162,,0.0
CMTM3,-0.2849420849420849,,0.0
NFYB,-0.1586321014892443,,0.0
NCOA3,-0.8196359624931053,,0.0
ATP6V1B1,-0.2436845008273579,,0.0
ABITRAM,0.3539988968560397,,0.0
PJVK,0.3530060672917816,,0.0
STARD8,0.0,,0.0
TPSAB1,0.9318257032542748,,0.0
RPSAP52,0.0,,0.0
ERGIC3,-0.3164920022062879,,0.0
CGN,-0.1541092112520684,,0.0
TBRG4,-0.2462217319360176,,0.0
HOXA13,-0.7070049641478213,,0.0
PRSS57,0.7459459459459459,,0.0
PIN4,0.0,,0.0
PIANP,0.1040264754550468,,0.0
MRPS11,0.7070049641478213,,0.0
SMPD4,-0.3353557639271924,,0.0
RPIA,0.0913403199117484,,0.0
FAM136A,0.7543298400441258,,0.0
HSPA7,0.0,,0.0
POLDIP3,-0.6949806949806949,,0.0
CTDSPL,-0.8279095421952565,,0.0
C1orf56,0.0636514065085493,,0.0
ZC2HC1C,-0.2182018753447324,,0.0
BIRC7,0.3631549917264203,,0.0
ZBTB34,-0.9853281853281852,,0.0
ENSG00000253557,0.0,,0.0
KLF13,0.8392719249862106,,0.0
RFPL1,0.5516822945394373,,0.0
NKX2-5,-0.8708218422504137,,0.0
LMBR1,0.5904026475455046,,0.0
LRCH4,-0.16569222283508,,0.0
IGKJ1,0.0,,0.0
DIO1,-0.0772200772200771,,0.0
AZGP1P1,0.0,,0.0
DEF6,-0.5551020408163265,,0.0
OR6J1,0.0,,0.0
GBP5,-0.1618312189740761,,0.0
CHCHD1,0.754550468836183,,0.0
ERCC5,-0.3392167677881963,,0.0
CHST9,0.6233866519580806,,0.0
RNF216,-0.2536127964699393,,0.0
PIGQ,0.5063430777716491,,0.0
IER5,0.304357418643133,,0.0
KRT37,0.3517926089354661,,0.0
DNAJC2,-0.7241036955322669,,0.0
PCDHGB3,-0.2328736900165471,,0.0
PGA5,0.7758411472697186,,0.0
XRN2,-0.7793712079426365,,0.0
DNAJC13,-0.9114175399889686,,0.0
TRPC7,-0.5731936017650303,,0.0
OR5M1,0.9189189189189187,,0.0
KRT79,0.4783232211803641,,0.0
VCF1,0.8009928295642581,,0.0
KRT78,0.5683397683397684,,0.0
PAPPA-AS1,0.0,,0.0
STYXL2,0.173303916161059,,0.0
IFNL4,0.0,,0.0
ENSG00000293429,0.0,,0.0
UCHL3,-0.0451185879757308,,0.0
AFG3L2,-0.4045228902371759,,0.0
MAB21L3,0.3041367898510756,,0.0
LPCAT1,-0.6153337010479867,,0.0
INTS4,-0.3943739658025372,,0.0
ASIC5,0.4960838389409818,,0.0
SOX21-AS1,0.0,,0.0
SRPK3,0.0,1,0.0
C1orf162,0.6350799779371208,,0.0
MT-TR,0.0,,0.0
ARSL,0.0,,0.0
ZNF592,-0.9492553778268064,,0.0
OR52L1,0.5565361279646994,,0.0
SRP14,-0.8694980694980695,,0.0
ZNF45,-0.528957528957529,,0.0
NAPSB,0.0,,0.0
HAPSTR1,-0.7267512410369553,,0.0
PWRN1,0.0,,0.0
ADAP2,0.1168229453943738,,0.0
DNAH10,-0.3455046883618312,,0.0
OBP2A,0.2034197462768892,,0.0
MTPN,-0.2412575841147269,,0.0
GLYCAM1,0.0,,0.0
WDR73,0.0092664092664092,,0.0
UBL4A,0.0,,0.0
RPS12,-0.833976833976834,,0.0
RAX2,0.7010479867622725,,0.0
UBE2NL,0.0,,0.0
SLC28A1,0.1432984004412576,,0.0
NDST1,-0.704357418643133,,0.0
CLDN12,-0.0136789851075564,,0.0
GNA15,-0.1081081081081081,,0.0
SSBP4,-0.4062879205736348,,0.0
CLECL1,0.0,,0.0
MTND1P23,0.0,,0.0
SGCZ,0.5442912300055158,,0.0
FAM161A,0.1050193050193051,,0.0
PRSS16,-0.049531163816878,,0.0
RPSAP52,0.0,,0.0
ACTR3B,-0.864092664092664,,0.0
HPN,-0.7985659128516271,,0.0
P3H1,0.1472697186982901,,0.0
NCK1,-0.4102592388306674,,0.0
SNX17,-0.4295642581356866,,0.0
TP53I11,-0.4965250965250966,,0.0
CTXN2,0.4984004412575842,,0.0
MCM6,-0.4701599558742416,,0.0
ASB17,0.5734142305570877,,0.0
PTCHD3,0.0,,0.0
TNNI2,-0.2504136789851076,,0.0
A2MP1,0.0,,0.0
GDF7,0.8071704357418643,,0.0
BAMBI,0.5138444567015996,,0.0
TSEN54,0.4627688913403198,,0.0
H1-1,0.9785990071704358,,0.0
KCTD7,-0.1143960286817429,,0.0
GATD3,0.0,,0.0
TADA1,-0.2718146718146718,,0.0
CORIN,0.1365692222835079,,0.0
TMPRSS3,0.2413678985107556,,0.0
HYI,0.7398786541643685,,0.0
SC5D,0.5141753998896856,,0.0
DERL2,-0.2857142857142857,,0.0
CEP131,0.1160507446221732,,0.0
CBX3,-0.6147821290678434,,0.0
ODAM,0.5988968560397132,,0.0
DENND1C,0.1018201875344733,,0.0
SMTN,-0.3838940981798124,,0.0
KLHL21,0.7669056811913955,,0.0
TBX3,-0.7221180364037507,,0.0
LRRC46,-0.049200220628792,,0.0
GUSBP1,0.0,,0.0
NOXO1,0.7856591285162713,,0.0
BTN2A1,0.6574738003309433,,0.0
TRIM7,0.6766685052399337,,0.0
CTRB1,0.9332597904026476,,0.0
PKD1P1,0.0,,0.0
CTC1,-0.3256480970766685,,0.0
KLRC1,0.4361831218974077,,0.0
ZMYM1,-0.4720353006067291,,0.0
PIGK,0.9436293436293436,,0.0
SNX33,-0.3949255377826807,,0.0
KCNQ1DN,0.0,,0.0
ODR4,0.5685603971318256,,0.0
SLC35A4,-0.2967457253171539,,0.0
RPL34,-0.4165471594043023,,0.0
LONRF3,0.0,,0.0
DNAJC19,0.7138444567015996,,0.0
DEFB122,0.0,,0.0
SLC22A16,0.4806398234969664,,0.0
ZNF77,0.7664644236072808,,0.0
KCNMB2,-0.5856591285162713,,0.0
APOBEC3F,0.0816326530612245,,0.0
FSCN2,0.8369553226696085,,0.0
DDX47,0.5237727523441809,,0.0
GUCA1B,0.4511858797573083,,0.0
KCTD21,0.2742415885273028,,0.0
IL11RA,0.1974627688913404,,0.0
CPA2,0.4920022062879206,,0.0
EEIG2,-0.6281301709873138,,0.0
ADGRG3,-0.0669608383894098,,0.0
CYSTM1,-0.4945394373965802,,0.0
ANXA8,-0.4013237727523442,,0.0
ZPLD1,0.1275234418091562,,0.0
PPP2R2D,-0.5616105901820188,,0.0
CRYBA4,0.4383894098179812,,0.0
PCDHAC1,-0.1729729729729729,,0.0
SNHG10,0.0,,0.0
GUSBP1,0.0,,0.0
SNORD14E,0.0,,0.0
LIME1,0.9887479316050743,,0.0
TACC1,-0.3539988968560397,,0.0
BSX,0.3502482073910644,,0.0
FBXL19,-0.643684500827358,,0.0
LINC00622,0.0,,0.0
ANXA10,0.3095421952564809,,0.0
CLECL1,0.0,,0.0
POLE,-0.3678985107556536,,0.0
SLC9A3,-0.5696635410921125,1,0.0
ZMYM6,-0.3308328736900165,,0.0
MOB3C,0.4767788196359626,,0.0
LINC00511,0.0,,0.0
PANX3,-0.2327633756205185,,0.0
SLC22A13,0.1209045780474351,,0.0
P3H1,0.1472697186982901,,0.0
UCHL5,-0.2817429674572531,,0.0
FBXO21,-0.5961389961389961,,0.0
CCDC39,0.4229453943739658,,0.0
IGKV1-5,0.0,,0.0
MBOAT7,0.4260341974627688,,0.0
KRTCAP2,0.1340319911748482,,0.0
LIPI,0.9064533921676778,,0.0
NPHS2,0.5301709873138445,,0.0
MYO9A,-0.7785990071704357,,0.0
UGT1A10,0.5052399338113625,,0.0
SLC9A3-AS1,0.0,,0.0
WDR62,-0.2766685052399338,,0.0
NOC2L,0.5554329840044125,,0.0
FBXW12,0.1331494760066189,,0.0
OSBPL3,-0.3891891891891892,,0.0
OR4F4,0.7156094870380585,,0.0
JAG2,-0.6952013237727523,,0.0
TSPAN18,-0.3169332597904026,,0.0
TMPRSS3,0.2413678985107556,,0.0
DERL2,-0.2857142857142857,,0.0
KIF16B,-0.3073359073359073,,0.0
AQP8,-0.2542746828461114,,0.0
DENND1C,0.1018201875344733,,0.0
SP110,-0.2453392167677882,,0.0
GRM6,0.4262548262548262,,0.0
RNU5A-1,0.0,,0.0
MUC13,-0.2337562051847765,,0.0
GUSBP1,0.0,,0.0
NFXL1,-0.1007170435741864,,0.0
TRIM7,0.6766685052399337,,0.0
NT5C1A,-0.0637617209045781,,0.0
KLRC1,0.4361831218974077,,0.0
ZMYM1,-0.4720353006067291,,0.0
MIR191,0.0,,0.0
SPRN,0.0,,0.0
SLC6A10P,0.0,,0.0
MAGED2,0.0,,0.0
NDST1,-0.704357418643133,,0.0
CLDN12,-0.0136789851075564,,0.0
GNA15,-0.1081081081081081,,0.0
SSBP4,-0.4062879205736348,,0.0
MTND1P23,0.0,,0.0
SGCZ,0.5442912300055158,,0.0
FAM161A,0.1050193050193051,,0.0
PRSS16,-0.049531163816878,,0.0
RPSAP52,0.0,,0.0
ACTR3B,-0.864092664092664,,0.0
HPN,-0.7985659128516271,,0.0
NCK1,-0.4102592388306674,,0.0
SNX17,-0.4295642581356866,,0.0
TP53I11,-0.4965250965250966,,0.0
CTXN2,0.4984004412575842,,0.0
DDN,0.3419746276889135,,0.0
TRIM16,-0.1082184225041368,,0.0
NIN,-0.5439602868174297,,0.0
MCM6,-0.4701599558742416,,0.0
ASB17,0.5734142305570877,,0.0
PTCHD3,0.0,,0.0
TNNI2,-0.2504136789851076,,0.0
A2MP1,0.0,,0.0
GDF7,0.8071704357418643,,0.0
BAMBI,0.5138444567015996,,0.0
TSEN54,0.4627688913403198,,0.0
H1-1,0.9785990071704358,,0.0
KCTD7,-0.1143960286817429,,0.0
GATD3,0.0,,0.0
TADA1,-0.2718146718146718,,0.0
CORIN,0.1365692222835079,,0.0
HYI,0.7398786541643685,,0.0
SC5D,0.5141753998896856,,0.0
CEP131,0.1160507446221732,,0.0
CBX3,-0.6147821290678434,,0.0
ODAM,0.5988968560397132,,0.0
SMTN,-0.3838940981798124,,0.0
KLHL21,0.7669056811913955,,0.0
KCNQ1DN,0.0,,0.0
LRRC46,-0.049200220628792,,0.0
NOXO1,0.7856591285162713,,0.0
BTN2A1,0.6574738003309433,,0.0
CTRB1,0.9332597904026476,,0.0
PKD1P1,0.0,,0.0
CTC1,-0.3256480970766685,,0.0
ZPBP2,0.4258135686707116,,0.0
PIGK,0.9436293436293436,,0.0
SNX33,-0.3949255377826807,,0.0
PPT2,-0.3724214009928296,,0.0
KRT75,0.0033094318808604,,0.0
KCNK1,-0.4098179812465526,,0.0
EMID1,0.0440154440154441,,0.0
MECR,-0.0138996138996139,,0.0
SYT6,-0.407280750137893,,0.0
MVD,0.7952564809707667,,0.0
KCNK7,0.5482625482625483,,0.0
INSM1,0.9565361279646992,,0.0
KIF20A,-0.4573634859349145,,0.0
METTL17,0.1406508549365692,,0.0
EFHC1,-0.1089906232763375,,0.0
USP36,-0.5114175399889686,,0.0
AMOT,0.0,,0.0
GOLGA1,-0.4533921676778819,,0.0
HERC2P3,0.0,,0.0
ITPKC,-0.427027027027027,,0.0
SERPINA7,0.0,,0.0
CST9L,0.863430777716492,,0.0
IFITM5,0.865857694429123,,0.0
NAGK,0.1868725868725869,,0.0
CPO,0.7520132377275235,,0.0
IFT46,-0.4307777164920022,,0.0
TOMM7,0.7339216767788197,,0.0
RPL34,-0.4165471594043023,,0.0
APOBEC3F,0.0816326530612245,,0.0
GFRAL,0.3964699393270821,,0.0
ARPC5,-0.4029784886927744,,0.0
ANKRD28,-0.7356867071152786,,0.0
TBX18,-0.6199669056811914,,0.0
KCNMB2,-0.5856591285162713,,0.0
LNCARGI,0.0,,0.0
SLC22A16,0.4806398234969664,,0.0
DEFB122,0.0,,0.0
DNAJC19,0.7138444567015996,,0.0
LONRF3,0.0,,0.0
ZNF77,0.7664644236072808,,0.0
SLC35A4,-0.2967457253171539,,0.0
ODR4,0.5685603971318256,,0.0
SMLR1,0.2562603419746276,,0.0
SYT3,-0.3653612796469939,,0.0
HIGD1C,0.8568119139547712,,0.0
RBPMS2,-0.0240485383342525,,0.0
BAZ1A,-0.8188637617209046,,0.0
GCNT1,-0.2434638720353006,,0.0
TEX11,0.0,,0.0
CRKL,-0.8746828461114176,,0.0
FREM1,0.3282956425813568,,0.0
ARHGAP9,0.1022614451185879,,0.0
TP53I13,0.2506343077771649,,0.0
CAMTA1,-0.9388858246001104,,0.0
FSHB,0.3375620518477662,,0.0
RPL13P5,0.0,,0.0
ETNK2,0.0895752895752894,,0.0
FMR1-AS1,0.0,,0.0
CRELD1,-0.1457253171538886,,0.0
ABTB1,0.0608935466078324,,0.0
PAPPA2,-0.6328736900165471,,0.0
C4orf50,0.4763375620518477,,0.0
ALDH4A1,-0.1152785438499723,,0.0
BUB3,-0.3335907335907335,,0.0
LINC00924,0.0,,0.0
SCAMP1,-0.1905129619415333,,0.0
SOAT2,0.6078323221180364,0,0.0
CELSR1,-0.6157749586321015,,0.0
ZNF530,0.9445118587975732,,0.0
ALPK2,-0.1844456701599558,,0.0
C15orf39,-0.4921125206839493,,0.0
S1PR4,0.9282956425813568,1,0.0
COL15A1,-0.3460562603419747,,0.0
N4BP2L1,-0.0870380584666299,,0.0
DPH5,0.5061224489795919,,0.0
STRBP,-0.9010479867622724,,0.0
DHRS4-AS1,0.0,,0.0
PI4KAP1,0.0,,0.0
PAX8,-0.7766133480419195,,0.0
DNAJC12,0.3790402647545505,,0.0
CCDC85A,0.1633756205184777,,0.0
TRMT6,-0.3099834528405957,,0.0
SNORD3B-1,0.0,,0.0
BATF3,0.2230557087699944,,0.0
DHRS4L1,0.0,,0.0
CDCA3,-0.1450634307777164,,0.0
CARMIL2,-0.4340871483728626,,0.0
MIR146A,0.0,,0.0
RNF8,-0.942084942084942,,0.0
CLDN22,0.8701599558742417,,0.0
TAMALIN,-0.5849972421400993,,0.0
RASAL3,0.1164920022062878,,0.0
INPP5E,0.3598455598455599,,0.0
ACADSB,-0.1345835631549917,,0.0
CNPY3,-0.1503585217870932,,0.0
CDR2,-0.1558742415885272,,0.0
UTS2,0.5098731384445669,,0.0
NKX2-2,-0.5182570325427469,,0.0
FAM3B,0.4168781025923882,,0.0
LRATD2,0.748372862658577,,0.0
RAB28,0.544180915609487,,0.0
CSMD2,-0.8344180915609487,,0.0
ESX1,0.0,,0.0
HERC2P3,0.0,,0.0
ZDHHC20,0.0789851075565362,,0.0
ZNF200,0.4875896304467733,,0.0
NAAA,0.3008273579702152,,0.0
FOXD3,0.9196911196911196,,0.0
SLC29A2,0.0843905129619415,,0.0
USP46,-0.7064533921676779,,0.0
SLC34A1,0.4977385548814119,1,0.0
COL22A1,0.0649751792608934,,0.0
SWSAP1,0.6882515168229455,,0.0
ADAMTS19,-0.2383894098179813,,0.0
ADGRE5,0.0082735797021511,,0.0
SNRPD1,0.4118036403750689,,0.0
CRCT1,0.9306122448979592,,0.0
STN1,0.0111417539988969,,0.0
STK35,-0.3357970215113072,,0.0
ADAMTSL4,-0.0833976833976833,,0.0
NANP,0.073469387755102,,0.0
RNU5B-1,0.0,,0.0
TWF2,-0.6600110314396028,,0.0
RMP64,0.3072255929398786,,0.0
MRPL18,0.186431329288472,,0.0
SPINK6,0.8361831218974076,,0.0
CYP4Z1,0.1236624379481521,,0.0
HCST,0.7759514616657475,,0.0
DPEP2,0.2143408714837287,,0.0
LY75-CD302,-0.1137341423055708,,0.0
RAB5C,-0.7836734693877551,,0.0
FITM1,-0.2618863761720904,,0.0
LINC01191,0.0,,0.0
GALNT1,-0.838830667402096,,0.0
BBIP1,0.7891891891891891,,0.0
RAP2C,0.0,,0.0
MXRA8,0.7479316050744622,,0.0
FCRL5,0.0718146718146717,,0.0
SIGLEC15,0.976723662437948,,0.0
DHRS4L1,0.0,,0.0
OSBPL7,-0.4277992277992278,,0.0
SUZ12P1,0.0,,0.0
CHASERR,0.0,,0.0
HEATR6,-0.1506894649751792,,0.0
SNORD3C,0.0,,0.0
VRTN,-0.6483177054605627,,0.0
RNF217,-0.2978488692774407,,0.0
MYCNOS,0.0,,0.0
MAGEA2B,0.0,,0.0
ZNF281,-0.9934914506343078,,0.0
IRX3,0.061003861003861,,0.0
MAGEA2,0.0,,0.0
CTAG2,0.0,,0.0
RAP1B,-0.9648097076668504,,0.0
CACHD1,-0.5276337562051847,,0.0
GSG1L2,0.0,,0.0
ATPSCKMT,0.6365140650854937,,0.0
PRB1,0.7813568670711528,,0.0
TAS2R6P,0.0,,0.0
PRAMEF1,-0.227688913403199,,0.0
ZNF362,-0.7448428019856591,,0.0
EXTL3,-0.6772200772200772,,0.0
ST20,0.750799779371208,,0.0
SEPTIN9,-0.8059569773855488,,0.0
ZDHHC14,-0.6733590733590733,,0.0
CHIA,0.171207942636514,,0.0
RPS15,0.0209597352454495,,0.0
PBLD,0.0511858797573083,,0.0
CYP4V2,0.2781025923883067,,0.0
PALM3,0.4836183121897408,,0.0
ZP1,0.1053502482073911,,0.0
C8orf34,0.2380584666298952,,0.0
SUSD2,0.2972972972972973,,0.0
LINC02479,0.0,,0.0
ODF2L,0.8028681742967456,,0.0
GTF2H3,0.5128516271373413,,0.0
ANKRD29,0.3715388858246,,0.0
MLXIP,-0.7295091009376724,,0.0
TBX3,-0.7221180364037507,,0.0
TAF4,-0.9526751241036956,,0.0
TNNT1,0.6185328185328185,,0.0
AZGP1P1,0.0,,0.0
PELP1,-0.611803640375069,,0.0
HBQ1,0.9675675675675676,,0.0
METTL8,-0.1944842801985659,,0.0
API5,-0.9496966354109212,,0.0
KIF27,-0.3182570325427468,,0.0
RNF216,-0.2536127964699393,,0.0
HSPA7,0.0,,0.0
PJVK,0.3530060672917816,,0.0
SASH3,0.0,,0.0
TMEM218,0.406949806949807,,0.0
KDELR3,0.5987865416436846,,0.0
ANKMY1,0.3030336458907887,,0.0
SYF2,-0.1570876999448428,,0.0
SIX3-AS1,0.0,,0.0
ACSF2,-0.2151130722559293,,0.0
ACKR4,0.4122448979591837,,0.0
PI4KAP1,0.0,,0.0
IGKV3-15,0.0,,0.0
GMIP,-0.4483177054605626,,0.0
ZNF521,-0.9524544953116382,,0.0
ZNF385A,-0.3851075565361279,,0.0
PAMR1,0.4822945394373965,,0.0
SEC1P,0.0,,0.0
CPED1,0.3036955322669608,,0.0
EMX1,0.5350248207391064,,0.0
UTY,0.0,,0.0
NFYB,-0.1586321014892443,,0.0
CGN,-0.1541092112520684,,0.0
PIANP,0.1040264754550468,,0.0
DEF6,-0.5551020408163265,,0.0
OR6J1,0.0,,0.0
STYXL2,0.173303916161059,,0.0
ARSL,0.0,,0.0
OR52L1,0.5565361279646994,,0.0
CRISPLD1,0.1460562603419746,,0.0121463887926855
ZNF148,-0.9515719801434088,,0.0121319356465978
ZFAND1,0.6113623827909542,,0.0120388550747123
ZCCHC12,0.0,,0.0120129110310115
MIGA1,0.1120794263651405,,0.0117124437754517
HSD17B11,0.2709321566464424,,0.0116989735293713
CYTH2,-0.5722007722007723,0,0.0116721082131816
FAM120A,-0.9431880860452287,,0.0115971096109022
JAKMIP2,-0.8439051296194153,,0.0115579050555537
FRY,-0.7641478212906785,,0.0115206384464234
DAZAP1,-0.9330391616105902,,0.011461885616196
ITPRIPL2,0.5521235521235521,,0.011461885616196
DDX50,-0.3207942636514065,,0.011461885616196
SUPT7L,-0.5463872035300607,,0.0114454593074302
RSBN1,-0.6798676227247655,,0.0114410417377532
ZNF618,-0.7316050744622173,,0.0114410417377532
CLGN,-0.2422504136789851,,0.0110097670822588
NIPAL2,0.1492553778268064,,0.0109364497823422
KMT2E,-0.9457253171538886,,0.0109349823209504
ENSG00000286125,0.0,,0.0108778493286484
MED7,-0.3487038058466629,,0.0108517504188761
EIF5-DT,0.0,,0.0108431689889136
PGAP1,-0.4469939327082184,,0.0108299740984129
RND3,-0.6511858797573084,,0.010821282009854
IPCEF1,-0.44434638720353,,0.0104774813895141
TIFA,0.0,,0.0104264962116524
ZFHX4-AS1,0.0,,0.0104170719539966
CMTM5,0.4475455046883618,,0.0104006681152348
RSKR,-0.0399338113623828,,0.0104006681152348
CORO6,0.3577495863210149,,0.0103748525837394
AMMECR1,0.0,,0.0103695097987256
HAUS6,0.4023166023166022,,0.0103695097987256
DNAJC16,-0.0624379481522339,,0.0103695097987256
C11orf87,-0.233976833976834,,0.0103386751698126
DIXDC1,-0.3140650854936569,,0.0102706539023151
CAPS2,0.6539437396580254,,0.0102384580779197
NBEA,-0.985438499724214,,0.0102384580779197
MEAF6,-0.0599007170435741,,0.0102384580779197
MUC20-OT1,0.0,,0.0101756383807354
GTF2H2C,-0.5318257032542747,,0.0101695912210021
YIPF5,-0.7260893546607832,,0.0101132328410349
MIR26B,0.0,,0.0100727908268051
LINC02055,0.0,,0.010049528153767
SDAD1,-0.0647545504688361,,0.0100426755650221
GPR85,-0.5766133480419195,,0.0100129694482316
TUBE1,-0.1769442912300055,,0.0099942452255458
QTRT1,0.3970215113072255,,0.0098594411545275
PLPPR5,-0.4330943188086045,,0.0098353734853423
FAM234B,-0.5409817981246552,,0.0097198302366858
FAM13A,-0.3722007722007722,,0.0096783771746924
MTERF3,0.4039713182570326,,0.0096269647981118
PEBP4-AS1,0.0,,0.0096142635253356
ZNF776,0.4286817429674572,,0.0095928176652144
FAM174A,0.8289023717595145,,0.0095670573096766
ZFP90,-0.3027027027027027,,0.0095658041435632
LINC02192,0.0,,0.0094728677741715
TRIM37,-0.3018201875344732,,0.009434632682777
BEND6,0.2094870380584665,,0.0093768358087998
SMIM10L2A,0.0,,0.0093181546353956
VCPKMT,0.7756205184776612,,0.0092723470574667
ENSG00000271204,0.0,,0.0092120674742864
NIPSNAP3B,0.310204081632653,,0.0090402607799339
NCOA7,-0.6656370656370656,,0.0089104102584785
ISLR,-0.3735245449531164,,0.0088781440780559
B4GAT1,-0.12300055157198,,0.0088655611757427
SLC25A40,0.4263651406508548,,0.0084962024128256
