target_id,uniprot_id,gene_symbol,gene_name,score_overall,max_clinical_phase,n_drugs,score_known_drug,score_rna_expression,score_genetic_literature,score_literature,score_genetic_association,score_animal_model,score_affected_pathway
ENSG00000080815,P49768,PSEN1,presenilin 1,0.8671138502017128,3,6,0.6432229884302734,0.04988096311450684,0.8855819352769478,0.9711447481384503,0.9543800116162438,0.5711362082603426,
ENSG00000142192,P05067,APP,amyloid beta precursor protein,0.8540101506507178,4,13,0.9129282017778076,,0.607930797611621,0.9945959855988492,0.9207313771930412,0.39065633054522775,0.607930797611621
ENSG00000143801,P49810,PSEN2,presenilin 2,0.8172946923914078,3,6,0.6432229884302734,,0.7717343736347523,0.6879092532128198,0.9091276783648212,,
ENSG00000130203,P02649,APOE,apolipoprotein E,0.7815022228562081,0,0,,0.017251532679053088,0.607930797611621,0.9984835699649396,0.9037750477363087,0.2687054125443365,0.2670020417823128
ENSG00000176884,Q05586,GRIN1,glutamate ionotropic receptor NMDA type subunit 1,0.6836139345631277,4,27,0.9603610110018347,,,0.8429654147425989,,,0.5815977506239859
ENSG00000137642,Q92673,SORL1,sortilin related receptor 1,0.6833832980221779,0,0,,0.04768036208430157,0.3039653988058105,0.9717954040517236,0.7548265090581254,0.6326456669186236,
ENSG00000164885,Q00535,CDK5,cyclin dependent kinase 5,0.679590497043796,3,7,,0.08977986793197987,,0.8980082226191473,,,0.877437422074483
ENSG00000137845,O14672,ADAM10,ADAM metallopeptidase domain 10,0.6731749841223225,0,0,,0.02040312242200407,0.607930797611621,0.9181134986705101,0.772054088915575,,
ENSG00000116032,O60391,GRIN3B,glutamate ionotropic receptor NMDA type subunit 3B,0.6507431604119212,4,23,0.9603610110018347,,,0.17890896764711994,0.4243452803702214,,
ENSG00000087085,P22303,ACHE,acetylcholinesterase (Yt blood group),0.6276898384239006,4,20,0.9941955691436233,,,0.7661310525463989,,,
ENSG00000159640,P12821,ACE,angiotensin I converting enzyme,0.6206966406201572,4,25,0.12158615952232422,,0.607930797611621,0.9406526131348519,0.8405136166229384,,
ENSG00000114200,P06276,BCHE,butyrylcholinesterase,0.620256792742029,4,2,0.9743378222804558,,,0.918750075160455,,,
ENSG00000138613,Q8WW43,APH1B,aph-1B gamma-secretase subunit,0.6183318659098008,3,6,0.6432229884302734,,,0.39837808357294135,0.8474503741559389,,
ENSG00000273079,Q13224,GRIN2B,glutamate ionotropic receptor NMDA type subunit 2B,0.6109786599901247,4,27,0.9603610110018347,0.03279389384323798,,0.8784747596128644,,,
ENSG00000176749,Q15078,CDK5R1,cyclin dependent kinase 5 regulatory subunit 1,0.6074661348442697,0,0,,,,0.8848189067542576,,,0.9549947196932794
ENSG00000010704,Q30201,HFE,homeostatic iron regulator,0.6048602773233976,0,0,,,0.607930797611621,0.7184806570656189,0.8270002910534164,,
ENSG00000183454,Q12879,GRIN2A,glutamate ionotropic receptor NMDA type subunit 2A,0.5988088507002448,4,26,0.9604444034294907,0.01937961546337943,,0.4824005687522008,,,
ENSG00000101224,P30305,CDC25B,cell division cycle 25B,0.5985275901516723,0,0,,,,0.0841815285026092,,,0.7861293896877616
ENSG00000105464,O15399,GRIN2D,glutamate ionotropic receptor NMDA type subunit 2D,0.597221951945006,4,23,0.9603610110018347,,,0.44047502064902494,,,
ENSG00000203710,P17927,CR1,complement C3b/C4b receptor 1 (Knops blood group),0.5958776464330214,0,0,,,,0.8837580617426841,0.9359855784572243,,
ENSG00000146904,P21709,EPHA1,EPH receptor A1,0.5952292490307641,4,1,,,,0.36515943054131667,0.8326927638845806,,0.5531979966234456
ENSG00000198785,Q8TCU5,GRIN3A,glutamate ionotropic receptor NMDA type subunit 3A,0.592248725176737,4,23,0.9603610110018347,,,0.27686341262366065,,,
ENSG00000161509,Q14957,GRIN2C,glutamate ionotropic receptor NMDA type subunit 2C,0.5919963523636346,4,23,0.9603610110018347,0.03424116316113702,,0.25334243560331704,,,
ENSG00000030582,P28799,GRN,granulin precursor,0.5872056271568885,0,0,,,,0.9337546239960293,0.7534653314264361,0.2661521031943677,
ENSG00000113161,P04035,HMGCR,3-hydroxy-3-methylglutaryl-CoA reductase,0.5853767013041479,4,15,0.565670129798399,0.009364719397570819,,0.7131850911796818,,,0.8055170751528565
ENSG00000064687,Q8IZY2,ABCA7,ATP binding cassette subfamily A member 7,0.5802849303167739,0,0,,,0.607930797611621,0.9563556232283535,0.6677471958611345,,
ENSG00000105383,P20138,CD33,CD33 molecule,0.5796367096477516,4,5,,,,0.9217841891769449,0.7907495716891095,,0.5688988359014587
ENSG00000118689,O43524,FOXO3,forkhead box O3,0.5736305023122766,0,0,,,,0.7383476397812045,,,0.9066612367713315
ENSG00000095970,Q9NZC2,TREM2,triggering receptor expressed on myeloid cells 2,0.5724815273910075,0,0,,,,0.9894320485676672,0.8922170398317504,,
ENSG00000004779,O14561,NDUFAB1,NADH:ubiquinone oxidoreductase subunit AB1,0.5706018730212599,4,3,,0.07015121357208141,,0.24396959273639135,0.4746828296740998,,0.8136276094564562
ENSG00000147883,P42772,CDKN2B,cyclin dependent kinase inhibitor 2B,0.5571467940484545,0,0,,,,0.08492715425528859,0.4011715824826065,,0.8142840046102876
ENSG00000136717,O00499,BIN1,bridging integrator 1,0.5536359878221929,0,0,,,,0.9725955643286558,0.8620593824532746,,
ENSG00000082701,P49841,GSK3B,glycogen synthase kinase 3 beta,0.5524719158949241,4,5,0.1587374860430344,0.01687786532291258,,0.9504800269310761,,,0.8434018776286261
ENSG00000124762,P38936,CDKN1A,cyclin dependent kinase inhibitor 1A,0.5502875465751055,0,0,,,,0.7944838161846892,,,0.865457038266544
ENSG00000197746,P07602,PSAP,prosaposin,0.5478260449002683,0,0,,,,0.5950792298969435,,0.2664560685931735,0.865457038266544
ENSG00000197943,P16885,PLCG2,phospholipase C gamma 2,0.5447611002071141,0,0,,,,0.8837740110157908,0.8519019438898575,,
ENSG00000120885,P10909,CLU,clusterin,0.5426097411545774,3,2,,0.02558786498941004,,0.9782015954727921,0.6744584985303708,,
ENSG00000166851,P53350,PLK1,polo like kinase 1,0.5419717155468247,3,7,,,,0.5209056042911244,,,0.865457038266544
ENSG00000135446,P11802,CDK4,cyclin dependent kinase 4,0.5419417943238982,4,17,,,,0.5199212414970704,,,0.865457038266544
ENSG00000166311,P17405,SMPD1,sphingomyelin phosphodiesterase 1,0.5416820358254651,0,0,,,,0.8681494355852634,,,0.8476183455564804
ENSG00000071051,O43639,NCK2,NCK adaptor protein 2,0.5411871507127486,0,0,,,,0.20537649217420803,0.788071023504808,,0.3903072934014509
ENSG00000110077,Q9H2W1,MS4A6A,membrane spanning 4-domains A6A,0.5346230457874066,0,0,,,,0.23631699185887178,0.8675984651412025,,
ENSG00000167601,P30530,AXL,AXL receptor tyrosine kinase,0.5344077294780566,4,5,,,,0.272061949767131,,,0.865457038266544
ENSG00000168653,O43920,NDUFS5,NADH:ubiquinone oxidoreductase subunit S5,0.5339588476632112,4,3,,0.04976344044409118,,0.24803800744797783,,,0.8648140046499787
ENSG00000178999,Q96GD4,AURKB,aurora kinase B,0.5287759633031683,3,18,,,,0.08678539536278754,,,0.865457038266544
ENSG00000119421,P51970,NDUFA8,NADH:ubiquinone oxidoreductase subunit A8,0.5284709157316196,4,3,,0.058708508939063986,,0.04059289031385596,,,0.865457038266544
ENSG00000178127,P19404,NDUFV2,NADH:ubiquinone oxidoreductase core subunit V2,0.5277532415855091,4,3,,,,0.10587366449436345,,,0.8628203252428481
ENSG00000073060,A0A7P0T913,SCARB1,scavenger receptor class B member 1,0.5276182686705879,0,0,,,,0.3211786508847038,0.44815170442780966,,0.748716758811487
ENSG00000164167,P62312,LSM6,"LSM6 homolog, U6 small nuclear RNA and mRNA degradation associated",0.5268771472813407,0,0,,,,0.024317231904464845,,,0.865457038266544
ENSG00000147889,P42771,CDKN2A,cyclin dependent kinase inhibitor 2A,0.5262879367200846,0,0,,,,0.8484717981498209,0.05400549677328782,,0.8172794925690077
ENSG00000129757,P49918,CDKN1C,cyclin dependent kinase inhibitor 1C,0.5250486731811728,0,0,,,,0.07111608244393944,,,0.8601093946865037
ENSG00000170312,P06493,CDK1,cyclin dependent kinase 1,0.5248745038218616,3,12,,,,0.4301570630446804,,,0.8418708502856196
ENSG00000058729,Q9BVS4,RIOK2,RIO kinase 2,0.5244154452261425,0,0,,,,,,,0.8626235869056388
ENSG00000023228,P28331,NDUFS1,NADH:ubiquinone oxidoreductase core subunit S1,0.5232633839227692,4,3,,0.03168564303187851,,0.06129681997491774,,,0.8569595671417235
ENSG00000100330,Q13615,MTMR3,myotubularin related protein 3,0.5232084476516636,0,0,,,,,0.13270721652349302,,0.8274613634158176
ENSG00000134824,O95864,FADS2,fatty acid desaturase 2,0.5223880919158287,0,0,,,,0.15098140984219172,0.38408042079173504,,0.7599134970145264
ENSG00000198563,Q13838,DDX39B,DExD-box helicase 39B,0.5221986921984005,0,0,,0.030420464862567387,,0.6167964550767906,,,0.8274613634158176
ENSG00000147416,P21281,ATP6V1B2,ATPase H+ transporting V1 subunit B2,0.5211752723946863,0,0,,0.09402388136863021,,0.06661908323827347,,,0.8511121304938736
ENSG00000010256,P31930,UQCRC1,ubiquinol-cytochrome c reductase core protein 1,0.5183860713313272,0,0,,0.04312285109460208,,0.6486591694859206,,,0.8193144806235529
ENSG00000114573,P38606,ATP6V1A,ATPase H+ transporting V1 subunit A,0.5182959504544525,0,0,,0.023317173481998715,,0.6544968528832765,,,0.8193144806235529
ENSG00000087586,O14965,AURKA,aurora kinase A,0.5155123056568938,3,18,,,,0.5595918557181969,,,0.8199990055713176
ENSG00000198087,Q9Y5K6,CD2AP,CD2 associated protein,0.5136010592615005,0,0,,,,0.9058846598895794,0.7995405101691935,,
ENSG00000005381,P05164,MPO,myeloperoxidase,0.511754493198146,3,1,,,,0.8408558506279664,0.7997544896735449,,
ENSG00000158864,O75306,NDUFS2,NADH:ubiquinone oxidoreductase core subunit S2,0.5110539411128694,4,3,,,,0.07851635642767549,,,0.8367191093983722
ENSG00000115020,Q9Y2I7,PIKFYVE,"phosphoinositide kinase, FYVE-type zinc finger containing",0.5089489781100042,2,1,,0.027575101239446696,,0.3925271224000752,,,0.8169432867688655
ENSG00000164615,P49069,CAMLG,calcium modulating ligand,0.5075988192398417,0,0,,,,0.44074982826842524,,,0.812924022683325
ENSG00000139180,Q16795,NDUFA9,NADH:ubiquinone oxidoreductase subunit A9,0.5061718779111514,4,3,,,,0.18264932735950007,,,0.8234818375951567
ENSG00000131408,P55055,NR1H2,nuclear receptor subfamily 1 group H member 2,0.5047490624709965,2,5,,,,0.09342581656561336,,,0.8256025897745858
ENSG00000113712,P48729,CSNK1A1,casein kinase 1 alpha 1,0.5040358168138124,0,0,,0.05454141221640363,,0.23220459040920083,,,0.8162783847527069
ENSG00000073921,Q13492,PICALM,phosphatidylinositol binding clathrin assembly protein,0.5030910866104019,0,0,,,,0.9222684497092316,0.7814332137219766,,
ENSG00000023516,Q9UKA4,AKAP11,A-kinase anchoring protein 11,0.5030645574681958,0,0,,,,0.012158615952232422,,,0.8268950669853377
ENSG00000120539,Q96GX5,MASTL,microtubule associated serine/threonine kinase like,0.5030392466541774,0,0,,,,,,,0.8274613634158176
ENSG00000143374,Q9BW92,TARS2,"threonyl-tRNA synthetase 2, mitochondrial",0.5030392466541774,0,0,,,,,,,0.8274613634158176
ENSG00000155097,P21283,ATP6V1C1,ATPase H+ transporting V1 subunit C1,0.5029313970500541,0,0,,0.04111922929052129,,0.015198269940290528,,,0.8248902582098572
ENSG00000167258,Q9NYV4,CDK12,cyclin dependent kinase 12,0.5016300431916646,2,4,,,,0.012158615952232422,,,0.8245353999275623
ENSG00000103510,Q9H7Z6,KAT8,lysine acetyltransferase 8,0.4994164242770699,0,0,,,,0.502182003833403,0.20171599439161134,,0.7599134970145264
ENSG00000168918,Q92835,INPP5D,inositol polyphosphate-5-phosphatase D,0.49941467025082475,3,1,,,,0.8853155838152121,0.7772334312668707,,
ENSG00000143393,Q9UBF8,PI4KB,phosphatidylinositol 4-kinase beta,0.4993421627252597,0,0,,,,,,,0.8213799410837981
ENSG00000087589,Q9NQ75,CASS4,Cas scaffold protein family member 4,0.49870117264777314,0,0,,,,0.2521713791073562,0.8077169921233297,,
ENSG00000141510,P04637,TP53,tumor protein p53,0.4985158260455752,3,9,,,,0.9533884066896602,0.1119398637871351,,0.7599134970145264
ENSG00000099795,P17568,NDUFB7,NADH:ubiquinone oxidoreductase subunit B7,0.49812141247755826,4,3,,0.10656396688129041,,0.03343619386863916,,,0.8133006747472032
ENSG00000139505,Q9Y217,MTMR6,myotubularin related protein 6,0.4976720716320659,0,0,,,,,,,0.8186327680506912
ENSG00000180596,P62807,H2BC4,H2B clustered histone 4,0.4953245841496741,0,0,,,,,0.8147713293941626,,
ENSG00000130294,Q12756,KIF1A,kinesin family member 1A,0.49343986451286675,0,0,,0.05892000314290202,,0.3467610480152284,,,0.7930237229002853
ENSG00000165733,Q14692,BMS1,BMS1 ribosome biogenesis factor,0.4900722624375334,0,0,,,,0.14092500290184237,0.17234598102836693,,0.7599134970145264
ENSG00000164733,P07858,CTSB,cathepsin B,0.4899181715213121,0,0,,,,0.887331716342225,0.7615116053290761,,
ENSG00000198793,P42345,MTOR,mechanistic target of rapamycin kinase,0.48961173638190764,4,25,,,,0.9092126319182264,,,0.7599134970145264
ENSG00000204386,Q99519,NEU1,neuraminidase 1,0.4885443143025273,0,0,,,,0.8740960665599992,,,0.7599134970145264
ENSG00000114026,O15527,OGG1,8-oxoguanine DNA glycosylase,0.4877638979811488,0,0,,,,0.8484215547752847,,,0.7599134970145264
ENSG00000051382,P42338,PIK3CB,"phosphatidylinositol-4,5-bisphosphate 3-kinase catalytic subunit beta",0.48686626561889607,3,27,,,,0.8379748617486885,,,0.7589592945899599
ENSG00000163513,P37173,TGFBR2,transforming growth factor beta receptor 2,0.48300815381693035,0,0,,,,0.69196479414061,,,0.7599134970145264
ENSG00000042753,P53680,AP2S1,adaptor related protein complex 2 subunit sigma 1,0.4828052979908348,0,0,,0.04895403649263028,,0.3593437004885991,0.11295717542828856,,0.7573414194114585
ENSG00000067533,Q9Y3B9,RRP15,ribosomal RNA processing 15 homolog,0.48133465130397235,0,0,,,,,0.1279510626586677,,0.7597711864973107
ENSG00000099194,O00767,SCD,stearoyl-CoA desaturase,0.48057724375116667,0,0,,0.04413007206341658,,0.5923781793462937,,,0.7599134970145264
ENSG00000094755,O00591,GABRP,gamma-aminobutyric acid type A receptor subunit pi,0.4797656694900066,4,16,0.13678442946261474,,,0.03647584785669727,,,0.7541714144531904
ENSG00000082898,O14980,XPO1,exportin 1,0.47827816562085945,4,1,,,,0.5363553657433769,,,0.7599134970145264
ENSG00000184967,Q9BVI4,NOC4L,nucleolar complex associated 4 homolog,0.4771552769408291,0,0,,,,0.01823792392834863,0.11499101058848704,,0.7557311588419362
ENSG00000075785,P51149,RAB7A,"RAB7A, member RAS oncogene family",0.4748243557925976,0,0,,,,0.7893399932153335,,,0.7415830107319309
ENSG00000106799,P36897,TGFBR1,transforming growth factor beta receptor 1,0.47444789861542214,2,2,,0.04348228890499464,,0.6490595233203802,,,0.7470115176690084
ENSG00000196396,P18031,PTPN1,protein tyrosine phosphatase non-receptor type 1,0.4733917275759063,0,0,,,,0.3755989749123665,,,0.7599134970145264
ENSG00000176444,P49760,CLK2,CDC like kinase 2,0.47335028742117014,0,0,,,,0.052265161627999095,0.20981269006119269,,0.7250106593008072
ENSG00000141367,Q00610,CLTC,clathrin heavy chain,0.4728839712670384,0,0,,0.06013432186858659,,0.33216819818591464,,,0.7599134970145264
ENSG00000131238,P50897,PPT1,palmitoyl-protein thioesterase 1,0.47276328475750556,0,0,,0.024808225851666886,,0.47556351736110986,,,0.7533302352676176
ENSG00000110717,O00217,NDUFS8,NADH:ubiquinone oxidoreductase core subunit S8,0.4691093215541423,4,3,,0.10393110582995126,,0.18852271773268373,,,0.7599134970145264
ENSG00000119616,Q9Y324,FCF1,FCF1 rRNA-processing protein,0.46903790002318485,0,0,,,,0.23236466042044185,,,0.7599134970145264
ENSG00000179526,Q9H0F6,SHARPIN,SHANK associated RH domain interactor,0.46888188739637154,0,0,,,,0.3618469745350522,0.7531827523842106,,
ENSG00000147684,Q9Y6M9,NDUFB9,NADH:ubiquinone oxidoreductase subunit B9,0.4688652507665982,4,3,,0.035343348171134145,,0.0426193263058947,,,0.7683313610658259
ENSG00000204569,Q96QC0,PPP1R10,protein phosphatase 1 regulatory subunit 10,0.46868935974883674,0,0,,0.03309379316849381,,0.20618986218994148,,,0.7599134970145264
ENSG00000128609,Q16718,NDUFA5,NADH:ubiquinone oxidoreductase subunit A5,0.4685556494443896,4,3,,0.06017013664413649,,0.2250364578746403,,,0.758149527410833
ENSG00000196743,P17900,GM2A,ganglioside GM2 activator,0.46841571946124444,0,0,,,,0.21189586481459913,,,0.7599134970145264
ENSG00000161203,Q96CW1,AP2M1,adaptor related protein complex 2 subunit mu 1,0.467972398868533,0,0,,0.1262915963837994,,0.14118169217574736,,,0.7599134970145264
ENSG00000149084,Q53GQ0,HSD17B12,hydroxysteroid 17-beta dehydrogenase 12,0.467953776078164,0,0,,,,0.1966986290471311,,,0.7599134970145264
ENSG00000122218,P53621,COPA,coat protein complex I subunit alpha,0.4663328321395697,0,0,,,,0.14337203513340066,,,0.7599134970145264
ENSG00000151366,O95298,NDUFC2,NADH:ubiquinone oxidoreductase subunit C2,0.4659582283795619,0,0,,,,0.03637114866377526,,,0.7646473465976201
ENSG00000159140,P18583,SON,SON DNA and RNA binding protein,0.4651528457924181,0,0,,,,0.1045522763125786,,,0.7599134970145264
ENSG00000181789,Q9Y678,COPG1,coat protein complex I subunit gamma 1,0.46499219148280807,0,0,,0.08305550556969966,,0.03647584785669726,,,0.7599134970145264
ENSG00000102900,Q8N1F7,NUP93,nucleoporin 93,0.46450866489991455,0,0,,0.013159184730293327,,0.07751117669548169,,,0.7599134970145264
ENSG00000115524,O75533,SF3B1,splicing factor 3b subunit 1,0.4644398507441357,0,0,,0.04097730554171082,,0.06288368622628207,,,0.7599134970145264
ENSG00000278540,Q13085,ACACA,acetyl-CoA carboxylase alpha,0.46418851464066924,0,0,,,,0.14039167038930084,,,0.7565352757907189
ENSG00000138756,Q9NSY1,BMP2K,BMP2 inducible kinase,0.46410074254090683,0,0,,0.06993967712712344,,,,,0.7599134970145264
ENSG00000145675,P27986,PIK3R1,phosphoinositide-3-kinase regulatory subunit 1,0.464085753357332,0,0,,,,0.4052268586035266,,,0.7431244818719008
ENSG00000103174,Q9UK23,NAGPA,N-acetylglucosamine-1-phosphodiester alpha-N-acetylglucosaminidase,0.4638903158507464,0,0,,0.0630169585878708,,,,,0.7599134970145264
ENSG00000100028,P62318,SNRPD3,small nuclear ribonucleoprotein D3 polypeptide,0.4638227176293007,0,0,,,,0.06079307976116211,,,0.7599134970145264
ENSG00000112159,Q9NU22,MDN1,midasin AAA ATPase 1,0.4634832506063762,0,0,,0.04962513024262236,,,,,0.7599134970145264
ENSG00000125686,Q15648,MED1,mediator complex subunit 1,0.46347110346199655,0,0,,,,0.04922550763994099,,,0.7599134970145264
ENSG00000065328,Q7L590,MCM10,minichromosome maintenance 10 replication initiation factor,0.4633607428109449,0,0,,,,0.045594809820871586,,,0.7599134970145264
ENSG00000184983,P56556,NDUFA6,NADH:ubiquinone oxidoreductase subunit A6,0.46328184777807674,0,0,,,,0.04299928305440196,,,0.7599134970145264
ENSG00000186185,Q86Y91,KIF18B,kinesin family member 18B,0.4632221503654381,0,0,,,,0.04103532883878443,,,0.7599134970145264
ENSG00000111481,P61923,COPZ1,coat protein complex I subunit zeta 1,0.46309293314631633,0,0,,0.021211633517492227,,0.02735688589252295,,,0.7599134970145264
ENSG00000112335,O60493,SNX3,sorting nexin 3,0.46307010931966364,0,0,,,,0.03603340933176881,,,0.7599134970145264
ENSG00000064419,Q9Y5L0,TNPO3,transportin 3,0.46303222738455846,0,0,,,,0.034787151196664985,,,0.7599134970145264
ENSG00000129083,P53618,COPB1,coat protein complex I subunit beta 1,0.4629911629562602,0,0,,,,0.03343619386863916,,,0.7599134970145264
ENSG00000119285,Q9H583,HEATR1,HEAT repeat containing 1,0.462898767992589,0,0,,,,0.030396539880581056,,,0.7599134970145264
ENSG00000184432,P35606,COPB2,coat protein complex I subunit beta 2,0.462898767992589,0,0,,,,0.030396539880581056,,,0.7599134970145264
ENSG00000010244,O43670,ZNF207,zinc finger protein 207,0.462898767992589,0,0,,,,0.030396539880581056,,,0.7599134970145264
ENSG00000133059,Q6XUX3,DSTYK,dual serine/threonine and tyrosine protein kinase,0.462898767992589,0,0,,,,0.030396539880581056,,,0.7599134970145264
ENSG00000006712,Q8N7H5,PAF1,PAF1 component of Paf1/RNA polymerase II complex,0.46281225304634954,0,0,,,,0.030396539880581056,,,0.7597711864973107
ENSG00000157020,P55735,SEC13,"SEC13 homolog, nuclear pore and COPII component",0.46271397806524667,0,0,,,,0.024317231904464845,,,0.7599134970145264
ENSG00000150990,Q8IY37,DHX37,DEAH-box helicase 37,0.46262158310157553,0,0,,,,0.021277577916406734,,,0.7599134970145264
ENSG00000168297,Q7Z7A4,PXK,PX domain containing serine/threonine kinase like,0.462590500523488,0,0,,0.020255008301260435,,,,,0.7599134970145264
ENSG00000158615,Q5SWA1,PPP1R15B,protein phosphatase 1 regulatory subunit 15B,0.4623443982105619,0,0,,,,0.012158615952232422,,,0.7599134970145264
ENSG00000177971,Q9NV31,IMP3,IMP U3 small nucleolar ribonucleoprotein 3,0.4619748183558772,0,0,,,,,,,0.7599134970145264
ENSG00000109111,Q7KZ85,SUPT6H,"SPT6 homolog, histone chaperone and transcription elongation factor",0.4619748183558772,0,0,,,,,,,0.7599134970145264
ENSG00000130810,Q9NQ55,PPAN,peter pan homolog,0.4619748183558772,0,0,,,,,,,0.7599134970145264
ENSG00000163719,Q8NCE2,MTMR14,myotubularin related protein 14,0.4619748183558772,0,0,,,,,,,0.7599134970145264
ENSG00000182004,P62304,SNRPE,small nuclear ribonucleoprotein polypeptide E,0.4619748183558772,0,0,,,,,,,0.7599134970145264
ENSG00000155561,Q92621,NUP205,nucleoporin 205,0.4619748183558772,0,0,,,,,,,0.7599134970145264
ENSG00000135521,Q96GA3,LTV1,LTV1 ribosome biogenesis factor,0.4619748183558772,0,0,,,,,,,0.7599134970145264
ENSG00000171566,O43660,PLRG1,pleiotropic regulator 1,0.4619748183558772,0,0,,,,,,,0.7599134970145264
ENSG00000048162,Q9Y3C1,NOP16,NOP16 nucleolar protein,0.4619748183558772,0,0,,,,,,,0.7599134970145264
ENSG00000106460,Q9NUM4,TMEM106B,transmembrane protein 106B,0.46164404121560887,0,0,,,,0.8995499811412594,0.7143918946786562,,
ENSG00000123384,Q07954,LRP1,LDL receptor related protein 1,0.4613296769016496,2,1,,,,0.9164755785467327,,,0.7130285093825769
ENSG00000086189,Q9UNQ2,DIMT1,DIM1 rRNA methyltransferase and ribosome maturation factor,0.46094985149535184,0,0,,,,,0.06349865857102771,,0.7423528397151181
ENSG00000147246,P28335,HTR2C,5-hydroxytryptamine receptor 2C,0.4605922382778775,4,36,0.634662865739932,0.014704759929126284,,0.08711232913900513,,,0.4834270119773683
ENSG00000167815,P32119,PRDX2,peroxiredoxin 2,0.4605584790270193,0,0,,0.1282813143275777,,0.6824283452358921,,,0.5926521084783387
ENSG00000198554,O75717,WDHD1,WD repeat and HMG-box DNA binding protein 1,0.45980182602941766,0,0,,,,0.012158615952232422,,,0.7557311588419362
ENSG00000140090,Q8NFF2,SLC24A4,solute carrier family 24 member 4,0.4594171011045164,0,0,,,,0.19837132214002548,0.7457876802444409,,
ENSG00000120899,Q14289,PTK2B,protein tyrosine kinase 2 beta,0.45864206390855133,3,2,,,,0.6829792123763289,0.7202824083962414,,
ENSG00000117411,O60909,B4GALT2,"beta-1,4-galactosyltransferase 2",0.45797255589218294,0,0,,,,,,,0.7533300791659522
ENSG00000198888,P03886,MT-ND1,mitochondrially encoded NADH:ubiquinone oxidoreductase core subunit 1,0.4574563770686376,4,3,,,0.607930797611621,0.3494599704919576,0.547137717850459,,
ENSG00000146090,Q8N431,RASGEF1C,RasGEF domain family member 1C,0.4567148897054895,0,0,,,,0.04270376113889632,0.7491261257303912,,
ENSG00000062598,Q96JJ3,ELMO2,engulfment and cell motility 2,0.4560426660377425,0,0,,,,,,,0.7501555568979204
ENSG00000107862,Q92538,GBF1,golgi brefeldin A resistant guanine nucleotide exchange factor 1,0.4553786701053179,0,0,,,,0.04103532883878443,,,0.7470115675664133
ENSG00000137876,Q9UHA3,RSL24D1,ribosomal L24 domain containing 1,0.454607398421626,0,0,,,,,,,0.7477946506537306
ENSG00000188428,Q8TDH9,BLOC1S5,biogenesis of lysosomal organelles complex 1 subunit 5,0.45430788857411597,0,0,,,,0.09898279964340498,,,0.7423528397151181
ENSG00000127947,Q05209,PTPN12,protein tyrosine phosphatase non-receptor type 12,0.454225041613811,0,0,,,,0.06535256074324927,,,0.7438980747012508
ENSG00000132842,O00203,AP3B1,adaptor related protein complex 3 subunit beta 1,0.4540410740225907,0,0,,,,0.09020500609935292,,,0.7423528397151181
ENSG00000109270,Q9UHA4,LAMTOR3,"late endosomal/lysosomal adaptor, MAPK and MTOR activator 3",0.45345664970015875,0,0,,0.02151985574738907,,0.03858671868173762,,,0.7434942014361413
ENSG00000109606,O43143,DHX15,DEAH-box helicase 15,0.45222310359397544,0,0,,,,0.030396539880581056,,,0.7423528397151181
ENSG00000130202,Q92692,NECTIN2,nectin cell adhesion molecule 2,0.4520503136634298,0,0,,,,0.8241664611647157,0.7023801173356393,,
ENSG00000100241,O95248,SBF1,SET binding factor 1,0.45193513445438527,0,0,,,,0.051674117796987794,,,0.740815273451062
ENSG00000163399,P05023,ATP1A1,ATPase Na+/K+ transporting subunit alpha 1,0.451212480049824,4,6,,0.06501172845787856,,0.09035206083847243,,,0.7362479596000331
ENSG00000141499,Q9BUR4,WRAP53,WD repeat containing antisense to TP53,0.45028669857339043,0,0,,,,0.012158615952232422,0.04356857686841358,,0.7295250918048158
ENSG00000125743,P62316,SNRPD2,small nuclear ribonucleoprotein D2 polypeptide,0.4500574373353566,0,0,,0.039747221625369075,,0.21278884960849223,,,0.7287875960873761
ENSG00000109390,O43677,NDUFC1,NADH:ubiquinone oxidoreductase subunit C1,0.44943512952441106,4,3,,,,0.030396539880581056,,,0.7377668340702035
ENSG00000160551,Q7L7X3,TAOK1,TAO kinase 1,0.4483204068100044,0,0,,,,0.21474277854010504,,,0.7267158879163816
ENSG00000153814,Q86VZ6,JAZF1,JAZF zinc finger 1,0.4482041171900724,0,0,,0.03600855258961789,,0.12194202841065023,0.504684047505076,,0.607930797611621
ENSG00000167792,P49821,NDUFV1,NADH:ubiquinone oxidoreductase core subunit V1,0.4477943385008433,4,3,,0.06775170967814947,,0.14060286724535803,,,0.7280519475101441
ENSG00000167447,Q8ND04,SMG8,SMG8 nonsense mediated mRNA decay factor,0.4471290290115444,0,0,,,,,,,0.7354933008299318
ENSG00000205339,O95373,IPO7,importin 7,0.44544164518705115,0,0,,,,,,,0.732717682566928
ENSG00000180530,P48552,NRIP1,nuclear receptor interacting protein 1,0.44476860961519354,0,0,,0.010364803404099497,,0.18562061689484682,,,0.722099230347623
ENSG00000156471,P48651,PTDSS1,phosphatidylserine synthase 1,0.4438498804381088,0,0,,,,0.05562229058814327,,,0.7273182358931454
ENSG00000065518,O95168,NDUFB4,NADH:ubiquinone oxidoreductase subunit B4,0.4398199662549898,4,3,,0.07816909168357038,,0.046945767148897415,,,0.7185187537410515
ENSG00000145604,Q13309,SKP2,S-phase kinase associated protein 2,0.4375669089055466,0,0,,,,0.1191797667817782,,,0.7138053509979155
ENSG00000137275,Q13546,RIPK1,receptor interacting serine/threonine kinase 1,0.4374519650244426,2,1,,,,0.6447405032967289,,,0.6873382402157973
ENSG00000104549,Q14534,SQLE,squalene epoxidase,0.4367289469941381,0,0,,0.03344028099880989,,0.05017624385953915,,,0.7151340260732785
ENSG00000181467,P61225,RAP2B,"RAP2B, member of RAS oncogene family",0.4363762957866482,0,0,,,,0.012158615952232422,0.3177548542769626,,0.6380969661285179
ENSG00000157368,Q6ZMJ4,IL34,interleukin 34,0.4349843459515374,0,0,,,,0.4633562944032338,0.6923484046595132,,
ENSG00000198740,Q9Y2D9,ZNF652,zinc finger protein 652,0.43479589532888363,0,0,,,,0.25229128100882275,0.7025916683646086,,
ENSG00000181029,Q8IUR0,TRAPPC5,trafficking protein particle complex subunit 5,0.4347519295921756,0,0,,,,,,,0.7151339121166198
ENSG00000152904,O95749,GGPS1,geranylgeranyl diphosphate synthase 1,0.4347443340030078,0,0,,,,0.09693118828585293,,,0.7102748585349028
ENSG00000134853,P16234,PDGFRA,platelet derived growth factor receptor alpha,0.43441962625663993,4,33,0.5454490211904267,,,0.13462866227863338,,,0.5752332950142436
ENSG00000214787,Q96PG1,MS4A4E,membrane spanning 4-domains A4E,0.4337431668748249,0,0,,,,0.08224702308895078,0.7093622228906125,,
ENSG00000104043,Q8TF62,ATP8B4,ATPase phospholipid transporting 8B4 (putative),0.4313410842806129,0,0,,,,0.15954737582539671,0.7015459617838934,,
ENSG00000102468,P28223,HTR2A,5-hydroxytryptamine receptor 2A,0.4307026948145531,4,65,0.6701048539102804,0.04915908200446048,,0.7455190084712647,,,
ENSG00000179218,P27797,CALR,calreticulin,0.4298625215290493,0,0,,,,0.3946299801608783,,,0.6873597081126531
ENSG00000145741,P20290,BTF3,basic transcription factor 3,0.4295736073846416,0,0,,0.05121318940139157,,0.03647584785669726,,,0.7032447314244085
ENSG00000085514,Q9UKJ1,PILRA,paired immunoglobin like type 2 receptor alpha,0.42730596422903855,0,0,,,,0.667836716176087,0.6694940286807006,,
ENSG00000010322,Q9Y2I1,NISCH,nischarin,0.42709896362571165,4,2,,,,0.026450055786085617,,,0.7012228614259258
ENSG00000090060,P51003,PAPOLA,poly(A) polymerase alpha,0.42683702694950665,0,0,,,,0.09726892761785938,,,0.6972510518916442
ENSG00000108798,Q9P2A4,ABI3,ABI family member 3,0.42679427564378686,0,0,,,,0.9012872611666025,0.6569798125625371,,
ENSG00000030066,Q12769,NUP160,nucleoporin 160,0.426506910931603,0,0,,,,0.08009825997865115,,,0.6975665694908862
ENSG00000052344,Q16651,PRSS8,serine protease 8,0.4263300075403936,0,0,,,,0.09228727247076415,0.6966661262205643,,
ENSG00000165646,Q05940,SLC18A2,solute carrier family 18 member A2,0.42567450782752253,4,13,,,,0.37868839077803323,0.03282541037699665,,0.6776205552319882
ENSG00000150712,Q9C0I1,MTMR12,myotubularin related protein 12,0.42530950506691995,0,0,,,,,,,0.6996018407651565
ENSG00000163788,Q9NRH2,SNRK,SNF related kinase,0.4247704598167648,0,0,,0.025772292664926363,,0.030396539880581056,,,0.696622607651224
ENSG00000143171,P48443,RXRG,retinoid X receptor gamma,0.4244641722495671,4,5,0.1587374860430344,,,0.1660630521542544,,,0.6548366709107231
ENSG00000073008,P15151,PVR,PVR cell adhesion molecule,0.4242480733004432,0,0,,,,0.27749164918551544,0.6839812836478328,,
ENSG00000115112,Q9NZI6,TFCP2L1,transcription factor CP2 like 1,0.4236649230410255,0,0,,,,,,,0.6968966282107745
ENSG00000073712,Q96AC1,FERMT2,FERM domain containing kindlin 2,0.4230197555199671,0,0,,0.027423220861334467,,0.5630270609813197,0.6670746186711088,,
ENSG00000155657,Q8WZ42,TTN,titin,0.4226141523528653,0,0,,,,0.13137711936759994,,,0.6885993342486486
ENSG00000031823,Q9H6Z4,RANBP3,RAN binding protein 3,0.42248399493041483,0,0,,,,,,,0.6949540911403543
ENSG00000165029,O95477,ABCA1,ATP binding cassette subfamily A member 1,0.4223188505923324,4,1,,,,0.9177712627640162,0.6487938781059298,,
ENSG00000104643,Q96QG7,MTMR9,myotubularin related protein 9,0.4220482867824836,0,0,,,,0.030396539880581056,,,0.6927175573276495
ENSG00000142319,Q01959,SLC6A3,solute carrier family 6 member 3,0.4214450520978302,4,36,0.5554798793510184,,,0.859932606462697,,,0.47462246497174854
ENSG00000108219,Q8NG11,TSPAN14,tetraspanin 14,0.41809497719965316,0,0,,,,0.1307270420619483,0.6811981381418839,,
ENSG00000065000,O14617,AP3D1,adaptor related protein complex 3 subunit delta 1,0.4174836052904492,0,0,,,,,,,0.6867288298777062
ENSG00000127184,P15954,COX7C,cytochrome c oxidase subunit 7C,0.4172204932222664,0,0,,,,0.13937587195404952,0.3010719651754443,,0.607930797611621
ENSG00000066336,P17947,SPI1,Spi-1 proto-oncogene,0.4167849756288145,0,0,,,,0.9173719273370785,0.2460600514102199,,0.6036785814511665
ENSG00000149295,P14416,DRD2,dopamine receptor D2,0.4159301163937273,4,95,0.6706983617233181,,,0.2695019376102204,,,
ENSG00000167658,P13639,EEF2,eukaryotic translation elongation factor 2,0.4158200979473588,4,5,,0.009592817665214498,,0.2770208856197183,,,0.6699282686067153
ENSG00000112425,O95278,EPM2A,"EPM2A glucan phosphatase, laforin",0.4142010293825119,0,0,,,,0.03951550184475537,,0.5040418582340698,0.6552490265903995
ENSG00000160948,Q9UK41,VPS28,VPS28 subunit of ESCRT-I,0.4139845755848841,0,0,,0.11756854642251137,,,,,0.6750947643831048
ENSG00000143398,Q99755,PIP5K1A,phosphatidylinositol-4-phosphate 5-kinase type 1 alpha,0.41385559746230843,0,0,,,,,,,0.6807610324863023
ENSG00000127415,P35475,IDUA,alpha-L-iduronidase,0.4138197170858619,0,0,,,,0.12192260609826444,0.6746058816866428,,
ENSG00000178394,P08908,HTR1A,5-hydroxytryptamine receptor 1A,0.41277862707057666,4,28,0.6602508792583253,,,0.3747723742256122,,,
ENSG00000117362,Q96BI3,APH1A,aph-1A gamma-secretase subunit,0.412748698018884,3,6,0.6432229884302734,,,0.7143455704380747,,,
ENSG00000179335,P49761,CLK3,CDC like kinase 3,0.41036182729119236,0,0,,,,0.012158615952232422,,,0.6744061150500107
ENSG00000175344,P36544,CHRNA7,cholinergic receptor nicotinic alpha 7 subunit,0.4101304060319751,3,16,0.5830524573763184,,,0.26294943471937643,,,0.34295038920353543
ENSG00000140945,P55290,CDH13,cadherin 13,0.4096032432626903,0,0,,,,0.3585018709363897,0.6558411391755552,,
ENSG00000171408,Q9NP56,PDE7B,phosphodiesterase 7B,0.4095134028854656,4,4,,,,0.012158615952232422,0.4555713939586203,,0.5594554121684383
ENSG00000111837,P20794,MAK,male germ cell associated kinase,0.40943019949542314,0,0,,,,,0.4183310118540455,,0.5688988359014587
ENSG00000132170,P37231,PPARG,peroxisome proliferator activated receptor gamma,0.40899023823484526,4,35,0.6356845427335984,,,0.7414668653068868,,,
ENSG00000128923,Q8NBR6,MINDY2,MINDY lysine 48 deubiquitinase 2,0.4089441505750756,0,0,,,,0.041457503003792494,0.670609200148011,,
ENSG00000008516,Q9NPA2,MMP25,matrix metallopeptidase 25,0.4082922528657468,0,0,,,,,,,0.6716097530669697
ENSG00000158748,P50406,HTR6,5-hydroxytryptamine receptor 6,0.4080926519241422,4,7,0.6408466917680445,,,0.6086946581260849,,,
ENSG00000146648,P00533,EGFR,epidermal growth factor receptor,0.4074398334091445,4,75,,0.07183172826695267,,0.9286432812137011,0.6221791630988728,,
ENSG00000152782,Q8TE04,PANK1,pantothenate kinase 1,0.40672860503925523,0,0,,,,0.03273528136513433,,,0.6674009070567639
ENSG00000184845,P21728,DRD1,dopamine receptor D1,0.40404612104152987,4,10,,,,0.21625566885075498,0.2075548379858198,,0.607930797611621
ENSG00000073756,P35354,PTGS2,prostaglandin-endoperoxide synthase 2,0.4036868978648044,4,74,0.6170018653048762,,,0.9406485696886653,,,
ENSG00000113048,Q92552,MRPS27,mitochondrial ribosomal protein S27,0.40230353969141536,0,0,,,,0.024317231904464845,0.35662500043083967,,0.5720621415978412
ENSG00000071243,Q9NXR8,ING3,inhibitor of growth family member 3,0.4022551619305217,0,0,,,,,,,0.6616791968935648
ENSG00000091140,P09622,DLD,dihydrolipoamide dehydrogenase,0.40225037300899147,0,0,,0.08390371297408633,,0.43837159912566726,,,0.6378882125700222
ENSG00000115828,Q16769,QPCT,glutaminyl-peptide cyclotransferase,0.40202174683325814,0,0,,,,0.18189783559216827,,,0.6522003550028901
ENSG00000162736,Q92542,NCSTN,nicastrin,0.40164728247453196,3,6,0.6432229884302734,,,0.3491258583272179,,,
ENSG00000166912,Q9NXD2,MTMR10,myotubularin related protein 10,0.39776254823838997,0,0,,0.02049439567848339,,,,,0.6532644687241765
ENSG00000160191,O76083,PDE9A,phosphodiesterase 9A,0.39744981997395007,4,6,0.16929184016823612,,,0.20985145512165096,0.42769701875551597,,0.5254171719184872
ENSG00000118260,P16220,CREB1,cAMP responsive element binding protein 1,0.39744349325114775,0,0,,,,0.9166713933860211,,,0.607930797611621
ENSG00000205155,Q9NZ42,PSENEN,"presenilin enhancer, gamma-secretase subunit",0.3968620176986445,3,6,0.6432229884302734,,,0.19169791440046377,,,
ENSG00000172977,Q92993,KAT5,lysine acetyltransferase 5,0.3967253323639054,0,0,,,,0.9044339943352214,,,0.6073613474368311
ENSG00000120162,Q86TA1,MOB3B,MOB kinase activator 3B,0.3963097077011674,0,0,,,,,0.6518993761430579,,
ENSG00000168038,Q96C45,ULK4,unc-51 like kinase 4,0.3951390149018024,0,0,,,,0.1291852944924695,0.6435144106578146,,
ENSG00000164181,A1L3X0,ELOVL7,ELOVL fatty acid elongase 7,0.39480400841714075,0,0,,0.04151741033287864,,0.030396539880581056,0.6466712659725942,,
ENSG00000140009,Q92731,ESR2,estrogen receptor 2,0.3946154925266373,4,27,0.5634795628299643,,,0.6956007955260584,0.28070065016748114,,
ENSG00000163288,P18505,GABRB1,gamma-aminobutyric acid type A receptor subunit beta1,0.39378770689657805,4,28,0.13678442946261474,0.012777392385081424,,0.09265277190806971,0.03927233301881285,,0.607930797611621
ENSG00000204256,P25440,BRD2,bromodomain containing 2,0.3931594154812037,3,6,,0.013777029209978064,,0.7696086167278018,,,0.607930797611621
ENSG00000173039,Q04206,RELA,"RELA proto-oncogene, NF-kB subunit",0.3927376714511472,3,1,,,,0.7618570027189131,,,0.607930797611621
ENSG00000156467,P14927,UQCRB,ubiquinol-cytochrome c reductase binding protein,0.39247438755904596,0,0,,,,0.0766900240117652,,,0.6417560645364345
ENSG00000060566,Q68CJ9,CREB3L3,cAMP responsive element binding protein 3 like 3,0.3913314553340502,0,0,,,,0.1291852944924695,,,0.6372512642886703
ENSG00000178950,O14976,GAK,cyclin G associated kinase,0.391070804672794,0,0,,,,0.07480926203943004,0.3908879428915003,,0.5438973646993447
ENSG00000274286,P18089,ADRA2B,adrenoceptor alpha 2B,0.3909728145438073,4,51,0.4460270053310262,,,0.14131806695153254,,,0.5284734393254834
ENSG00000174469,Q9UHC6,CNTNAP2,contactin associated protein 2,0.3885435549404026,0,0,,0.009227272432312071,,0.12508600424528515,0.6225329338008454,0.27393361740379646,
ENSG00000177606,P05412,JUN,"Jun proto-oncogene, AP-1 transcription factor subunit",0.38825398416868645,0,0,,,,0.6143505003316082,,,0.607930797611621
ENSG00000160789,P02545,LMNA,lamin A/C,0.388098957786051,0,0,,,,0.609250367775585,,,0.607930797611621
ENSG00000184588,Q07343,PDE4B,phosphodiesterase 4B,0.3875325760997273,4,28,,,,0.4389506895303587,0.615514126656998,,
ENSG00000118113,P22894,MMP8,matrix metallopeptidase 8,0.3873987814472047,4,6,0.6058199267865807,,,0.6284330460595706,,,
ENSG00000102870,Q9UEG4,ZNF629,zinc finger protein 629,0.3873888470785948,0,0,,,,0.5858888039184454,,,0.607930797611621
ENSG00000213380,Q96MW5,COG8,component of oligomeric golgi complex 8,0.3873044681666114,0,0,,,,,,,0.6370864409044833
ENSG00000100300,P30536,TSPO,translocator protein,0.3872654307276312,2,2,,,,0.9615773354935518,,,0.5889433605069171
ENSG00000117450,Q06830,PRDX1,peroxiredoxin 1,0.3871005489038768,0,0,,0.07179946093394554,,0.5444933602715213,,,0.607930797611621
ENSG00000162909,P17655,CAPN2,calpain 2,0.38656869601083543,0,0,,0.01552774957516793,,0.5520058572880444,,,0.607930797611621
ENSG00000127022,P27824,CANX,calnexin,0.3863581197127184,0,0,,,,0.17032645861199716,0.31418696207982866,,0.5531979966234456
ENSG00000174672,Q8IWQ3,BRSK2,BR serine/threonine kinase 2,0.38586568176717545,0,0,,0.06897713587358298,,0.07252952154838646,0.3535043267653216,,0.5438696834936553
ENSG00000173145,Q8WTT2,NOC3L,NOC3 like DNA replication regulator,0.38563381930839064,0,0,,,,,,,0.6343383503902599
ENSG00000196924,P21333,FLNA,filamin A,0.38487064801462684,3,1,0.5984941711277764,,,0.6917764086841106,,,
ENSG00000135047,P07711,CTSL,cathepsin L,0.38453755925951255,0,0,,,,0.49208576481320465,,,0.607930797611621
ENSG00000095303,P23219,PTGS1,prostaglandin-endoperoxide synthase 1,0.38445937216672926,4,60,0.5921831843088629,,,0.8044657942555665,,,
ENSG00000177169,O75385,ULK1,unc-51 like autophagy activating kinase 1,0.38429608642903595,0,0,,,,0.4841416754061447,,,0.607930797611621
ENSG00000132670,P18433,PTPRA,protein tyrosine phosphatase receptor type A,0.3829209743672031,0,0,,0.07100502563277662,,0.40734478773220445,,,0.607930797611621
ENSG00000106261,P17029,ZKSCAN1,zinc finger with KRAB and SCAN domains 1,0.38277305517603344,0,0,,,,0.2267919614423353,,,0.6182930125471094
ENSG00000175592,P15407,FOSL1,"FOS like 1, AP-1 transcription factor subunit",0.3823325823443008,0,0,,,,0.41954537291746585,,,0.607930797611621
ENSG00000120053,P17174,GOT1,glutamic-oxaloacetic transaminase 1,0.38196173428001484,0,0,,0.09118711180958405,,0.829616366619508,,,0.5847908507579772
ENSG00000196611,P03956,MMP1,matrix metallopeptidase 1,0.38137110876138813,4,6,0.6058199267865807,,,0.43013176869387515,,,
ENSG00000113580,P04150,NR3C1,nuclear receptor subfamily 3 group C member 1,0.38121277124644504,4,65,0.4559480982087158,,,0.6608232464439199,,,0.4983940764479856
ENSG00000138378,Q14765,STAT4,signal transducer and activator of transcription 4,0.38120849892980757,0,0,,0.13559657589133514,,0.3222995908428525,,,0.607930797611621
ENSG00000153113,B7Z468,CAST,calpastatin,0.38074099568830033,0,0,,,,0.3671845890172818,,,0.607930797611621
ENSG00000310517,P20810,CAST,calpastatin ,0.38074099568830033,0,0,,,,0.3671845890172818,,,0.607930797611621
ENSG00000108091,Q16204,CCDC6,coiled-coil domain containing 6,0.3797645488236105,4,2,,0.02747095701668056,,0.10268094765911878,0.6189393330202717,,
ENSG00000086991,Q9NPH5,NOX4,NADPH oxidase 4,0.3789708463025947,2,1,,,,0.8490583211129804,0.5809253496802838,,
ENSG00000014216,P07384,CAPN1,calpain 1,0.37892901503134113,0,0,,,,0.30757317718955407,,,0.607930797611621
ENSG00000112742,P33981,TTK,TTK protein kinase,0.3779085514517349,1,2,,,,0.09051414097773025,,,0.6171051643207249
ENSG00000072310,P36956,SREBF1,sterol regulatory element binding transcription factor 1,0.37770401889354355,0,0,,,,0.267272664611143,,,0.607930797611621
ENSG00000131042,Q8N423,LILRB2,leukocyte immunoglobulin like receptor B2,0.37722729002771294,0,0,,,,0.38069810760132033,0.6014753426773223,,
ENSG00000067057,Q01813,PFKP,"phosphofructokinase, platelet",0.3772270607082932,0,0,,,,0.11691408180821114,0.27132417120673036,,0.5500807373358241
ENSG00000164045,P30304,CDC25A,cell division cycle 25A,0.3769139126634551,0,0,,,,0.24127936954556792,,,0.607930797611621
ENSG00000128463,Q5J8M3,EMC4,ER membrane protein complex subunit 4,0.3768973652072784,0,0,,0.033033367736202024,,0.030396539880581056,,,0.6176403997291654
ENSG00000181830,Q96A29,SLC35C1,solute carrier family 35 member C1,0.3764384599260527,0,0,,,,,0.047404507582860696,,0.6073615555427584
ENSG00000100596,O15270,SPTLC2,serine palmitoyltransferase long chain base subunit 2,0.37642395557408,0,0,,,,0.225160525384357,,,0.607930797611621
ENSG00000086062,P15291,B4GALT1,"beta-1,4-galactosyltransferase 1",0.37613029829524053,0,0,,,,0.21549964687669945,,,0.607930797611621
ENSG00000068366,O60488,ACSL4,acyl-CoA synthetase long chain family member 4,0.3760934087832802,0,0,,,,0.21428603795590645,,,0.607930797611621
ENSG00000151092,Q96IV0,NGLY1,N-glycanase 1,0.37605214874739673,0,0,,0.026054831396424442,,0.21273356174756658,,,0.6073615555427584
ENSG00000120910,P48454,PPP3CC,protein phosphatase 3 catalytic subunit gamma,0.3743120558690417,0,0,,,,0.13678849611987767,,,0.6088754844231523
ENSG00000261371,P16284,PECAM1,platelet and endothelial cell adhesion molecule 1,0.37370793154252885,0,0,,0.07901974434539698,,0.853483214087199,0.4571294479549272,,0.48048476814563496
ENSG00000164916,P85037,FOXK1,forkhead box K1,0.37355786124177526,0,0,,,,0.21591469768927446,,,0.6036785814511665
ENSG00000113368,P20700,LMNB1,lamin B1,0.3734388983292287,0,0,,,,0.12695667532186125,,,0.607930797611621
ENSG00000165304,Q14680,MELK,maternal embryonic leucine zipper kinase,0.3731155122911659,0,0,,,,0.07751117669548169,0.6098711270660316,,
ENSG00000151490,Q16827,PTPRO,protein tyrosine phosphatase receptor type O,0.37304338810610693,0,0,,0.04436036099485229,,0.09422927362980128,,,0.607930797611621
ENSG00000108384,O43502,RAD51C,RAD51 paralog C,0.3729372959513634,0,0,,0.04372642997738966,,0.09102074997573993,,,0.607930797611621
ENSG00000077150,Q00653,NFKB2,nuclear factor kappa B subunit 2,0.3729301522311896,3,1,,,,0.1102197013097604,,,0.607930797611621
ENSG00000164896,Q14296,FASTK,Fas activated serine/threonine kinase,0.3729016225697163,0,0,,,,,,,0.6133948535503312
ENSG00000126247,P04632,CAPNS1,calpain small subunit 1,0.37283306456448567,0,0,,0.07755753253506738,,0.06630329696284744,,,0.607930797611621
ENSG00000165264,O95139,NDUFB6,NADH:ubiquinone oxidoreductase subunit B6,0.3728326796236908,4,3,,0.03682598961077898,,0.09064589405731807,,,0.607930797611621
ENSG00000172273,Q9BQA5,HINFP,histone H4 transcription factor,0.37271614417881177,0,0,,,,0.11738637092882391,,,0.6072204371348014
ENSG00000137745,P45452,MMP13,matrix metallopeptidase 13,0.3726687441877491,4,7,0.6058199267865807,,,0.14383719017184596,,,
ENSG00000167110,Q08379,GOLGA2,golgin A2,0.37264457095266273,0,0,,0.04941534807936593,,0.0788621340235075,,,0.607930797611621
ENSG00000169136,Q9Y2D1,ATF5,activating transcription factor 5,0.3726442876464624,0,0,,,,0.10081519060392716,,,0.607930797611621
ENSG00000137673,P09237,MMP7,matrix metallopeptidase 7,0.37220900786307926,4,5,0.6058199267865807,,,0.12871256327431002,,,
ENSG00000136451,Q14119,VEZF1,vascular endothelial zinc finger 1,0.37216691366749466,0,0,,,,0.08511031166562696,,,0.607930797611621
ENSG00000158402,P30307,CDC25C,cell division cycle 25C,0.3720002916069885,0,0,,,,0.07962869891757074,,,0.607930797611621
ENSG00000151612,Q17R98,ZNF827,zinc finger protein 827,0.37181940482518555,0,0,,0.07367779850214327,,,,,0.607930797611621
ENSG00000069431,O60706,ABCC9,ATP binding cassette subfamily C member 9,0.37166592292822664,4,2,,,,0.06862847717932474,,,0.607930797611621
ENSG00000141959,P17858,PFKL,"phosphofructokinase, liver type",0.3716343593630011,0,0,,,,0.06759008381779204,,,0.607930797611621
ENSG00000100599,Q8TB24,RIN3,Ras and Rab interactor 3,0.371527069414971,0,0,,,,0.7645500441162629,0.5729063157790465,,
ENSG00000256812,Q96L46,CAPNS2,calpain small subunit 2,0.3714277539581253,0,0,,,,0.06079307976116211,,,0.607930797611621
ENSG00000136504,O95251,KAT7,lysine acetyltransferase 7,0.3712573509717376,0,0,,,,0.6309815070210617,,,0.5791410762752457
ENSG00000112983,Q9H0E9,BRD8,bromodomain containing 8,0.37107357326405244,0,0,,,,0.04914107280693938,,,0.607930797611621
ENSG00000111725,Q9Y478,PRKAB1,protein kinase AMP-activated non-catalytic subunit beta 1,0.37106907558248725,3,1,,,,0.8774125630807048,,,0.566509824753281
ENSG00000096401,Q99459,CDC5L,cell division cycle 5 like,0.37083745280133723,0,0,,,,0.04137306817079087,,,0.607930797611621
ENSG00000103811,P09668,CTSH,cathepsin H,0.3705977918973999,0,0,,0.017683290537924133,,0.42007822353798546,,,0.5882083538425265
ENSG00000123643,Q7Z2H8,SLC36A1,solute carrier family 36 member 1,0.37022661943040003,0,0,,,,0.021277577916406734,,,0.607930797611621
ENSG00000013293,Q8TBB6,SLC7A14,solute carrier family 7 member 14,0.3700447002351396,0,0,,0.07599459700790363,,0.030396539880581056,0.39754940950761153,,0.5072393552971188
ENSG00000115844,Q07687,DLX2,distal-less homeobox 2,0.36994943453938645,0,0,,,,0.012158615952232422,,,0.607930797611621
ENSG00000140990,O96000,NDUFB10,NADH:ubiquinone oxidoreductase subunit B10,0.36994943453938645,4,3,,,,0.012158615952232422,,,0.607930797611621
ENSG00000065615,Q7L1T6,CYB5R4,cytochrome b5 reductase 4,0.36960337475442867,0,0,,,,0.012158615952232422,,,0.6073615555427584
ENSG00000263001,P78347,GTF2I,general transcription factor IIi,0.3695798546847018,0,0,,,,,,,0.607930797611621
ENSG00000143748,O15381,NVL,nuclear VCP like,0.3695798546847018,0,0,,,,,,,0.607930797611621
ENSG00000137411,Q5ST30,VARS2,"valyl-tRNA synthetase 2, mitochondrial",0.3695798546847018,0,0,,,,,,,0.607930797611621
ENSG00000104980,O43615,TIMM44,translocase of inner mitochondrial membrane 44,0.3695798546847018,0,0,,,,,,,0.607930797611621
ENSG00000159792,P11801,PSKH1,protein serine kinase H1,0.3695798546847018,0,0,,,,,,,0.607930797611621
ENSG00000154832,Q9P0U4,CXXC1,CXXC finger protein 1,0.3695798546847018,0,0,,,,,,,0.607930797611621
ENSG00000153046,Q9Y232,CDYL,chromodomain Y like,0.3695798546847018,0,0,,,,,,,0.607930797611621
ENSG00000144161,Q8N5P1,ZC3H8,zinc finger CCCH-type containing 8,0.3695798546847018,0,0,,,,,,,0.607930797611621
ENSG00000065559,P45985,MAP2K4,mitogen-activated protein kinase kinase 4,0.3693919607558185,0,0,,0.07503764079957674,,0.17236943075476918,,,0.5973357516993589
ENSG00000149177,Q12913,PTPRJ,protein tyrosine phosphatase receptor type J,0.36934139550739203,0,0,,0.05498167589045662,,0.030396539880581056,,,0.6041139879133557
ENSG00000115648,Q9BV36,MLPH,melanophilin,0.369233794899744,0,0,,,,,,,0.6073615555427584
ENSG00000105568,P30153,PPP2R1A,protein phosphatase 2 scaffold subunit Aalpha,0.3691090733936485,0,0,,0.0362152064650724,,0.10953393145967383,,,0.6008749191968479
ENSG00000196950,Q9ULF5,SLC39A10,solute carrier family 39 member 10,0.3690531928092463,0,0,,0.08799944758081898,,0.0805508306835398,,,0.6008744879788914
ENSG00000105426,Q13332,PTPRS,protein tyrosine phosphatase receptor type S,0.3686359059023414,0,0,,,,0.6597827818836888,0.24544771272520322,,0.5303543057628811
ENSG00000186868,P10636,MAPT,microtubule associated protein tau,0.3682509391404079,2,6,0.18126327926552357,,,0.9991651782559282,0.4577697654943457,,
ENSG00000116906,O15228,GNPAT,glyceronephosphate O-acyltransferase,0.36800434049281233,0,0,,,,0.02870784322054877,,0.27733802987042155,0.5908343428345535
ENSG00000076984,O14733,MAP2K7,mitogen-activated protein kinase kinase 7,0.3679099144313628,0,0,,,,0.2796526713524906,,,0.5912012391309971
ENSG00000100151,Q9NRD5,PICK1,protein interacting with PRKCA 1,0.3679023221387813,0,0,,,,0.40759869539147425,,,0.5847914491842577
ENSG00000187116,A6NI73,LILRA5,leukocyte immunoglobulin like receptor A5,0.3677376416734024,0,0,,,,0.037995674850726316,0.6030007133504454,,
ENSG00000091831,P03372,ESR1,estrogen receptor 1,0.3676679269493006,4,40,0.5579116025414649,,,0.9374843824804919,,,
ENSG00000188778,P13945,ADRB3,adrenoceptor beta 3,0.3676589212081444,4,24,,,,0.5907665420417035,,,0.5752326808030362
ENSG00000175489,Q8N386,LRRC25,leucine rich repeat containing 25,0.3662152921883535,0,0,,,,0.6737697029929596,0.5687078626371467,,
ENSG00000133030,Q6WCQ1,MPRIP,myosin phosphatase Rho interacting protein,0.3660650889854486,0,0,,0.030681819757237848,,0.19005848395539168,0.11457357763724614,,0.5688988359014587
ENSG00000066855,Q15390,MTFR1,mitochondrial fission regulator 1,0.3660499962091249,0,0,,,,,,,0.6021244484523999
ENSG00000144579,Q9GZU7,CTDSP1,CTD small phosphatase 1,0.3656350097459279,0,0,,,,0.07599134970145263,,,0.5976422597465776
ENSG00000115355,Q3V6T2,CCDC88A,coiled-coil and HOOK domain protein 88A,0.3648508704560153,0,0,,0.08211354975249874,,0.20669647118795118,,,0.5879924085324194
ENSG00000132313,Q9NZE8,MRPL35,mitochondrial ribosomal protein L35,0.3633252739296935,0,0,,,,,,,0.5976424871993493
ENSG00000196154,P26447,S100A4,S100 calcium binding protein A4,0.3631888940150644,0,0,,0.010865506578458884,,0.31159141352933284,,,0.5815971262173243
ENSG00000129351,Q12906,ILF3,interleukin enhancer binding factor 3,0.36308865290605646,0,0,,,,0.03343619386863916,,,0.5955814538894028
ENSG00000168874,Q96SQ7,ATOH8,atonal bHLH transcription factor 8,0.3627050559718277,0,0,,,,,,,0.5966222757537334
ENSG00000084674,P04114,APOB,apolipoprotein B,0.36236506997480916,4,2,,,,0.8750388557324885,0.5523110818182049,,
ENSG00000166926,Q96DS6,MS4A6E,membrane spanning 4-domains A6E,0.3623354190758103,0,0,,,,0.03782680518472309,0.5941229108682247,,
ENSG00000148429,Q92738,USP6NL,USP6 N-terminal like,0.36232403463363744,0,0,,,,0.13720490754938267,0.5891352792070734,,
ENSG00000131174,P24311,COX7B,cytochrome c oxidase subunit 7B,0.3618762352287269,0,0,,,,0.08114187451455109,,,0.5912018348405349
ENSG00000163686,Q9BV23,ABHD6,"abhydrolase domain containing 6, acylglycerol lipase",0.3616370508185793,0,0,,,,0.13746159682328768,,,0.5879924085324194
ENSG00000113721,P09619,PDGFRB,platelet derived growth factor receptor beta,0.3609462691243731,4,43,0.5492485886754993,,,0.8896123252862395,,,
ENSG00000123992,Q9ULA0,DNPEP,aspartyl aminopeptidase,0.36022826924137974,2,1,,,,,,,0.5925481496522453
ENSG00000188906,Q5S007,LRRK2,leucine rich repeat kinase 2,0.3596948521348461,0,0,,,,0.6305890821527539,0.04204320729242083,,0.5554697974314395
ENSG00000112164,P43220,GLP1R,glucagon like peptide 1 receptor,0.35968938645708004,4,15,0.5454490211904267,,,0.9242541440137393,,,
ENSG00000115946,Q9NRX1,PNO1,partner of NOB1 homolog,0.3596343700360911,0,0,,,,0.5243875237886874,,,0.56535185436672
ENSG00000185009,Q9Y2T2,AP3M1,adaptor related protein complex 3 subunit mu 1,0.35940956596012497,0,0,,,,,,,0.5912014449212608
ENSG00000156873,P15735,PHKG2,phosphorylase kinase catalytic subunit gamma 2,0.35940944085388576,0,0,,,,,,,0.5912012391309971
ENSG00000005379,O95153,TSPOAP1,TSPO associated protein 1,0.35917897705342566,0,0,,,,0.11798461124359715,0.5849229131168915,,
ENSG00000197361,Q6P050,FBXL22,F-box and leucine rich repeat protein 22,0.3589568461539808,0,0,,,,,0.5904567552165728,,
ENSG00000213639,P62140,PPP1CB,protein phosphatase 1 catalytic subunit beta,0.35879411348743556,0,0,,,,0.043925242149876004,,,0.5879928102294082
ENSG00000068078,P22607,FGFR3,fibroblast growth factor receptor 3,0.3587573017914237,4,22,0.5454490211904267,0.05280835477883369,,0.8701195941335367,,,
ENSG00000170836,O15297,PPM1D,"protein phosphatase, Mg2+/Mn2+ dependent 1D",0.35773911216803983,0,0,,,,0.17022062333125393,0.49308915880987475,,0.3663273437906858
ENSG00000126856,Q9NQW5,PRDM7,PR/SET domain 7,0.3576367861416106,0,0,,,,0.076742819715167,0.5844482157467167,,
ENSG00000164256,Q9NQV7,PRDM9,PR/SET domain 9,0.35737557651646956,0,0,,,,0.07671071068460876,0.5840201511993447,,
ENSG00000130208,P02654,APOC1,apolipoprotein C1,0.35651211897885987,0,0,,,,0.8298983176493941,0.5449404487667465,,
ENSG00000130204,O96008,TOMM40,translocase of outer mitochondrial membrane 40,0.3562702855098226,0,0,,,,0.8052352043458736,0.5457758067385217,,
ENSG00000123374,P24941,CDK2,cyclin dependent kinase 2,0.3561315566014753,3,14,,,,0.23156438908390978,,,0.5742311489815048
ENSG00000168538,Q7Z392,TRAPPC11,trafficking protein particle complex subunit 11,0.3558960059418849,0,0,,0.012617173857852276,,,,,0.5847910467938737
ENSG00000135346,P01215,CGA,"glycoprotein hormones, alpha polypeptide",0.3558553741185899,0,0,,,,0.7676794497958582,,,0.5469710967329536
ENSG00000196367,Q9Y4A5,TRRAP,transformation/transcription domain associated protein,0.3553036741543036,0,0,,,,0.7495175826216057,,,0.5469716855427047
ENSG00000160712,P08887,IL6R,interleukin 6 receptor,0.3548961753059121,4,5,,,,0.41394048108199516,0.5630802359567327,,
ENSG00000165629,P36542,ATP5F1C,ATP synthase F1 subunit gamma,0.35489177406450473,0,0,,0.11822433318737127,,0.10909149293474533,0.5754345482449988,,
ENSG00000136950,Q9BPX5,ARPC5L,actin related protein 2/3 complex subunit 5 like,0.3542942176554161,0,0,,0.02379475207275218,,,,,0.5815973477806404
ENSG00000105647,O00459,PIK3R2,phosphoinositide-3-kinase regulatory subunit 2,0.3537397425855842,3,22,,,,0.0269960581330524,,,0.5805252130907639
ENSG00000186318,P56817,BACE1,beta-secretase 1,0.35367790862990917,3,4,0.5324107135989551,,,0.9872518047324006,,,
ENSG00000168243,P50150,GNG4,G protein subunit gamma 4,0.353653976663281,0,0,,,,0.012158615952232422,,,0.5811260067700887
ENSG00000143437,P27540,ARNT,aryl hydrocarbon receptor nuclear translocator,0.3536173540683,0,0,,,,0.041519700735745416,,,0.5795977111430365
ENSG00000141837,O00555,CACNA1A,calcium voltage-gated channel subunit alpha1 A,0.35358002768844043,4,6,,0.011990973448770578,,0.33235845815541143,,0.4799185820152829,0.5500807373358241
ENSG00000140836,Q15911,ZFHX3,zinc finger homeobox 3,0.35333765816195545,0,0,,0.12607087829013,,0.14543055636198005,0.5711405147608517,,
ENSG00000115042,Q96GK7,FAHD2A,fumarylacetoacetate hydrolase domain containing 2A,0.3532027959516248,0,0,,,,0.030396539880581056,,,0.5794719525625476
ENSG00000149968,P08254,MMP3,matrix metallopeptidase 3,0.3531223299900472,3,2,,,,0.6016132826690701,0.5507787550263581,,
ENSG00000140455,Q9Y6I4,USP3,ubiquitin specific peptidase 3,0.35273950324061304,0,0,,,,0.11704863159681747,0.5743772666463741,,
ENSG00000146555,Q7Z5N4,SDK1,sidekick cell adhesion molecule 1,0.35232699574312776,0,0,,,,0.021277577916406734,0.578487275820005,,
ENSG00000089225,Q99593,TBX5,T-box transcription factor 5,0.35207431795481947,0,0,,,,0.0697431720593332,0.5756483603376998,,
ENSG00000029725,Q15276,RABEP1,"rabaptin, RAB GTPase binding effector protein 1",0.35179399895922775,0,0,,0.0953279967108872,,0.3533901652700552,0.5588865072879975,,
ENSG00000171475,Q8TF74,WIPF2,WAS/WASL interacting protein family member 2,0.3516340309260151,0,0,,,,,,,0.578411280210643
ENSG00000130227,Q9UIA9,XPO7,exportin 7,0.3509544943990913,0,0,,,,,,,0.5772934942231697
ENSG00000054282,Q86SQ7,SDCCAG8,SHH signaling and ciliogenesis regulator SDCCAG8,0.3509162186900488,0,0,,,,,0.5772305335881881,,
ENSG00000123595,P51151,RAB9A,"RAB9A, member RAS oncogene family",0.3507298818928321,0,0,,0.008107531777078082,,0.09363822979878995,,,0.5720619448431341
ENSG00000131446,P26572,MGAT1,"alpha-1,3-mannosyl-glycoprotein 2-beta-N-acetylglucosaminyltransferase",0.3501686449018109,0,0,,,,0.20514884479289877,,,0.5657433892324882
ENSG00000182578,P07333,CSF1R,colony stimulating factor 1 receptor,0.34976224902003855,4,20,,,,0.5638924651011723,0.547137717850459,,
ENSG00000174173,Q7L0Y3,TRMT10C,"tRNA methyltransferase 10C, mitochondrial RNase P subunit",0.3497310473358956,0,0,,0.03592915945859362,,0.17478010431334107,,,0.5657435857229295
ENSG00000065526,Q96T58,SPEN,spen family transcriptional repressor,0.34958765187248425,0,0,,,,0.0820618714769193,0.37679933204551613,,0.4790217119001831
ENSG00000153904,O94760,DDAH1,dimethylarginine dimethylaminohydrolase 1,0.3495468182550756,0,0,,,,0.18733865732953284,0.5656110409890032,,
ENSG00000088367,Q9H4G0,EPB41L1,erythrocyte membrane protein band 4.1 like 1,0.34947613254969834,0,0,,,,,0.574861701237519,,
ENSG00000176974,P34896,SHMT1,serine hydroxymethyltransferase 1,0.3494039797522333,0,0,,,,0.11688358926031925,,,0.5688988359014587
ENSG00000008118,Q96NX5,CAMK1G,calcium/calmodulin dependent protein kinase IG,0.34895963913720496,0,0,,0.03359944968349924,,0.012158615952232422,,,0.5720619448431341
ENSG00000146674,P17936,IGFBP3,insulin like growth factor binding protein 3,0.34889396460472044,0,0,,,,0.8542397687099536,0.5311920907383504,,
ENSG00000102575,P13686,ACP5,"acid phosphatase 5, tartrate resistant",0.3484203120971478,0,0,,,,0.745670241130592,0.36267415467390857,,0.4658859682934161
ENSG00000241553,P59998,ARPC4,actin related protein 2/3 complex subunit 4,0.3482020615899742,0,0,,,,0.07734230702947845,,,0.5688988359014587
ENSG00000198453,Q3ZCX4,ZNF568,zinc finger protein 568,0.3479517922309904,0,0,,,,,0.572354277161133,,
ENSG00000148143,Q96JM2,ZNF462,zinc finger protein 462,0.34786892955397697,0,0,,0.06912557447718794,,,,,0.5687616956256065
ENSG00000113282,Q14677,CLINT1,clathrin interactor 1,0.34759618773485396,0,0,,,,0.0704186507233461,0.49812321177724384,,0.2883250563397348
ENSG00000203879,P31150,GDI1,GDP dissociation inhibitor 1,0.34720628107021406,0,0,,,,0.358587892929895,,,0.5531985732641359
ENSG00000173198,Q9Y271,CYSLTR1,cysteinyl leukotriene receptor 1,0.3469607916050339,4,4,0.15198269940290526,,,0.4661991539766813,,,0.5223685003309778
ENSG00000152266,P01270,PTH,parathyroid hormone,0.3463095452476828,0,0,,,,0.39143178381551225,,,0.5500813163837237
ENSG00000177374,Q14526,HIC1,HIC ZBTB transcriptional repressor 1,0.3461373311272977,0,0,,,,0.012158615952232422,,,0.5687616956256065
ENSG00000112685,Q96KP1,EXOC2,exocyst complex component 2,0.34577058247854797,0,0,,,,0.06045534042915565,,,0.5657435857229295
ENSG00000161929,Q6UWF3,SCIMP,SLP adaptor and CSK interacting membrane protein,0.345610296771423,0,0,,,,0.04555750340996372,0.5662248197566595,,
ENSG00000105664,P49747,COMP,cartilage oligomeric matrix protein,0.34553109134175114,0,0,,,,0.42802622553415515,,,0.5469710967329536
ENSG00000164258,O43181,NDUFS4,NADH:ubiquinone oxidoreductase subunit S4,0.34551067353020387,4,3,,0.024049083571671466,,0.4166660289545959,,,0.5469710967329536
ENSG00000116199,O75063,FAM20B,FAM20B glycosaminoglycan xylosylkinase,0.3450893390042495,0,0,,0.02104110117126057,,0.012158615952232422,0.5663235124339282,,
ENSG00000105737,Q16478,GRIK5,glutamate ionotropic receptor kainate type subunit 5,0.3448208192117117,4,3,,,,,0.3351082092461761,,0.4834270119773683
ENSG00000138600,Q8TCT8,SPPL2A,signal peptide peptidase like 2A,0.3446472919894155,0,0,,,,0.22320793823395874,0.5557582282729975,,
ENSG00000147862,O00712,NFIB,nuclear factor I B,0.3444102444590619,0,0,,0.014592915290968815,,0.3591174285523665,,,0.5482485415629336
ENSG00000088538,Q8IZD9,DOCK3,dedicator of cytokinesis 3,0.3439066345804821,0,0,,,,0.16310000608081066,0.5575452996833739,,
ENSG00000170442,O43790,KRT86,keratin 86,0.3438370700217122,0,0,,,,,,,0.5655858715704906
ENSG00000117408,O94829,IPO13,importin 13,0.34360797855158093,0,0,,,,,,,0.5652090334977505
ENSG00000189171,Q99584,S100A13,S100 calcium binding protein A13,0.3434498937928436,0,0,,,,0.1725223168788779,,,0.5563228802295498
ENSG00000149485,O60427,FADS1,fatty acid desaturase 1,0.3431313549099002,0,0,,,,0.12082144123526936,0.28962213808202913,,0.4893345683618506
ENSG00000013364,Q14764,MVP,major vault protein,0.3430168282568056,0,0,,,,0.4073466207145259,,,0.5438693051149942
ENSG00000157404,P10721,KIT,"KIT proto-oncogene, receptor tyrosine kinase",0.34300133689632795,4,37,0.5492485886754993,,,0.29925130727085186,,,
ENSG00000149357,Q6IAA8,LAMTOR1,"late endosomal/lysosomal adaptor, MAPK and MTOR activator 1",0.3427122666203425,0,0,,,,0.02279740491043579,,,0.5625957851395268
ENSG00000105974,Q03135,CAV1,caveolin 1,0.34228678051745615,0,0,,0.036519329322789805,,0.504423067154907,0.5370030690449171,,
ENSG00000161281,P24310,COX7A1,cytochrome c oxidase subunit 7A1,0.34148762148038725,0,0,,0.038210358581832145,,0.21581543315212548,,,0.5500813163837237
ENSG00000168067,Q12851,MAP4K2,mitogen-activated protein kinase kinase kinase kinase 2,0.3412192820862916,0,0,,,,0.03647584785669726,,,0.5594560168006465
ENSG00000058272,O14974,PPP1R12A,protein phosphatase 1 regulatory subunit 12A,0.34118606344635777,0,0,,0.020267661779057394,,0.037995674850726316,,,0.5588749908266692
ENSG00000132744,Q96HD9,ACY3,aminoacylase 3,0.3404797548023816,0,0,,,,0.012158615952232422,,,0.5594554121684383
ENSG00000170425,P29275,ADORA2B,adenosine A2b receptor,0.34025084359620683,4,8,0.44750461490855437,,,0.1290805952995475,,,0.4372549153278103
ENSG00000155093,Q92932,PTPRN2,protein tyrosine phosphatase receptor type N2,0.3401738672774027,0,0,,0.04798175954176312,,0.15660352679052994,0.5506637435517714,,
ENSG00000163545,Q9H093,NUAK2,NUAK family kinase 2,0.3401101749476969,0,0,,,,,,,0.5594554121684383
ENSG00000099822,Q9UL51,HCN2,hyperpolarization activated cyclic nucleotide gated potassium and sodium channel 2,0.3400468562715583,0,0,,,,0.6175563685738051,,,0.5284734393254834
ENSG00000205629,Q9UIC8,LCMT1,leucine carboxyl methyltransferase 1,0.3398218815706755,0,0,,,,0.30223015921186264,,,0.5438696834936553
ENSG00000120029,Q5T2E6,ARMH3,armadillo like helical domain containing 3,0.33961783402133644,0,0,,,,0.03343619386863916,0.556973739036117,,
ENSG00000174279,Q03828,EVX2,even-skipped homeobox 2,0.3395075925815459,0,0,,,,,,,0.558464209932068
ENSG00000272333,Q9UMN6,KMT2B,lysine methyltransferase 2B,0.33872309980986476,0,0,,,,0.042477372396860565,,,0.555049910271779
ENSG00000137265,Q15306,IRF4,interferon regulatory factor 4,0.33868674790688985,0,0,,,,0.177308824172148,,,0.5482485415629336
ENSG00000138801,O43252,PAPSS1,3'-phosphoadenosine 5'-phosphosulfate synthase 1,0.3386840366563467,0,0,,0.0340186583925997,,0.12544472800090656,,,0.5500813163837237
ENSG00000132470,P16144,ITGB4,integrin subunit beta 4,0.3386400752636963,0,0,,0.012270331535468075,,0.13367216151817524,,,0.550080927707456
ENSG00000010361,Q9BT04,FUZ,fuzzy planar cell polarity protein,0.33857551349890586,0,0,,,,0.012158615952232422,,,0.5563230798191694
ENSG00000188290,Q9HCC6,HES4,hes family bHLH transcription factor 4,0.3383062914097251,0,0,,,,0.23253353008644506,,,0.5448614842186247
ENSG00000136371,P49914,MTHFS,methenyltetrahydrofolate synthetase,0.3382059336442212,0,0,,,,,,,0.5563230798191694
ENSG00000150630,P49767,VEGFC,vascular endothelial growth factor C,0.3381512479087822,3,1,,,,0.31692119706840205,0.5403870660834097,,
ENSG00000185129,Q00577,PURA,purine rich element binding protein A,0.33797836889597554,0,0,,,,0.4238801892057277,,,0.5347547436277161
ENSG00000055609,Q8NEZ4,KMT2C,lysine methyltransferase 2C,0.33694421564736216,0,0,,,,0.17933958529542823,0.5452806702557259,,
ENSG00000137198,P36959,GMPR,guanosine monophosphate reductase,0.3368334786123497,0,0,,0.01233369872844113,,0.693754050670775,0.5191037107790042,,
ENSG00000204435,P67870,CSNK2B,casein kinase 2 beta,0.3368264751097014,0,0,,,,0.07945317785451882,,,0.5500813163837237
ENSG00000144218,P51826,AFF3,ALF transcription elongation factor 3,0.3366885704172154,0,0,,0.010219569015539732,,0.07447152270742358,0.5498764548597913,,
ENSG00000066926,P22830,FECH,ferrochelatase,0.3365518567454565,0,0,,,,0.0704186507233461,,,0.5500813163837237
ENSG00000107249,Q8NEA6,GLIS3,GLIS family zinc finger 3,0.33635048689796265,0,0,,,,0.05502842268958826,0.5505195896769213,,
ENSG00000134463,Q96DC8,ECHDC3,enoyl-CoA hydratase domain containing 3,0.33633483011915766,0,0,,,,0.12281547860985867,0.5471044826686413,,
ENSG00000128294,O60704,TPST2,tyrosylprotein sulfotransferase 2,0.3363062178226262,0,0,,,,,,,0.5531981915439604
ENSG00000112062,Q16539,MAPK14,mitogen-activated protein kinase 14,0.3361356848528178,3,22,0.17309140765330877,0.024445247830562178,,0.49889349597633825,,,0.4982527381137063
ENSG00000239789,Q9Y2R5,MRPS17,mitochondrial ribosomal protein S17,0.33533508676884594,0,0,,,,0.030396539880581056,,,0.550080927707456
ENSG00000103202,O00746,NME4,NME/NM23 nucleoside diphosphate kinase 4,0.33441102139935613,0,0,,,,,,,0.5500807373358241
ENSG00000120254,Q6UB35,MTHFD1L,methylenetetrahydrofolate dehydrogenase (NADP+ dependent) 1 like,0.3342691645605028,0,0,,,,0.1634047008940142,0.5416771585628394,,
ENSG00000119919,Q8TAU0,NKX2-3,NK2 homeobox 3,0.3336482470041637,0,0,,,,,,,0.5488260313755582
ENSG00000154845,Q8TF05,PPP4R1,protein phosphatase 4 regulatory subunit 1,0.3336296726270033,0,0,,,,0.03647584785669726,,,0.5469716855427047
ENSG00000008311,Q9UDR5,AASS,aminoadipate-semialdehyde synthase,0.33348119604107596,0,0,,,,0.2172537371233059,,,0.5376885583698113
ENSG00000242221,P11465,PSG2,pregnancy specific beta-1-glycoprotein 2,0.33312293217328887,0,0,,,,0.18711819085543366,0.538606018824782,,
ENSG00000102974,P49711,CTCF,CCCTC-binding factor,0.3330322782925859,0,0,,,,0.2919288575442053,0.13249364449097445,,0.5082020905492572
ENSG00000137193,P11309,PIM1,"Pim-1 proto-oncogene, serine/threonine kinase",0.332571610943302,1,3,,,,0.4995661851994282,,,0.5220767375477848
ENSG00000152767,Q9Y4F1,FARP1,"FERM, ARH/RhoGEF and pleckstrin domain protein 1",0.3325204790630211,0,0,,,,0.04255515583281348,0.5448431809556559,,
ENSG00000153707,P23468,PTPRD,protein tyrosine phosphatase receptor type D,0.332459884550818,0,0,,,,0.18365414012080641,,,0.5376885583698113
ENSG00000117298,P42892,ECE1,endothelin converting enzyme 1,0.3322772595460829,2,1,,,,0.23924017258212138,,,0.5346088524812393
ENSG00000011405,O00443,PIK3C2A,phosphatidylinositol-4-phosphate 3-kinase catalytic subunit type 2 alpha,0.3322407125722658,0,0,,0.04689283159756518,,0.2786265848788418,,,0.5315373519452089
ENSG00000105204,Q9Y463,DYRK1B,dual specificity tyrosine phosphorylation regulated kinase 1B,0.3318026510187709,0,0,,,,0.10030858160591748,,,0.540774737041119
ENSG00000120805,P40616,ARL1,ARF like GTPase 1,0.33165112544109854,0,0,,,,0.03343619386863916,,,0.543869108358519
ENSG00000151729,P12235,SLC25A4,solute carrier family 25 member 4,0.3315444883902754,0,0,,0.06186622954360674,,0.1876370123684109,,,0.5346088524812393
ENSG00000125868,P60981,DSTN,"destrin, actin depolymerizing factor",0.33130208814959433,0,0,,0.04010585887890168,,0.25076369914563446,,,0.5315373519452089
ENSG00000120915,P34913,EPHX2,epoxide hydrolase 2,0.33069373524628815,1,1,,,,0.8405841167393628,0.5019368780421268,,
ENSG00000243147,O75394,MRPL33,mitochondrial ribosomal protein L33,0.3306349004550365,0,0,,,,,,,0.5438693051149942
ENSG00000167617,Q6NZY7,CDC42EP5,CDC42 effector protein 5,0.3306349004550365,0,0,,,,,,,0.5438693051149942
ENSG00000172456,Q96C11,FGGY,FGGY carbohydrate kinase domain containing,0.3306347808407156,0,0,,,,,,,0.543869108358519
ENSG00000122420,P43088,PTGFR,prostaglandin F receptor,0.33058051563031604,4,6,,,,0.09878875461188842,,,0.5388404084773429
ENSG00000132153,Q7L2E3,DHX30,DExH-box helicase 30,0.3304055320360661,0,0,,,,0.012158615952232422,0.03445113643285234,,0.5346090359086251
ENSG00000143032,Q9NY43,BARHL2,BarH like homeobox 2,0.33002419487884027,0,0,,,,,0.54286474081492,,
ENSG00000148737,Q9NQB0,TCF7L2,transcription factor 7 like 2,0.32978984865860334,0,0,,0.07111948756355997,,0.4251418109716581,0.5196417354717148,,
ENSG00000150244,Q8IWZ4,TRIM48,tripartite motif containing 48,0.3292995826206985,0,0,,,,0.06079307976116211,0.5386331546842751,,
ENSG00000198015,Q9Y6G3,MRPL42,mitochondrial ribosomal protein L42,0.3291034047066916,0,0,,0.011503633220070602,,,,,0.5407749292391857
ENSG00000172531,P62136,PPP1CA,protein phosphatase 1 catalytic subunit alpha,0.32901985333249917,0,0,,0.030932461350526932,,0.11831740659872751,,,0.5346094168740098
ENSG00000054116,O43617,TRAPPC3,trafficking protein particle complex subunit 3,0.32875361721762214,0,0,,,,,,,0.540774737041119
ENSG00000101670,Q9Y5X9,LIPG,"lipase G, endothelial type",0.32764475862864867,0,0,,,,0.04059289031385596,0.536921104345637,,
ENSG00000011243,Q9ULX6,AKAP8L,A-kinase anchoring protein 8 like,0.32724701401108675,0,0,,,,0.012158615952232422,,,0.5376885583698113
ENSG00000169139,Q15819,UBE2V2,ubiquitin conjugating enzyme E2 V2,0.3271833161277156,0,0,,,,0.024317231904464845,0.536975849390832,,
ENSG00000110237,Q96PE2,ARHGEF17,Rho guanine nucleotide exchange factor 17,0.3270841842929117,0,0,,,,0.06839221473130737,,,0.5346090359086251
ENSG00000086015,Q6P0Q8,MAST2,microtubule associated serine/threonine kinase 2,0.32705665323597105,0,0,,0.05387541879917077,,0.012158615952232422,0.45025459539068413,,0.3455182021123373
ENSG00000196498,Q9Y618,NCOR2,nuclear receptor corepressor 2,0.32692021268964716,0,0,,,,0.1731336250698096,0.5291022445552023,,
ENSG00000181322,Q86XW9,NME9,NME/NM23 family member 9,0.32687719709024765,0,0,,,,,,,0.5376881684139885
ENSG00000196465,P14649,MYL6B,myosin light chain 6B,0.3266855345929927,0,0,,0.04987708425375131,,0.012158615952232422,,,0.5346088524812393
ENSG00000196427,Q96M43,NBPF4,NBPF member 4,0.3266657958156963,0,0,,,,0.012158615952232422,0.5367324985720945,,
ENSG00000165023,Q96HU8,DIRAS2,DIRAS family GTPase 2,0.32662253819283904,0,0,,,,0.015198269940290528,0.5365093603677767,,
ENSG00000148120,Q8N6M6,AOPEP,aminopeptidase O (putative),0.32645397697202666,2,1,,,,0.9977891283487553,0.4871025470384934,,
ENSG00000139832,Q9NX57,RAB20,"RAB20, member RAS oncogene family",0.32639122206537785,0,0,,,,0.045594809820871586,,,0.5346090359086251
ENSG00000120137,Q9H999,PANK3,pantothenate kinase 3,0.3261142687749545,0,0,,,,0.03647584785669726,,,0.5346094168740098
ENSG00000137601,Q96PY6,NEK1,NIMA related kinase 1,0.3257743342267756,0,0,,0.04545712932383578,,0.07253040632791681,,,0.5312373640015605
ENSG00000278845,A0A087WU62,MRPL45,mitochondrial ribosomal protein L45,0.3250052976103102,0,0,,,,,,,0.5346090359086251
ENSG00000221823,P63098,PPP3R1,"protein phosphatase 3 regulatory subunit B, alpha",0.3249844648942628,0,0,,,,0.3656161536457597,,,0.5162939599903318
ENSG00000136999,P48745,CCN3,cellular communication network factor 3,0.32434404314044296,0,0,,0.010739584751144848,,0.350911165954708,0.5157371067801466,,
ENSG00000196632,Q9BYP7,WNK3,WNK lysine deficient protein kinase 3,0.32424932448810767,0,0,,0.021806096301822838,,0.08814996565368506,,,0.5284734393254834
ENSG00000063854,Q16775,HAGH,hydroxyacylglutathione hydrolase,0.32318738186683305,0,0,,0.04290668041501329,,0.4685099699453466,,,0.5072397222663186
ENSG00000164403,Q2M3G4,SHROOM1,shroom family member 1,0.3231380352749854,0,0,,,,,,,0.5315375311540367
ENSG00000217930,Q9Y3D7,PAM16,presequence translocase associated motor 16,0.3231380352749854,0,0,,,,,,,0.5315375311540367
ENSG00000168610,P40763,STAT3,signal transducer and activator of transcription 3,0.32312627174458025,2,1,,0.05830428114417552,,0.8955884531294853,,,0.4854431076911945
ENSG00000135077,Q8TDQ0,HAVCR2,hepatitis A virus cellular receptor 2,0.3231026070578273,3,3,,,,0.6757709913733334,0.49769070485831923,,
ENSG00000198873,P34947,GRK5,G protein-coupled receptor kinase 5,0.3230945619132311,0,0,,,,0.6696289203573026,0.49798457475715285,,
ENSG00000105989,P09544,WNT2,Wnt family member 2,0.3227182923276603,0,0,,,,0.04746915972391598,,,0.528473627891875
ENSG00000110080,Q11206,ST3GAL4,"ST3 beta-galactoside alpha-2,3-sialyltransferase 4",0.3226721076714352,0,0,,,,0.10707518912266682,,,0.5254173561693914
ENSG00000132386,P36955,SERPINF1,serpin family F member 1,0.3225191477863753,0,0,,0.06394882135689679,,0.6842672137417367,0.49488506262319076,,
ENSG00000119139,Q9UDY2,TJP2,tight junction protein 2,0.32242022873436055,0,0,,,,0.09878875461188842,,,0.5254173561693914
ENSG00000130312,Q9BQ48,MRPL34,mitochondrial ribosomal protein L34,0.3223719542748773,0,0,,0.03607516375780722,,,,,0.528473627891875
ENSG00000143772,P27987,ITPKB,inositol-trisphosphate 3-kinase B,0.3219029724860329,0,0,,0.08225665887694969,,0.40876597258436975,,,0.5072397222663186
ENSG00000183049,Q8IU85,CAMK1D,calcium/calmodulin dependent protein kinase ID,0.3217163397537723,0,0,,,,0.2301068729859787,0.5176936063260928,,
ENSG00000108559,Q99567,NUP88,nucleoporin 88,0.32163509726487016,0,0,,0.02380008637173386,,0.037995674850726316,0.062012855341451546,,0.5124202490051163
ENSG00000147642,Q9NX95,SYBU,syntabulin,0.3215388383080239,0,0,,0.042074950100497124,,0.2288138893453316,0.5165312802169822,,
ENSG00000149311,Q13315,ATM,ATM serine/threonine kinase,0.3213707614827884,0,0,,,,0.785918631972055,,,0.4893345683618506
ENSG00000141503,Q8N4C8,MINK1,misshapen like kinase 1,0.3213694497076796,0,0,,0.09115639593632732,,0.14550451629767208,,,0.519327418687649
ENSG00000077380,Q13409,DYNC1I2,dynein cytoplasmic 1 intermediate chain 2,0.32127539412101463,0,0,,,,,,,0.528473627891875
ENSG00000160282,O95954,FTCD,formimidoyltransferase cyclodeaminase,0.3212752794856978,0,0,,,,,,,0.5284734393254834
ENSG00000100644,Q16665,HIF1A,hypoxia inducible factor 1 subunit alpha,0.32124537570687917,0,0,,,,0.9239270419901028,,,0.48222789778050834
ENSG00000003436,P10646,TFPI,tissue factor pathway inhibitor,0.3207131860936236,4,4,,,,0.16442839378734317,,,0.519327418687649
ENSG00000248333,P21127,CDK11B,cyclin dependent kinase 11B,0.3205395307542632,2,4,,,,0.2193735170148135,,,0.5162945126792162
ENSG00000184347,O75094,SLIT3,slit guidance ligand 3,0.3204419236526353,0,0,,,,0.030396539880581056,0.040532037502692624,,0.5162941442197028
ENSG00000160179,P45844,ABCG1,ATP binding cassette subfamily G member 1,0.3204329793645201,0,0,,,,0.21587919188550397,,,0.5162939599903318
ENSG00000170516,Q8TF08,COX7B2,cytochrome c oxidase subunit 7B2,0.3203100161432409,0,0,,,,0.012158615952232422,0.5262777236249699,,
ENSG00000164512,Q3KP44,ANKRD55,ankyrin repeat domain 55,0.3201003912628567,0,0,,,,0.012158615952232422,0.5259329066142053,,
ENSG00000164576,Q9HAJ7,SAP30L,SAP30 like,0.31999449465934887,0,0,,,,,0.526366645540104,,
ENSG00000177565,Q9BZK7,TBL1XR1,TBL1X/Y related 1,0.31994220122607375,0,0,,,,0.09118961964174316,0.5217211458310819,,
ENSG00000138757,Q9UN86,G3BP2,G3BP stress granule assembly factor 2,0.31963130014910235,0,0,,0.026297687176061485,,0.5167428666665379,0.4993476817675504,,
ENSG00000119408,Q9HC98,NEK6,NIMA related kinase 6,0.31941761643911465,0,0,,,,,,,0.5254177246719713
ENSG00000103067,Q9H6T0,ESRP2,epithelial splicing regulatory protein 2,0.31941739241504735,0,0,,,,,,,0.5254173561693914
ENSG00000213588,Q96C00,ZBTB9,zinc finger and BTB domain containing 9,0.31941739241504735,0,0,,,,,,,0.5254173561693914
ENSG00000198874,Q9NV66,TYW1,tRNA-yW synthesizing protein 1 homolog,0.31940216559160506,0,0,,,,,0.5253923092010488,,
ENSG00000100600,Q99538,LGMN,legumain,0.31929753759799295,0,0,,0.009592817665214498,,0.6524515909945894,0.4923844508206618,,
ENSG00000267855,O95182,NDUFA7,NADH:ubiquinone oxidoreductase subunit A7,0.31925239388326443,4,3,,,,0.05553785575514165,,,0.5223690533257018
ENSG00000112232,Q5VWX1,KHDRBS2,"KH RNA binding domain containing, signal transduction associated 2",0.3191004407194033,0,0,,,,0.20670546799702766,0.514560721297331,,
ENSG00000148834,P78417,GSTO1,glutathione S-transferase omega 1,0.31898485142769956,0,0,,0.08529887492534055,,0.7876559901121837,,,0.4834275290298775
ENSG00000101096,Q13469,NFATC2,nuclear factor of activated T cells 2,0.31891325371837775,0,0,,,,0.1428553121776448,0.5174453206853027,,
ENSG00000100722,Q6PJT7,ZC3H14,zinc finger CCCH-type containing 14,0.31887819688592517,0,0,,,,0.6983821727684618,0.4896113118283513,,
ENSG00000119522,Q8TEH3,DENND1A,DENN domain containing 1A,0.31885036928761773,0,0,,,,,0.5244846461805945,,
ENSG00000187554,O60602,TLR5,toll like receptor 5,0.3187469256268344,2,1,,,,0.13738337056202474,0.5174453206853027,,
ENSG00000131171,O75368,SH3BGRL,SH3 domain binding glutamate rich protein like,0.3184741809022596,0,0,,0.04007937900296029,,0.07295169571339452,,,0.5193276071994293
ENSG00000205592,G3CIG0,MUC19,"mucin 19, oligomeric (gene/pseudogene)",0.3184349763074355,0,0,,,,0.06079307976116211,0.5207617022822142,,
ENSG00000138622,Q9Y3Q4,HCN4,hyperpolarization activated cyclic nucleotide gated potassium channel 4,0.3182964802594147,4,4,,,,,0.5235735407877126,,
ENSG00000070770,P19784,CSNK2A2,casein kinase 2 alpha 2,0.3182685693464904,0,0,,,,0.08400421535330581,,,0.519327418687649
ENSG00000145494,O75380,NDUFS6,NADH:ubiquinone oxidoreductase subunit S6,0.31820043458389563,4,3,,0.03784670223682282,,0.030396539880581056,,,0.5208477391686755
ENSG00000173473,Q92922,SMARCC1,SWI/SNF related BAF chromatin remodeling complex subunit C1,0.3180821723805543,0,0,,0.043224121445056655,,0.5425782368683718,0.4951315727245182,,
ENSG00000237541,P01906,HLA-DQA2,"major histocompatibility complex, class II, DQ alpha 2",0.31800624149110435,0,0,,,,0.2569256632781272,,,0.5102498368886655
ENSG00000136643,Q96S38,RPS6KC1,ribosomal protein S6 kinase C1,0.3179745891085861,0,0,,0.03046417249886848,,0.06079307976116211,,,0.519327418687649
ENSG00000132330,Q96I15,SCLY,selenocysteine lyase,0.3179312442469792,0,0,,,,0.13357590580855339,,,0.5162939599903318
ENSG00000150907,Q12778,FOXO1,forkhead box O1,0.31788417519417095,0,0,,0.08233367511786588,,0.7118393585195234,0.48547372511217146,,
ENSG00000125826,Q9BYM8,RBCK1,RANBP2-type and C3HC4-type zinc finger containing 1,0.31782381365344103,0,0,,,,0.04448871350855044,0.5205716044364999,,
ENSG00000156885,Q02221,COX6A2,cytochrome c oxidase subunit 6A2,0.3177940185469682,0,0,,,,0.06839221473130737,,,0.519327418687649
ENSG00000136261,Q9Y6E2,BZW2,basic leucine zipper and W2 domains 2,0.3175814523477507,0,0,,,,0.030396539880581056,0.5208775471732834,,
ENSG00000198945,Q96JM7,L3MBTL3,L3MBTL histone methyl-lysine binding protein 3,0.31756400850801825,0,0,,,,,,,0.5223686803755174
ENSG00000116132,P54821,PRRX1,paired related homeobox 1,0.31740014447351017,0,0,,,,0.4955309611982493,0.49732258842154353,,
ENSG00000119487,Q9BPZ7,MAPKAP1,MAPK associated protein 1,0.3172030462564823,0,0,,,,0.08659208390842947,0.5174453206853027,,
ENSG00000174136,Q6NW40,RGMB,repulsive guidance molecule BMP co-receptor b,0.31702332063641736,0,0,,,,0.28479869171444416,,,0.5072393552971188
ENSG00000169100,P12236,SLC25A6,solute carrier family 25 member 6,0.31693017658818623,0,0,,,,0.16115934414329855,,,0.5132681077890525
ENSG00000292334,P12236,SLC25A6,solute carrier family 25 member 6 ,0.31693017658818623,0,0,,,,0.16115934414329855,,,0.5132681077890525
ENSG00000162989,P48549,KCNJ3,potassium inwardly rectifying channel subfamily J member 3,0.3168730080961832,4,2,,0.009205002719726041,,0.09307579042140779,0.516373692030789,,
ENSG00000138071,P61160,ACTR2,actin related protein 2,0.3167416125644004,0,0,,0.03663819085094614,,0.2592509532705921,,,0.5072391718129015
ENSG00000241484,P85298,ARHGAP8,Rho GTPase activating protein 8,0.31670783823559523,0,0,,,,,0.520960345289046,,
ENSG00000158050,Q05923,DUSP2,dual specificity phosphatase 2,0.31665564593161694,0,0,,,,0.09161065843586755,,,0.5162939599903318
ENSG00000124207,P55060,CSE1L,chromosome segregation 1 like,0.3165638893089158,0,0,,,,0.49130291866350284,0.4961584143019717,,
ENSG00000170340,Q9NY97,B3GNT2,"UDP-GlcNAc:betaGal beta-1,3-N-acetylglucosaminyltransferase 2",0.3164500252447299,0,0,,,,0.024823840902474525,0.5192950704504888,,
ENSG00000152990,Q8IWK6,ADGRA3,adhesion G protein-coupled receptor A3,0.316331818750276,0,0,,0.05793002205438066,,,0.5174453206853027,,
ENSG00000116898,P82914,MRPS15,mitochondrial ribosomal protein S15,0.316049808432593,0,0,,0.07167584019297017,,,,,0.5162941442197028
ENSG00000118514,Q9H2A2,ALDH8A1,aldehyde dehydrogenase 8 family member A1,0.3157152464664837,0,0,,,,,,,0.5193276071994293
ENSG00000171714,Q75V66,ANO5,anoctamin 5,0.3151740534623453,0,0,,0.008943907727730077,,0.012158615952232422,0.5176307014994128,,
ENSG00000068878,Q14997,PSME4,proteasome activator subunit 4,0.31510493590433913,0,0,,,,0.03647584785669726,0.5164999002746407,,
ENSG00000237289,P12532,CKMT1B,"creatine kinase, mitochondrial 1B",0.3150185723611629,0,0,,,,0.037742370351721476,,,0.5162945126792162
ENSG00000132704,Q96LA5,FCRL2,Fc receptor like 2,0.314887679495962,0,0,,,,0.03343619386863916,,,0.5162945126792162
ENSG00000172260,Q7Z3B1,NEGR1,neuronal growth regulator 1,0.3148331290745508,0,0,,0.039732222807516086,,0.051711108249283246,0.5144080973745336,,
ENSG00000233276,P07203,GPX1,glutathione peroxidase 1,0.31479064657840533,0,0,,,,0.39107944955142987,,,0.4982527381137063
ENSG00000162733,Q16832,DDR2,discoidin domain receptor tyrosine kinase 2,0.3147061744911626,4,1,,,,0.44790652471364206,,,0.49527243418630906
ENSG00000168421,Q15669,RHOH,ras homolog family member H,0.3145994009359761,0,0,,,,0.03698245685470695,0.5156430031886212,,
ENSG00000180611,Q8IYB1,MB21D2,Mab-21 domain containing 2,0.3145709465246171,0,0,,,,,0.5174453206853027,,
ENSG00000153107,Q9H1A4,ANAPC1,anaphase promoting complex subunit 1,0.3145630162012734,0,0,,,,,0.5174322759055764,,
ENSG00000074964,Q5VXI4,ARHGEF10L,Rho guanine nucleotide exchange factor 10 like,0.3142513994323664,0,0,,,,0.030396539880581056,0.5153998629887231,,
ENSG00000187079,P28347,TEAD1,TEA domain transcription factor 1,0.3141233701610192,0,0,,0.04079660169244076,,0.18884252466847132,0.5063603741709012,,
ENSG00000198626,Q92736,RYR2,ryanodine receptor 2,0.31409393958815374,0,0,,0.0728486686601902,,0.9250215786436886,,,0.46879074225969253
ENSG00000138398,Q13427,PPIG,peptidylprolyl isomerase G,0.31390338453328936,0,0,,,,0.44844167773576465,0.49392514801283294,,
ENSG00000164749,Q14541,HNF4G,hepatocyte nuclear factor 4 gamma,0.3137220695792615,0,0,,,,0.09118961964174316,,,0.5114895015859651
ENSG00000102837,Q6UX06,OLFM4,olfactomedin 4,0.3136484191585192,0,0,,,,0.1135564069038707,,,0.5102500128732426
ENSG00000120903,Q15822,CHRNA2,cholinergic receptor nicotinic alpha 2 subunit,0.3135100792121898,0,0,,,,0.1961511138718259,0.5058927188177141,,
ENSG00000101489,Q9BZC1,CELF4,CUGBP Elav-like family member 4,0.31323874119873246,0,0,,,,0.030396539880581056,0.5137341170886759,,
ENSG00000198183,Q9NP55,BPIFA1,BPI fold containing family A member 1,0.31319490965951996,0,0,,,,,,,0.5151818445289652
ENSG00000109158,P48169,GABRA4,gamma-aminobutyric acid type A receptor subunit alpha4,0.31306595674138055,4,19,0.13678442946261474,0.04704488677142673,,0.01823792392834863,0.07503224586039027,,0.4717027387219874
ENSG00000125971,Q9NP97,DYNLRB1,dynein light chain roadblock-type 1,0.31304794421793763,0,0,,,,0.03343619386863916,,,0.5132682878436722
ENSG00000157103,P30531,SLC6A1,solute carrier family 6 member 1,0.3129794310556921,4,2,,,,0.18730784727124247,0.4934248444748309,0.34480315013537116,
ENSG00000155052,Q8WYK1,CNTNAP5,contactin associated protein family member 5,0.31292525815491584,0,0,,,,0.04819202528400123,0.5123286870151664,,
ENSG00000211448,Q92813,DIO2,iodothyronine deiodinase 2,0.3126181055626149,0,0,,,,0.1919104892805641,0.5046375211240522,,
ENSG00000095794,Q03060,CREM,cAMP responsive element modulator,0.31237272354330786,0,0,,,,0.03343619386863916,0.5121576011055063,,
ENSG00000074266,O75530,EED,embryonic ectoderm development,0.3122839053086677,0,0,,,,0.06219807538230897,0.5105734077780838,,
ENSG00000171877,Q7Z6J6,FRMD5,FERM domain containing 5,0.31225540921032224,0,0,,0.019027891696501945,,0.030396539880581056,0.511693768597489,,
ENSG00000218891,Q8NAF0,ZNF579,zinc finger protein 579,0.31210515771501596,0,0,,,,0.037995674850726316,,,0.5114895015859651
ENSG00000110871,Q5HYK3,COQ5,"coenzyme Q5, methyltransferase",0.3120315996175547,0,0,,,,,,,0.5132682878436722
ENSG00000097007,P00519,ABL1,"ABL proto-oncogene 1, non-receptor tyrosine kinase",0.31191486959215997,4,26,0.4756889621644932,,,0.7477462730215508,,,
ENSG00000163349,Q86Z02,HIPK1,homeodomain interacting protein kinase 1,0.3118410817441857,0,0,,0.05410127039855181,,,,,0.5102498368886655
ENSG00000198862,O94822,LTN1,listerin E3 ubiquitin protein ligase 1,0.3116696720940721,0,0,,,,0.6155299325817664,0.48189644792073444,,
ENSG00000110880,Q9ULV4,CORO1C,coronin 1C,0.31166815018472416,0,0,,0.04300473571321945,,0.012158615952232422,,,0.5102500128732426
ENSG00000165140,P09467,FBP1,fructose-bisphosphatase 1,0.3112848665422509,0,0,,,,0.338167918240755,0.4951315727245182,,
ENSG00000066777,Q9Y6D6,ARFGEF1,ARF guanine nucleotide exchange factor 1,0.31119862058007597,0,0,,,,,0.5118981005777016,,
ENSG00000171421,Q9P0J6,MRPL36,mitochondrial ribosomal protein L36,0.3109975524164449,0,0,,0.08656006838277916,,,,,0.5072393552971188
ENSG00000124596,Q9Y530,OARD1,O-acyl-ADP-ribose deacylase 1,0.31091918051766565,0,0,,,,0.09351564420655048,0.5067626606834599,,
ENSG00000153310,Q9NUQ9,CYRIB,CYFIP related Rac1 interactor B,0.3107464748254903,0,0,,,,0.3743153697542395,0.49243858665652585,,
ENSG00000129657,Q92503,SEC14L1,SEC14 like lipid binding 1,0.3105773197379179,0,0,,0.01252189992818136,,,,,0.5102500128732426
ENSG00000260314,P22897,MRC1,mannose receptor C-type 1,0.3105344643558568,0,0,,,,0.304825614567315,0.49556433329193744,,
ENSG00000101412,Q01094,E2F1,E2F transcription factor 1,0.31037713109199633,3,1,,,,0.3729250859639743,,,0.49190055844985675
ENSG00000127527,Q9UBC2,EPS15L1,epidermal growth factor receptor pathway substrate 15 like 1,0.31019669730737026,0,0,,,,,,,0.5102500128732426
ENSG00000172572,Q14432,PDE3A,phosphodiesterase 3A,0.30991349723142375,4,17,,,,0.03343619386863916,0.5081123605591388,,
ENSG00000185736,Q9NS39,ADARB2,adenosine deaminase RNA specific B2 (inactive),0.3098263167017768,0,0,,,,0.3130796060829982,0.4939867845970396,,
ENSG00000118007,Q8WVM7,STAG1,STAG1 cohesin complex component,0.30979117045428806,0,0,,,,0.06898325856231867,0.5061337890647182,,
ENSG00000129625,Q00765,REEP5,receptor accessory protein 5,0.30962589963945697,0,0,,0.04291286655180981,,0.321151802677787,,,0.4922998846613664
ENSG00000257923,P39880,CUX1,cut like homeobox 1,0.3095673401632702,0,0,,0.04761924967247727,,0.4693902037656457,0.48468705242367843,,
ENSG00000176681,A6NMS7,LRRC37A,leucine rich repeat containing 37A,0.3092845136212952,0,0,,,,0.03951550184475537,0.5067737648823479,,
ENSG00000138303,Q8N9N2,ASCC1,activating signal cointegrator 1 complex subunit 1,0.3089833692791821,0,0,,,,0.30577821521318493,0.4929652696379743,,
ENSG00000110514,Q8WXG6,MADD,MAP kinase activating death domain,0.3088555450483216,0,0,,,,0.2688045054672715,0.4946036939715948,,
ENSG00000128595,O43852,CALU,calumenin,0.3084810663215482,0,0,,,,0.06383273374922022,,,0.5042362934872865
ENSG00000276231,Q5UE93,PIK3R6,phosphoinositide-3-kinase regulatory subunit 6,0.30842374863068206,0,0,,,,0.03647584785669726,0.5055098545327479,,
ENSG00000143149,P49189,ALDH9A1,aldehyde dehydrogenase 9 family member A1,0.3083198554644409,0,0,,,,0.35656364388391726,,,0.4893345683618506
ENSG00000182718,P07355,ANXA2,annexin A2,0.3083178016341151,0,0,,,,0.6507381437873121,,,0.47462246497174854
ENSG00000171450,Q13319,CDK5R2,cyclin dependent kinase 5 regulatory subunit 2,0.30831566608374655,0,0,,,,0.4155769804831004,,,0.48637701031876185
ENSG00000145217,Q9H2B4,SLC26A1,solute carrier family 26 member 1,0.3081076877183637,0,0,,,,,0.5068137507243045,,
ENSG00000100490,Q00532,CDKL1,cyclin dependent kinase like 1,0.307354863933215,0,0,,0.030531309363767533,,0.10546575781606463,0.49962365132975967,,
ENSG00000185339,P20062,TCN2,transcobalamin 2,0.30690503399206737,0,0,,,,0.09734451476491794,0.49996825092752883,,
ENSG00000119866,Q9H165,BCL11A,BCL11 transcription factor A,0.3068595158808405,0,0,,,,0.11610558094709046,0.49895532378178337,,
ENSG00000143702,Q5SW79,CEP170,centrosomal protein 170,0.3067880207007082,0,0,,0.021335672585731547,,,0.5035762150573845,,
ENSG00000136628,P07814,EPRS1,glutamyl-prolyl-tRNA synthetase 1,0.30675806264900796,0,0,,,,0.14047431112160091,0.49757000441035193,,
ENSG00000149115,Q9C0C2,TNKS1BP1,tankyrase 1 binding protein 1,0.3066109946117942,0,0,,,,,0.5043518042125475,,
ENSG00000185551,P24468,NR2F2,nuclear receptor subfamily 2 group F member 2,0.3062287507407024,0,0,,,,0.04137306817079087,,,0.5016543886610247
ENSG00000148450,Q9Y3D2,MSRB2,methionine sulfoxide reductase B2,0.30616861458577493,0,0,,0.08845818054706757,,0.1305362518204953,0.4951315727245182,,
ENSG00000124570,P35237,SERPINB6,serpin family B member 6,0.3061427310717643,0,0,,,,0.3440805354602725,,,0.4863775194728878
ENSG00000135114,Q15646,OASL,2'-5'-oligoadenylate synthetase like,0.30602682329292313,0,0,,,,0.19920779076465087,0.4934304972127123,,
ENSG00000162545,Q7Z7J9,CAMK2N1,calcium/calmodulin dependent protein kinase II inhibitor 1,0.3059787762843345,0,0,,,,0.037995674850726316,0.08506197387199624,,0.4812020112721598
ENSG00000145901,Q15025,TNIP1,TNFAIP3 interacting protein 1,0.3058261341038644,0,0,,,,0.2019099727184307,0.4929652696379743,,
ENSG00000197483,Q5EBL2,ZNF628,zinc finger protein 628,0.30544751509291634,0,0,,,,0.14590339142678904,,,0.49514279917926274
ENSG00000166803,Q15004,PCLAF,PCNA clamp associated factor,0.3051304959105336,0,0,,,,0.1790245325971607,0.4929652696379743,,
ENSG00000108576,P31645,SLC6A4,solute carrier family 6 member 4,0.30512354440331574,4,56,0.4706228721843963,,,0.6256437876382442,,,
ENSG00000157554,P11308,ERG,ETS transcription factor ERG,0.30501773006741423,0,0,,,,0.6454771240663917,,,0.4694571488152417
ENSG00000158321,Q8WXX7,AUTS2,activator of transcription and developmental regulator AUTS2,0.30488436496179494,0,0,,,,,0.5015116295466437,,
ENSG00000186153,Q9NZC7,WWOX,WW domain containing oxidoreductase,0.30483763908200034,0,0,,,,0.3800668944070227,0.4824314243020714,,
ENSG00000145029,Q9BSH3,NICN1,"nicolin 1, tubulin polyglutamylase complex subunit",0.3047197250256188,0,0,,,,,,,0.501240809353255
ENSG00000166483,P30291,WEE1,WEE1 G2 checkpoint kinase,0.30461641161044245,2,2,,,,0.4882892978166285,0.4145025139463799,,0.3028699175960163
ENSG00000162551,P05186,ALPL,"alkaline phosphatase, biomineralization associated",0.3042817196408858,0,0,,,,0.2478216016105329,0.48812924367395,,
ENSG00000166035,P11150,LIPC,"lipase C, hepatic type",0.3042418465128567,0,0,,,,0.3741377869641296,0.4817478461383526,,
ENSG00000148730,Q13542,EIF4EBP2,eukaryotic translation initiation factor 4E binding protein 2,0.3040957648744349,0,0,,0.01540814878263299,,0.13813538679064055,0.4929652696379743,,
ENSG00000127663,O94953,KDM4B,lysine demethylase 4B,0.3040272047347439,0,0,,0.0114410417377532,,0.04542594015486835,0.49757612368028603,,
ENSG00000070778,Q16825,PTPN21,protein tyrosine phosphatase non-receptor type 21,0.3040121835947236,0,0,,,,,0.5000769574252478,,
ENSG00000101752,Q86YT6,MIB1,MIB E3 ubiquitin protein ligase 1,0.3038919537248044,0,0,,,,0.09118961964174316,0.4953197074365705,,
ENSG00000088992,Q96BS2,TESC,tescalcin,0.30360266183465295,0,0,,,,0.08543505003341917,0.4951315727245182,,
ENSG00000131061,Q9BYN7,ZNF341,zinc finger protein 341,0.3035300296016905,0,0,,,,0.017795485403420176,,,0.4983940764479856
ENSG00000283683,A0A1B0GUC4,MYOCOS,myocilin opposite strand,0.3033351542679342,0,0,,,,,0.4989632955916161,,
ENSG00000082175,P06401,PGR,progesterone receptor,0.3033165517778933,4,28,0.4770568064591193,,,0.4375177889784849,,,
ENSG00000107186,O75970,MPDZ,multiple PDZ domain crumbs cell polarity complex component,0.30295048794234997,0,0,,,,0.05927325276713306,0.4953668860565805,,
ENSG00000259207,P05106,ITGB3,integrin subunit beta 3,0.3027378485346471,4,8,,,,0.16479621142009915,0.48974096244463083,,
ENSG00000155254,Q9BSK0,MARVELD1,MARVEL domain containing 1,0.30263488468801275,0,0,,,,,0.49781140530628654,,
ENSG00000157191,Q9NVZ3,NECAP2,NECAP endocytosis associated 2,0.30254651589585774,0,0,,,,,0.04515547432211528,,0.48637717677277925
ENSG00000175216,Q14008,CKAP5,cytoskeleton associated protein 5,0.3023438007598483,0,0,,,,0.1413439104447019,0.49026539882512643,,
ENSG00000067606,Q05513,PRKCZ,protein kinase C zeta,0.3019972555125029,4,4,,0.031525556034055116,,0.19368932689956464,,,0.4863775194728878
ENSG00000103546,P23975,SLC6A2,solute carrier family 6 member 2,0.3019499108871471,4,86,0.4857995164684793,,,0.2177031789513728,,,
ENSG00000274180,Q8N6N6,NATD1,N-acetyltransferase domain containing 1,0.30194719348206134,0,0,,,,,0.4966802054910228,,
ENSG00000151715,Q96B21,TMEM45B,transmembrane protein 45B,0.30192968156582445,0,0,,,,0.030396539880581056,0.4951315727245182,,
ENSG00000036448,P54296,MYOM2,myomesin 2,0.30181998999371357,0,0,,,,0.08342161500559467,,,0.4922998846613664
ENSG00000151376,Q16798,ME3,malic enzyme 3,0.30173676083276685,0,0,,0.05370728258019851,,0.015198269940290528,0.4933109563007207,,
ENSG00000026559,Q9UIX4,KCNG1,potassium voltage-gated channel modifier subfamily G member 1,0.3017246066036786,4,6,,0.07050539425530093,,0.10089962543692878,0.48970229916694213,,
ENSG00000107949,Q9P287,BCCIP,BRCA2 and CDKN1A interacting protein,0.301700971948771,0,0,,0.06619840254301139,,,0.4929652696379743,,
ENSG00000054654,Q8WXH0,SYNE2,spectrin repeat containing nuclear envelope protein 2,0.3016666741159118,0,0,,,,0.289864781694541,0.23263235806236132,,0.43161924332561
ENSG00000105287,Q9BZL6,PRKD2,protein kinase D2,0.30154693284468986,0,0,,,,0.13374477547455663,,,0.4893345683618506
ENSG00000138760,Q14108,SCARB2,scavenger receptor class B member 2,0.30148472215828864,0,0,,,,0.07352395929349283,0.4922432773156241,,
ENSG00000198369,Q7Z698,SPRED2,sprouty related EVH1 domain containing 2,0.30128064520348075,0,0,,,,0.06290395058620245,0.49243858665652585,,
ENSG00000103018,O43169,CYB5B,cytochrome b5 type B,0.30122445617307597,0,0,,,,0.06383273374922022,,,0.4922997208099664
ENSG00000165714,Q969J3,BORCS5,BLOC-1 related complex subunit 5,0.3011835711923884,0,0,,,,0.06079307976116211,0.4923844508206618,,
ENSG00000145246,Q9P241,ATP10D,ATPase phospholipid transporting 10D (putative),0.30109147419622667,0,0,,,,,,,0.49527261224324437
ENSG00000177058,Q8NBW4,SLC38A9,solute carrier family 38 member 9,0.30100573192911273,0,0,,,,,0.4951315727245182,,
ENSG00000154743,Q8NCE0,TSEN2,tRNA splicing endonuclease subunit 2,0.30100573192911273,0,0,,,,,0.4951315727245182,,
ENSG00000134917,Q9UP79,ADAMTS8,ADAM metallopeptidase with thrombospondin type 1 motif 8,0.30089553597275437,0,0,,0.03555205258228916,,0.015198269940290528,0.4928349667827085,,
ENSG00000117481,Q96CB9,NSUN4,NOP2/Sun RNA methyltransferase 4,0.30085587084659343,0,0,,,,,0.49488506262319076,,
ENSG00000049860,P07686,HEXB,hexosaminidase subunit beta,0.30067299553180554,0,0,,0.04347177452735894,,0.2626620386669424,,,0.4804851052493662
ENSG00000141013,O95995,DRC4,dynein regulatory complex subunit 4,0.3003462594570592,0,0,,,,,0.4940467905837805,,
ENSG00000138678,Q53EU6,GPAT3,glycerol-3-phosphate acyltransferase 3,0.30025814580042975,0,0,,0.009540116690747918,,,0.4934248444748309,,
ENSG00000160584,Q9Y2K2,SIK3,SIK family kinase 3,0.30025742405523764,0,0,,,,0.1504628724088762,,,0.4863775194728878
ENSG00000139734,Q9NSV4,DIAPH3,diaphanous related formin 3,0.30016932770519167,0,0,,,,0.0884200537296988,,,0.48933474860045023
ENSG00000107954,O76050,NEURL1,neuralized E3 ubiquitin protein ligase 1,0.3001466497892441,0,0,,,,0.7289616005147138,0.45727036781147024,,
ENSG00000185658,Q9NSI6,BRWD1,bromodomain and WD repeat domain containing 1,0.30004115099682455,0,0,,,,0.05986429659814436,0.490551695504619,,
ENSG00000144712,O75155,CAND2,cullin associated and neddylation dissociated 2 (putative),0.3000231492518481,0,0,,0.06633364061881139,,,0.49019861680002774,,
ENSG00000006704,Q9UHL9,GTF2IRD1,GTF2I repeat domain containing 1,0.29996815926297404,0,0,,,,,0.4934248444748309,,
ENSG00000133195,Q8N1S5,SLC39A11,solute carrier family 39 member 11,0.29985509732840004,0,0,,,,0.04010654567576667,0.4912335388938117,,
ENSG00000175352,Q9NQ35,NRIP3,nuclear receptor interacting protein 3,0.29968876956584156,0,0,,,,,0.4929652696379743,,
ENSG00000128607,Q6PID8,KLHDC10,kelch domain containing 10,0.29968876956584156,0,0,,,,,0.4929652696379743,,
ENSG00000138081,Q86XK2,FBXO11,F-box protein 11,0.29952016406924376,0,0,,0.03409365500941734,,0.012158615952232422,0.4907130521827332,,
ENSG00000080345,Q5UIP0,RIF1,replication timing regulatory factor 1,0.29933567191896493,0,0,,,,,0.4923844508206618,,
ENSG00000165660,Q15018,ABRAXAS2,"abraxas 2, BRISC complex subunit",0.29933567191896493,0,0,,,,,0.4923844508206618,,
ENSG00000138653,Q9H3R1,NDST4,N-deacetylase and N-sulfotransferase 4,0.2992061115830584,0,0,,,,0.045594809820871586,0.48989159341497013,,
ENSG00000170430,P16455,MGMT,O-6-methylguanine-DNA methyltransferase,0.2992009554120436,0,0,,,,0.19156294805851767,0.4825847049932926,,
ENSG00000109684,Q7Z7G1,CLNK,cytokine dependent hematopoietic cell linker,0.2990444416412438,0,0,,,,0.01654922726831635,0.49107793776441294,,
ENSG00000198346,Q6ZN06,ZNF813,zinc finger protein 813,0.29904149884402326,0,0,,,,,,,0.49190055844985675
ENSG00000009950,Q9NP71,MLXIPL,MLX interacting protein like,0.29903037381630665,0,0,,,,0.15126500332239157,0.4843190084579012,,
ENSG00000221923,Q6PDB4,ZNF880,zinc finger protein 880,0.2989226783021677,0,0,,,,,0.49170510768091663,,
ENSG00000100154,Q96AY4,TTC28,tetratricopeptide repeat domain 28,0.29863599711329425,0,0,,,,,0.4912335388938117,,
ENSG00000185813,Q99447,PCYT2,"phosphate cytidylyltransferase 2, ethanolamine",0.2985423729112639,0,0,,0.06145967008071812,,0.0768947950329898,,,0.48586902399276016
ENSG00000185002,Q8HWS3,RFX6,regulatory factor X6,0.2985091780258235,0,0,,,,,0.491024931124689,,
ENSG00000187678,Q9C004,SPRY4,sprouty RTK signaling antagonist 4,0.2984305145051365,0,0,,,,0.030396539880581056,0.48937570861229507,,
ENSG00000139714,Q6PF18,MORN3,MORN repeat containing 3,0.29842836927006455,0,0,,,,,0.49089200685752504,,
ENSG00000034239,Q9HAE3,CLXN,calaxin,0.29835398600372315,0,0,,,,,0.4907696520325456,,
ENSG00000123143,Q16512,PKN1,protein kinase N1,0.2981602621547818,0,0,,,,0.08147961384655754,,,0.48637701031876185
ENSG00000087448,Q9P2K6,KLHL42,kelch like family member 42,0.2980831434328611,0,0,,,,,0.49032413656939394,,
ENSG00000172728,Q6P4F1,POFUT3,protein O-fucosyltransferase 3,0.2980831434328611,0,0,,,,,0.49032413656939394,,
ENSG00000140474,Q6PHR2,ULK3,unc-51 like kinase 3,0.2980360146047525,0,0,,,,,0.06249659301617932,,0.47462246497174854
ENSG00000132964,P49336,CDK8,cyclin dependent kinase 8,0.29803481187359215,2,4,,,,0.07734230702947845,,,0.4863775194728878
ENSG00000108950,Q96MK3,FAM20A,FAM20A golgi associated secretory pathway pseudokinase,0.2978366205202529,0,0,,,,,0.4899186250974029,,
ENSG00000233608,Q8WVJ9,TWIST2,twist family bHLH transcription factor 2,0.29753559513874483,0,0,,,,0.06839221473130737,0.4860038504660477,,
ENSG00000151577,P35462,DRD3,dopamine receptor D3,0.2975108019794115,4,39,0.4732572389740467,,,0.32250878728168925,,,
ENSG00000163421,Q9HC23,PROK2,prokineticin 2,0.29743292268085914,0,0,,,,0.611978437164535,0.45865565094740246,,
ENSG00000188070,C9JLR9,ZFTA,zinc finger translocation associated,0.29720831862467517,0,0,,,,,0.48888511618808933,,
ENSG00000128271,P29274,ADORA2A,adenosine A2a receptor,0.29720119362277436,4,22,0.44750461490855437,,,0.8273756238486328,,,
ENSG00000173327,Q16584,MAP3K11,mitogen-activated protein kinase kinase kinase 11,0.2971712509397822,2,1,,,,0.16678074823476816,,,0.4804851052493662
ENSG00000167720,Q9GZT4,SRR,serine racemase,0.29712603618629513,0,0,,,,0.22400029397635135,,,0.47754975312609727
ENSG00000121274,Q8NDF8,TENT4B,terminal nucleotidyltransferase 4B,0.2971088371240641,0,0,,,,,0.488721476673523,,
ENSG00000101347,Q9Y3Z3,SAMHD1,SAM and HD domain containing deoxynucleoside triphosphate triphosphohydrolase 1,0.2969918904189895,0,0,,0.012277812715051368,,0.015198269940290528,0.48749635444423006,,
ENSG00000021645,Q9HDB5,NRXN3,neurexin 3,0.29683193465452956,0,0,,0.04600150185041642,,0.7244843737481642,0.4510195188531179,,
ENSG00000121797,O00421,CCRL2,C-C motif chemokine receptor like 2,0.2966951577790607,0,0,,,,0.408664591727812,0.46760777597655756,,
ENSG00000101350,O15066,KIF3B,kinesin family member 3B,0.29666441919607706,0,0,,0.017598481593797236,,,0.4871105188483262,,
ENSG00000108591,P55039,DRG2,developmentally regulated GTP binding protein 2,0.29660945179836684,0,0,,,,0.012158615952232422,0.48729209493501613,,
ENSG00000164938,Q96A56,TP53INP1,tumor protein p53 inducible nuclear protein 1,0.29641603984264664,0,0,,0.08611067419504988,,0.08689557543827454,0.4813235284422562,,
ENSG00000150760,Q14185,DOCK1,dedicator of cytokinesis 1,0.29639348204681265,0,0,,,,0.14896499847142758,0.4800965219670028,,
ENSG00000105339,A2RUS2,DENND3,DENN domain containing 3,0.29633079856392885,0,0,,,,0.03647584785669726,0.4856178699281468,,
ENSG00000144488,Q6ZVH7,ESPNL,espin like,0.2961379012026882,0,0,,,,,0.4871243608090357,,
ENSG00000187624,Q6ZQX7,LIAT1,ligand of ATE1,0.29605837856363904,0,0,,,,0.030396539880581056,0.48547372511217146,,
ENSG00000237524,A0A1B0GUA7,TEX51,testis expressed 51,0.2959439827682596,0,0,,,,,0.486805379709229,,
ENSG00000095059,P49366,DHPS,deoxyhypusine synthase,0.2959182753447773,0,0,,,,0.12556986711105805,,,0.48048459959409207
ENSG00000011523,Q76N32,CEP68,centrosomal protein 68,0.2958817737873638,0,0,,,,,0.4867030506593762,,
ENSG00000154001,Q16537,PPP2R5E,protein phosphatase 2 regulatory subunit B'epsilon,0.29574702904975114,0,0,,,,0.03343619386863916,0.26120301650110533,,0.42043762514189875
ENSG00000206561,Q9Y215,COLQ,collagen like tail subunit of asymmetric acetylcholinesterase,0.29565527494119836,0,0,,,,,0.486330477256194,,
ENSG00000141736,P04626,ERBB2,erb-b2 receptor tyrosine kinase 2,0.29548664055892987,4,44,,,,0.7487241676152888,,,0.44861687812152956
ENSG00000135436,Q8IYM0,FAM186B,family with sequence similarity 186 member B,0.29548054348352626,0,0,,,,,0.486043057276225,,
ENSG00000137309,P17096,HMGA1,high mobility group AT-hook 1,0.2953347134721608,0,0,,,,0.710344777666548,0.45028593909752646,,
ENSG00000144231,O15514,POLR2D,RNA polymerase II subunit D,0.29506860724317485,0,0,,,,,0.48536545344044335,,
ENSG00000184497,Q8WV15,TMEM255B,transmembrane protein 255B,0.29503642334760516,0,0,,,,,0.4853125133760542,,
ENSG00000123472,Q5TC12,ATPAF1,ATP synthase mitochondrial F1 complex assembly factor 1,0.294804425082783,0,0,,0.030073998874985262,,,,,0.4834271939030203
ENSG00000108094,Q13617,CUL2,cullin 2,0.2947194483235589,0,0,,,,0.037995674850726316,0.4828913297878586,,
ENSG00000069696,P21917,DRD4,dopamine receptor D4,0.2942249713999985,4,29,0.4732572389740467,,,0.21440995128515583,,,
ENSG00000170382,O75325,LRRN2,leucine rich repeat neuronal 2,0.29405475505530415,0,0,,,,0.037995674850726316,0.4817979598338011,,
ENSG00000107317,P41222,PTGDS,prostaglandin D2 synthase,0.2939332363052324,0,0,,,,0.6404297665883953,,,0.4514763661303452
ENSG00000288611,P48145,NPBWR1,neuropeptides B and W receptor 1,0.2939164461629143,0,0,,,,0.012158615952232422,0.48286230515296763,,
ENSG00000153303,Q8N878,FRMD1,FERM domain containing 1,0.29389027957661096,0,0,,,,,,,0.4834271939030203
ENSG00000151883,Q8N3A8,PARP8,poly(ADP-ribose) polymerase family member 8,0.29358642692748815,0,0,,0.03333221620228723,,,0.4812607685575731,,
ENSG00000175329,Q2M1V0,ISX,intestine specific homeobox,0.29318874612323526,0,0,,,,,0.4822732246418284,,
ENSG00000107897,Q5T8D3,ACBD5,acyl-CoA binding domain containing 5,0.29311478106936545,0,0,,0.038688793768276074,,0.14286373743873096,0.47414861990004364,,
ENSG00000104140,Q96L33,RHOV,ras homolog family member V,0.2931123511293229,0,0,,,,0.8412657770135311,,,0.4400842718270749
ENSG00000164744,Q8TAQ9,SUN3,Sad1 and UNC84 domain containing 3,0.29301253874427424,0,0,,,,,0.4819833768834104,,
ENSG00000197894,P11766,ADH5,"alcohol dehydrogenase 5 (class III), chi polypeptide",0.2929530762966028,2,2,,,,0.22683834152411037,0.4705436485959534,,
ENSG00000148341,Q9NR46,SH3GLB2,"SH3 domain containing GRB2 like, endophilin B2",0.29284064804838006,0,0,,,,0.024317231904464845,,,0.48048476814563496
ENSG00000106459,Q16656,NRF1,nuclear respiratory factor 1,0.2922145305169213,0,0,,,,0.365990222814335,0.462371202803938,,
ENSG00000185926,A6NHA9,OR4C46,olfactory receptor family 4 subfamily C member 46,0.2921508430269573,0,0,,,,,0.4805659528596526,,
ENSG00000225997,P0C604,OR4A8,olfactory receptor family 4 subfamily A member 8 (gene/pseudogene),0.2921508430269573,0,0,,,,,0.4805659528596526,,
ENSG00000142910,Q9GZM7,TINAGL1,tubulointerstitial nephritis antigen like 1,0.2920083471000714,0,0,,,,0.03343619386863916,0.478659748186651,,
ENSG00000165061,Q9H898,ZMAT4,zinc finger matrin-type 4,0.29181833988303835,0,0,,0.0743827074546422,,,0.4762998750631689,,
ENSG00000198700,Q96P70,IPO9,importin 9,0.2916629519119143,0,0,,,,,0.4797634090224926,,
ENSG00000164654,Q9NXC5,MIOS,meiosis regulator for oocyte development,0.29145676526727315,0,0,,,,0.06079307976116211,0.4763845936603912,,
ENSG00000213064,O95562,SFT2D2,SFT2 domain containing 2,0.29131340217374346,0,0,,0.09131582172196502,,,,,0.47462263515949915
ENSG00000138162,O95359,TACC2,transforming acidic coiled-coil containing protein 2,0.2912939763478684,0,0,,,,0.012158615952232422,0.4785485414394845,,
ENSG00000152380,Q6UXP7,FAM151B,family with sequence similarity 151 member B,0.29128780132816795,0,0,,,,0.18896515625761223,0.46969805698569667,,
ENSG00000085415,Q96EE3,SEH1L,SEH1 like nucleoporin,0.2911557081561496,0,0,,0.02758227178181188,,,,,0.4775499179717608
ENSG00000186716,P11274,BCR,BCR activator of RhoGEF and GTPase,0.29112210640157976,4,14,0.4627028848488449,0.016335099038595816,,0.3161574435273367,,,
ENSG00000184160,P18825,ADRA2C,adrenoceptor alpha 2C,0.2908698139233905,4,52,0.47531744889928607,,,0.06282616715024955,,,
ENSG00000147133,P21675,TAF1,TATA-box binding protein associated factor 1,0.2908241323928535,0,0,,,,0.07522299272113794,,,0.47462246497174854
ENSG00000136883,A0A1W2PNV5,KIF12,kinesin family member 12,0.29077927735029263,0,0,,,,0.015198269940290528,,,0.4775499179717608
ENSG00000007341,Q8TDW4,ST7L,suppression of tumorigenicity 7 like,0.29070732592032683,0,0,,,,,0.47819147682997687,,
ENSG00000121749,Q8TC07,TBC1D15,TBC1 domain family member 15,0.29041968954848296,0,0,,,,0.15637331071898922,0.4698996713034661,,
ENSG00000121310,Q86YB7,ECHDC2,enoyl-CoA hydratase domain containing 2,0.2903994116849886,0,0,,0.02220085111662637,,,0.47657493873789714,,
ENSG00000080511,Q9NYR8,RDH8,retinol dehydrogenase 8,0.2903175085293276,0,0,,,,,,,0.4775502568218267
ENSG00000166902,Q9NX20,MRPL16,mitochondrial ribosomal protein L16,0.2903173025319367,0,0,,,,,,,0.4775499179717608
ENSG00000105696,Q9UK28,TMEM59L,transmembrane protein 59 like,0.2899949188924132,0,0,,,,0.05015429080295874,0.4745119068241863,,
ENSG00000117862,O95881,TXNDC12,thioredoxin domain containing 12,0.28987826901307007,0,0,,,,0.03554706469367951,,,0.47505038793571797
ENSG00000164304,Q8TC20,CAGE1,cancer antigen 1,0.28956093159497237,0,0,,,,,0.47630574521404573,,
ENSG00000168556,Q9H160,ING2,inhibitor of growth family member 2,0.2895571569372902,0,0,,,,0.03647584785669726,0.47447574379594515,,
ENSG00000112294,P51649,ALDH5A1,aldehyde dehydrogenase 5 family member A1,0.28952185918044315,4,3,0.4713574552315104,0.04205607812432506,,0.07898878627300993,,,
ENSG00000147481,Q9NSN8,SNTG1,syntrophin gamma 1,0.2892768768664131,0,0,,,,0.024317231904464845,,,0.47462263515949915
ENSG00000168461,Q13636,RAB31,"RAB31, member RAS oncogene family",0.2892650014602839,0,0,,0.03828216000539738,,0.12355011373794175,,,0.46879074225969253
ENSG00000189139,Q5H9T9,FSCB,fibrous sheath CABYR binding protein,0.28923858597972835,0,0,,,,,0.4757755111536717,,
ENSG00000124067,Q9UP95,SLC12A4,solute carrier family 12 member 4,0.28921787089020123,0,0,,,,0.037995674850726316,,,0.47384165266182426
ENSG00000173868,Q8TCT1,PHOSPHO1,phosphoethanolamine/phosphocholine phosphatase 1,0.2887415570339621,0,0,,,,0.012158615952232422,0.47435000548122414,,
ENSG00000185344,Q9Y487,ATP6V0A2,ATPase H+ transporting V0 subunit a2,0.288501156843142,0,0,,,,0.021277577916406734,0.47349861732344845,,
ENSG00000161813,Q71RC2,LARP4,La ribonucleoprotein 4,0.2881755116846988,0,0,,,,0.03343619386863916,0.47235502496744475,,
ENSG00000110066,Q4FZB7,KMT5B,lysine methyltransferase 5B,0.28785439209744373,0,0,,,,,0.47349861732344845,,
ENSG00000104892,Q6P597,KLC3,kinesin light chain 3,0.2877771479284059,0,0,,,,0.0547137717850459,0.4706358679415183,,
ENSG00000218305,A4D256,CDC14C,cell division cycle 14C,0.2877022042360267,0,0,,,,,0.47324827984751383,,
ENSG00000165702,Q5VTD9,GFI1B,growth factor independent 1B transcriptional repressor,0.2876997634874069,0,0,,,,0.012158615952232422,,,0.47263633420375617
ENSG00000138795,Q9UJU2,LEF1,lymphoid enhancer binding factor 1,0.28735317307686775,0,0,,0.06580556400410427,,0.0614431245856831,0.4680184691249399,,
ENSG00000168769,Q6N021,TET2,tet methylcytosine dioxygenase 2,0.2873467057160254,0,0,,0.054898059754448746,,0.3905947198383307,0.4519138189008682,,
ENSG00000130414,O95299,NDUFA10,NADH:ubiquinone oxidoreductase subunit A10,0.2872301200116593,4,3,,0.06922225692987186,,0.28558636531675774,0.11201882999885311,,0.43725538776020645
ENSG00000156011,Q9NYI0,PSD3,pleckstrin and Sec7 domain containing 3,0.2871641541807416,0,0,,,,0.0439061131608393,0.4701679227043373,,
ENSG00000102189,Q15075,EEA1,early endosome antigen 1,0.2868138597110723,0,0,,,,0.504356581784061,0.44656919146951596,,
ENSG00000267508,Q96NJ3,ZNF285,zinc finger protein 285,0.28678623422027055,0,0,,0.015076556988094458,,,0.4709877508746346,,
ENSG00000150672,Q15700,DLG2,discs large MAGUK scaffold protein 2,0.2866801696273941,0,0,,,,0.3034351509348028,0.45639535297583095,,
ENSG00000163681,Q14BN4,SLMAP,sarcolemma associated protein,0.2866218215917548,0,0,,,,,0.47147113243449174,,
ENSG00000143891,Q96C23,GALM,galactose mutarotase,0.28649533557786444,0,0,,,,0.09118961964174316,0.46670359156403035,,
ENSG00000168310,P14316,IRF2,interferon regulatory factor 2,0.2863829628955643,0,0,,,,0.4101488527023889,,,0.45057078538142065
ENSG00000139174,Q96MT3,PRICKLE1,prickle planar cell polarity protein 1,0.2863399694411094,0,0,,,,0.012158615952232422,0.47039957625097645,,
ENSG00000179088,Q96LP6,C12orf42,chromosome 12 open reading frame 42,0.28617479367060766,0,0,,,,,0.4707358054484213,,
ENSG00000113494,P16471,PRLR,prolactin receptor,0.2860958373742356,0,0,,,,0.03630697819069404,,,0.46879057942675106
ENSG00000108599,O43572,AKAP10,A-kinase anchoring protein 10,0.28589952014548325,0,0,,0.0666485735023278,,,0.46695057272684787,,
ENSG00000131115,Q86WZ6,ZNF227,zinc finger protein 227,0.28587316457651674,0,0,,,,,0.189572554779897,,0.4228465097973002
ENSG00000274391,P56180,TPTE,transmembrane phosphatase with tensin homology,0.2857502046465254,0,0,,,,,0.3189209488779941,,0.3903071515246691
ENSG00000134363,P19883,FST,follistatin,0.28549527011037296,0,0,,,,0.01654922726831635,,,0.46879057942675106
ENSG00000101276,Q9NQ40,SLC52A3,solute carrier family 52 member 3,0.28548775891919964,0,0,,,,0.037995674850726316,0.4677059017084986,,
ENSG00000171812,P25067,COL8A2,collagen type VIII alpha 2 chain,0.28531231919553834,0,0,,,,0.03647584785669726,0.4674933080344595,,
ENSG00000130985,P22314,UBA1,ubiquitin like modifier activating enzyme 1,0.2852756576874469,0,0,,0.029159858138012626,,0.11238766794090313,,,0.46298941478574945
ENSG00000111424,P11473,VDR,vitamin D receptor,0.28526982158016706,4,17,0.42555155832813474,,,0.8739127349769926,,,
ENSG00000188452,Q49MI3,CERKL,CERK like autophagy regulator,0.2849922308637188,0,0,,,,,,,0.46879057942675106
ENSG00000048405,Q2TB10,ZNF800,zinc finger protein 800,0.28471100756279116,0,0,,0.040820684592171114,,,,,0.46628695422127414
ENSG00000110203,P41439,FOLR3,folate receptor gamma,0.2846556259487722,0,0,,,,0.33521378276178654,,,0.45147620076302986
ENSG00000203972,Q5SZD4,GLYATL3,glycine-N-acyltransferase like 3,0.2845054608801925,0,0,,,,,0.11162243175492086,,0.4400842718270749
ENSG00000139631,Q9Y600,CSAD,cysteine sulfinic acid decarboxylase,0.2844740661112339,0,0,,,,0.04103532883878443,,,0.46588647131283106
ENSG00000162490,Q8NBI3,DRAXIN,dorsal inhibitory axon guidance protein,0.28432071226956424,0,0,,,,0.02279740491043579,0.4665461120843348,,
ENSG00000030419,Q9UKS7,IKZF2,IKAROS family zinc finger 2,0.28432055887737745,0,0,,,,0.06594360457426056,0.037560044884711014,,0.45683030535519553
ENSG00000136444,Q9HA92,RSAD1,radical S-adenosyl methionine domain containing 1,0.2840547461016903,0,0,,,,0.20061716321183495,,,0.45721763001874827
ENSG00000197111,Q15366,PCBP2,poly(rC) binding protein 2,0.2839883865718342,0,0,,,,0.25592197882789214,,,0.45434323285021705
ENSG00000197165,P50226,SULT1A2,sulfotransferase family 1A member 2,0.2838199630635307,0,0,,,,,0.03857863156249398,,0.45721763001874827
ENSG00000131697,O75161,NPHP4,nephrocystin 4,0.28381025374526747,0,0,,,,0.01823792392834863,0.46593442062167006,,
ENSG00000170689,P17482,HOXB9,homeobox B9,0.2834701999956326,0,0,,,,,,,0.46628695422127414
ENSG00000036257,Q13618,CUL3,cullin 3,0.283355254560291,0,0,,0.06994493618696866,,0.14755652206736924,0.45716571968966613,,
ENSG00000162368,P30085,CMPK1,cytidine/uridine monophosphate kinase 1,0.28323230192405907,0,0,,0.03433369381866601,,0.44423648026337714,,,0.4429208349709572
ENSG00000114739,Q13705,ACVR2B,activin A receptor type 2B,0.28322642830067885,4,2,,,,,,,0.4658859682934161
ENSG00000114805,Q4KWH8,PLCH1,phospholipase C eta 1,0.28314999299907356,0,0,,,,0.030396539880581056,0.4642404110322159,,
ENSG00000142949,P10586,PTPRF,protein tyrosine phosphatase receptor type F,0.28312320134587526,0,0,,,,0.05454490211904267,,,0.46298892268515496
ENSG00000162599,Q12857,NFIA,nuclear factor I A,0.28271914025842826,0,0,,0.0745582367768378,,0.3824177395707056,0.4442737812991812,,
ENSG00000197119,Q8N8R3,SLC25A29,solute carrier family 25 member 29,0.2825581193340463,0,0,,0.033937960724356335,,,0.4630897527538605,,
ENSG00000044115,P35221,CTNNA1,catenin alpha 1,0.2823632791743076,0,0,,,,0.02870784322054877,0.46303076136109833,,
ENSG00000156925,O60481,ZIC3,Zic family zinc finger 3,0.2819179902639153,0,0,,,,0.012158615952232422,,,0.46312575627908703
ENSG00000178445,P23378,GLDC,glycine decarboxylase,0.28187721367844143,0,0,,,,0.04745237614690708,0.4612939938825414,,
ENSG00000113569,O75694,NUP155,nucleoporin 155,0.2818417700070261,0,0,,,,,0.27156040854402336,,0.3957182084057506
ENSG00000109452,O15327,INPP4B,inositol polyphosphate-4-phosphatase type II B,0.2818348049080161,0,0,,,,0.012158615952232422,,,0.46298892268515496
ENSG00000259571,Q8IZY5,BLID,"BH3-like motif containing, cell death inducer",0.28179610969375546,0,0,,,,,0.4635332027935555,,
ENSG00000069956,Q16659,MAPK6,mitogen-activated protein kinase 6,0.2816579534616645,0,0,,0.02096936648587694,,0.11166506664463456,0.4572567070282569,,
ENSG00000112242,O00716,E2F3,E2F transcription factor 3,0.2815484104092306,3,1,,,,,,,0.46312575627908703
ENSG00000166272,Q9NX94,WBP1L,WW domain binding protein 1 like,0.28120155661088725,0,0,,,,0.030396539880581056,0.46103538112446796,,
ENSG00000110079,Q96JQ5,MS4A4A,membrane spanning 4-domains A4A,0.2809662449977248,0,0,,,,0.7048088943897136,0.42692769366329975,,
ENSG00000198561,O60716,CTNND1,catenin delta 1,0.28094462417771365,0,0,,,,0.49614043853250445,0.4373255518489778,,
ENSG00000161082,Q8N6W0,CELF5,CUGBP Elav-like family member 5,0.28087103747571707,0,0,,,,,0.46201152923848515,,
ENSG00000126214,Q07866,KLC1,kinesin light chain 1,0.28086920523879216,0,0,,0.137968138975634,,0.7705819978548261,0.41432387293512835,0.33439233522627215,
ENSG00000111206,Q08050,FOXM1,forkhead box M1,0.2806415639469622,0,0,,,,0.22126554653799252,,,0.45057078538142065
ENSG00000163466,O15144,ARPC2,actin related protein 2/3 complex subunit 2,0.2806328595117948,0,0,,,,0.030396539880581056,,,0.46009991757939556
ENSG00000067704,Q9NSE4,IARS2,"isoleucyl-tRNA synthetase 2, mitochondrial",0.28060117182280925,0,0,,0.038490752956764206,,0.01823792392834863,0.03603238341339135,,0.45147620076302986
ENSG00000185278,Q5TC79,ZBTB37,zinc finger and BTB domain containing 37,0.28055603191876105,0,0,,,,0.030396539880581056,,,0.4599735420226125
ENSG00000129355,P55273,CDKN2D,cyclin dependent kinase inhibitor 2D,0.28049828835642,0,0,,,,0.08361824477689699,,,0.4572174730023934
ENSG00000118596,O60669,SLC16A7,solute carrier family 16 member 7,0.28045929586258916,0,0,,,,0.13982363394717154,,,0.454343063852349
ENSG00000142208,P31749,AKT1,AKT serine/threonine kinase 1,0.27994026456394494,3,14,,,,0.9117707988080858,,,0.4148919385346899
ENSG00000282608,P0DMS8,ADORA3,adenosine A3 receptor,0.279909425546324,4,8,0.44750461490855437,0.009226265965311795,,0.25440215183386305,,,
ENSG00000204304,P40425,PBX2,PBX homeobox 2,0.27963208228204933,0,0,,,,,,,0.4599735420226125
ENSG00000100106,Q9H2D6,TRIOBP,TRIO and F-actin binding protein,0.27909021366823383,0,0,,0.08126995568841379,,0.030396539880581056,,,0.45434323285021705
ENSG00000198300,Q9GZU2,PEG3,paternally expressed 3,0.2790789731809067,0,0,,,,0.2556686743288873,0.4462802858340782,,
ENSG00000138101,O60941,DTNB,dystrobrevin beta,0.2790312599640904,0,0,,0.06264924361969937,,0.16992679011240827,0.44909669001248076,,
ENSG00000165280,P55072,VCP,valosin containing protein,0.2789187420447917,0,0,,,,0.4217995443618667,0.4377101742803672,,
ENSG00000165238,Q9Y3S1,WNK2,WNK lysine deficient protein kinase 2,0.27887873748523745,0,0,,,,0.30787404625805165,0.44334064472276147,,
ENSG00000049245,Q15836,VAMP3,vesicle associated membrane protein 3,0.2788344306542689,0,0,,,,0.028876712886552,,,0.45721763001874827
ENSG00000119787,Q8NHH9,ATL2,atlastin GTPase 2,0.27856374950191815,0,0,,,,0.5319394479101685,,,0.43161924332561
ENSG00000072571,O75330,HMMR,hyaluronan mediated motility receptor,0.27851104828141976,0,0,,,,0.01823792392834863,,,0.45721763001874827
ENSG00000125337,Q9UIL4,KIF25,kinesin family member 25,0.2780571432094984,0,0,,,,0.06079307976116211,,,0.45434323285021705
ENSG00000185420,Q9H7B4,SMYD3,SET and MYND domain containing 3,0.2780243724019255,0,0,,0.052860395079650714,,0.3445059395232054,0.43892900892583203,,
ENSG00000255526,E9PL57,NEDD8-MDP1,NEDD8-MDP1 readthrough,0.27795658304431486,0,0,,,,,,,0.4572174730023934
ENSG00000066827,Q9P243,ZFAT,zinc finger and AT-hook domain containing,0.27787844184728167,0,0,,,,,0.4570889366667773,,
ENSG00000096968,O60674,JAK2,Janus kinase 2,0.27786025335178,4,28,,,,0.28275407882202486,,,0.44292131403168467
ENSG00000115694,O00506,STK25,serine/threonine kinase 25,0.2777209799952056,0,0,,,,0.060793079761162105,0.07112009377329254,,0.4376989431053301
ENSG00000168539,P11229,CHRM1,cholinergic receptor muscarinic 1,0.2773789978341416,4,42,0.17721182750378753,0.16492677888223758,,0.7602097437600994,,,0.3930092977161846
ENSG00000127603,Q9UPN3,MACF1,microtubule actin crosslinking factor 1,0.27737379645160826,0,0,,0.030965239367463235,,0.19212301901187256,0.445964565929203,,
ENSG00000115423,Q9C0G6,DNAH6,dynein axonemal heavy chain 6,0.27713319357278665,0,0,,,,0.030396539880581056,,,0.45434323285021705
ENSG00000151067,Q13936,CACNA1C,calcium voltage-gated channel subunit alpha1 C,0.2770210136084005,4,35,0.42555155832813474,,,0.6025394798573731,,,
ENSG00000067141,Q92859,NEO1,neogenin 1,0.2769843990851256,0,0,,,,0.09342714271628592,0.4509469470746563,,
ENSG00000106852,Q9UPM6,LHX6,LIM homeobox 6,0.27692454352679563,0,0,,,,0.03647584785669727,,,0.4536960539692011
ENSG00000023572,Q9NS18,GLRX2,glutaredoxin 2,0.27685590594276444,0,0,,,,0.021277577916406734,,,0.454343063852349
ENSG00000108018,Q8WY21,SORCS1,sortilin related VPS10 domain containing receptor 1,0.2767997093402167,0,0,,,,0.35208658647586843,0.4377101742803672,,
ENSG00000064651,P55011,SLC12A2,solute carrier family 12 member 2,0.2766678606636164,0,0,,,,0.25639888100702224,0.059866498186554824,,0.4344332450849263
ENSG00000116679,Q9Y6Y0,IVNS1ABP,influenza virus NS1A binding protein,0.2765648177635446,0,0,,,,0.34876417446104224,0.4374899160735289,,
ENSG00000177706,Q8IXL6,FAM20C,FAM20C golgi associated secretory pathway kinase,0.27656245350394654,0,0,,,,0.012158615952232422,0.4543163049714562,,
ENSG00000198176,Q14186,TFDP1,transcription factor Dp-1,0.27632227551245575,0,0,,,,0.32739645741530954,,,0.43815933833975984
ENSG00000176986,P53992,SEC24C,"SEC24 homolog C, COPII component",0.2763142866378405,0,0,,,,0.06079307976116211,,,0.4514763661303452
ENSG00000197635,P27487,DPP4,dipeptidyl peptidase 4,0.276258698871117,4,22,,,,0.8393940068649753,0.4124548821198459,,
ENSG00000163485,P30542,ADORA1,adenosine A1 receptor,0.2760353228639402,4,17,0.44750461490855437,,,0.13105061968735193,,,
ENSG00000279782,P0DN26,PPIAL4F,peptidylprolyl isomerase A like 4F,0.2758955746385782,0,0,,,,,0.4538272706737177,,
ENSG00000177873,Q8N2I2,ZNF619,zinc finger protein 619,0.2758158039627415,0,0,,,,,,,0.4536960539692011
ENSG00000144891,P30556,AGTR1,angiotensin II receptor type 1,0.2757434956885778,4,20,0.13678442946261474,,,0.326279650755427,,,0.41213034607746346
ENSG00000169919,P08236,GUSB,glucuronidase beta,0.2756296204203828,0,0,,,,0.09765281508546306,0.4485071554252418,,
ENSG00000102763,A3KMH1,VWA8,von Willebrand factor A domain containing 8,0.2756146506121631,0,0,,0.02674946313928243,,0.03647584785669726,0.4509469470746563,,
ENSG00000266173,Q7RTN6,STRADA,STE20 related adaptor alpha,0.27539052892598415,0,0,,,,0.030396539880581056,,,0.4514766818321589
ENSG00000169629,O14715,RGPD8,RANBP2 like and GRIP domain containing 8,0.27539033700112875,0,0,,,,0.030396539880581056,,,0.4514763661303452
ENSG00000173281,Q86XI6,PPP1R3B,protein phosphatase 1 regulatory subunit 3B,0.2750333025482809,0,0,,,,0.1897612717843141,,,0.4429208349709572
ENSG00000072135,Q99952,PTPN18,protein tyrosine phosphatase non-receptor type 18,0.2748358666872178,0,0,,,,0.012158615952232422,,,0.45147620076302986
ENSG00000173041,Q8NEM1,ZNF680,zinc finger protein 680,0.27481954078536985,0,0,,,,0.030396539880581056,0.45053744969774895,,
ENSG00000082068,Q9NW82,WDR70,WD repeat domain 70,0.2746936357886808,0,0,,0.07045451866918621,,,0.44832744659912205,,
ENSG00000165389,Q969W0,SPTSSA,serine palmitoyltransferase small subunit A,0.2745478304609046,0,0,,,,0.03647584785669726,0.4497865414470054,,
ENSG00000129354,Q9Y6Q5,AP1M2,adaptor related protein complex 1 subunit mu 2,0.27446638736441703,0,0,,,,,,,0.4514763661303452
ENSG00000160447,Q6P5Z2,PKN3,protein kinase N3,0.2744662868325331,0,0,,,,,,,0.45147620076302986
ENSG00000173846,Q9H4B4,PLK3,polo like kinase 3,0.2744662868325331,0,0,,,,,,,0.45147620076302986
ENSG00000119121,Q9BX84,TRPM6,transient receptor potential cation channel subfamily M member 6,0.27439996147560924,0,0,,,,0.06079307976116211,0.44832744659912205,,
ENSG00000063761,Q86TW2,ADCK1,aarF domain containing kinase 1,0.2740552358572341,0,0,,,,0.12236520200837545,0.4446817930206198,,
ENSG00000059377,P24557,TBXAS1,thromboxane A synthase 1,0.27402523692190883,4,3,,,,0.3761638472381823,0.43194251478843154,,
ENSG00000099875,Q9HBH9,MKNK2,MAPK interacting serine/threonine kinase 2,0.27399744072233867,2,1,,0.08527862281889088,,0.030396539880581056,,,0.4457655747077419
ENSG00000151657,O60870,KIN,Kin17 DNA and RNA binding protein,0.2739158569374216,0,0,,,,,,,0.45057078538142065
ENSG00000112964,P10912,GHR,growth hormone receptor,0.27391051558092516,4,5,,,,0.08209261073414927,0.4464573687188624,,
ENSG00000031691,Q7L2Z9,CENPQ,centromere protein Q,0.27389076686862407,0,0,,,,,0.45052951412341546,,
ENSG00000119888,P16422,EPCAM,epithelial cell adhesion molecule,0.27383550658361855,4,8,,,,0.19886943424393708,0.4404951434384694,,
ENSG00000164123,Q96LM5,SPMIP2,sperm microtubule inner protein 2,0.27381600242358106,0,0,,,,0.030396539880581056,0.44888670529438696,,
ENSG00000075618,Q16658,FSCN1,fascin actin-bundling protein 1,0.2737840111271729,0,0,,,,0.03782680518472309,0.4484625687757867,,
ENSG00000198010,Q9P1A6,DLGAP2,DLG associated protein 2,0.2737557477081063,0,0,,,,0.8093385401416592,0.4098404908497044,,
ENSG00000150594,P08913,ADRA2A,adrenoceptor alpha 2A,0.27374212896812183,4,51,0.4460270053310262,,,0.08516021465199891,,,
ENSG00000155511,P42261,GRIA1,glutamate ionotropic receptor AMPA type subunit 1,0.2737040538022814,4,11,0.15198269940290526,0.04712665718926937,,0.711356802318693,0.39141579484525235,0.3700778730460743,
ENSG00000113575,P67775,PPP2CA,protein phosphatase 2 catalytic subunit alpha,0.27369660216497954,2,1,,0.04772401489334315,,0.4627251315400041,,,0.4260133376881517
ENSG00000101236,Q9Y225,RNF24,ring finger protein 24,0.2735998341452914,0,0,,,,,0.45005095188495725,,
ENSG00000100478,Q9Y587,AP4S1,adaptor related protein complex 4 subunit sigma 1,0.2733766176062514,0,0,,0.07837039303808661,,,,,0.4457652579758564
ENSG00000100350,Q8IWF2,FOXRED2,FAD dependent oxidoreductase domain containing 2,0.27328248469827754,0,0,,,,0.01823792392834863,,,0.44861703994553
ENSG00000121741,Q9UBW7,ZMYM2,zinc finger MYM-type containing 2,0.27313585172152366,0,0,,,,0.03343619386863916,0.4476159263360521,,
ENSG00000156110,P55263,ADK,adenosine kinase,0.27309897900528063,0,0,,,,0.07178639162838082,0.3927479522098618,,0.21953551141585914
ENSG00000164405,O14949,UQCRQ,ubiquinol-cytochrome c reductase complex III subunit VII,0.2728456174113142,0,0,,0.042169188766642864,,0.0421329816678054,,,0.4457655747077419
ENSG00000183571,A6NFU8,PGPEP1L,pyroglutamyl-peptidase I like,0.27248908697582547,0,0,,,,0.012158615952232422,0.4476159263360521,,
ENSG00000217236,P0CG40,SP9,Sp9 transcription factor,0.27211950712114075,0,0,,,,,0.4476159263360521,,
ENSG00000184302,O95475,SIX6,SIX homeobox 6,0.27202135054454085,0,0,,,,,,,0.4474544662208786
ENSG00000132359,Q684P5,RAP1GAP2,RAP1 GTPase activating protein 2,0.2717585232082723,0,0,,,,,0.4470221352100117,,
ENSG00000138735,O76074,PDE5A,phosphodiesterase 5A,0.2717489621224088,4,13,0.42555155832813474,,,0.42909699243268595,,,
ENSG00000075884,Q53QZ3,ARHGAP15,Rho GTPase activating protein 15,0.2717332557686832,0,0,,,,0.0697431720593332,0.4434934135875559,,
ENSG00000269699,Q9NZV7,ZIM2,zinc finger imprinted 2,0.2713075301254534,0,0,,,,,0.4462802858340782,,
ENSG00000112210,Q9ULC3,RAB23,"RAB23, member RAS oncogene family",0.27115804353042533,0,0,,,,,0.4460343917362378,,
ENSG00000290292,Q8IX15,HOMEZ,homeobox and leucine zipper encoding,0.27107627840215154,0,0,,,,,,,0.4458998943089073
ENSG00000171132,Q02156,PRKCE,protein kinase C epsilon,0.2706762489801176,4,5,,0.04093745636145731,,0.7112218577007247,0.047506909103711976,,0.4038905197396138
ENSG00000138696,O00238,BMPR1B,bone morphogenetic protein receptor type 1B,0.27066322682466426,4,2,,0.10272698973329344,,,,,0.4400841063415635
ENSG00000113108,O95704,APBB3,amyloid beta precursor protein binding family B member 3,0.2705115903966384,0,0,,,,0.12727874091484062,0.03083687412028515,,0.43443339042350443
ENSG00000130720,Q8N539,FIBCD1,fibrinogen C domain containing 1,0.2704793620529394,0,0,,,,,0.44491801224016314,,
ENSG00000164588,O60741,HCN1,hyperpolarization activated cyclic nucleotide gated potassium channel 1,0.2703283692343709,0,0,,0.01033936386730844,,0.3543772258795927,0.42672101558349573,,
ENSG00000185008,Q9HCK4,ROBO2,roundabout guidance receptor 2,0.2702526984126968,0,0,,,,0.06518369107724604,0.441285983209375,,
ENSG00000126091,Q11203,ST3GAL3,"ST3 beta-galactoside alpha-2,3-sialyltransferase 3",0.2701728013057374,0,0,,,,0.045594809820871586,0.4421340025980808,,
ENSG00000165156,Q9UKY1,ZHX1,zinc fingers and homeoboxes 1,0.27013230852596937,0,0,,,,,,,0.4443471355411483
ENSG00000129173,A0AVK6,E2F8,E2F transcription factor 8,0.26998240657831457,3,1,,,,0.015198269940290528,0.44334064472276147,,
ENSG00000159111,Q7Z7H8,MRPL10,mitochondrial ribosomal protein L10,0.26966073349906283,0,0,,,,0.0697431720593332,,,0.4400842718270749
ENSG00000143954,Q6UW15,REG3G,regenerating family member 3 gamma,0.2695204317599587,0,0,,,,,0.44334064472276147,,
ENSG00000095319,Q5SRE5,NUP188,nucleoporin 188,0.2693886816615866,0,0,,,,0.06079307976116211,,,0.4400842718270749
ENSG00000133606,Q9UHC7,MKRN1,makorin ring finger protein 1,0.2693837943257066,0,0,,0.05241486160502963,,,0.4404951434384694,,
ENSG00000092148,Q9ULT8,HECTD1,HECT domain E3 ubiquitin protein ligase 1,0.2693807047495256,0,0,,,,0.030396539880581056,0.44159097740647524,,
ENSG00000066032,P26232,CTNNA2,catenin alpha 2,0.26907740563241095,0,0,,0.018913923084346997,,0.13371934163506474,0.43550562389966585,,
ENSG00000089169,Q9Y2J0,RPH3A,rabphilin 3A,0.2688629128403455,0,0,,0.09314567234997694,,0.45005144923764057,0.4176865997355673,,
ENSG00000160145,O60229,KALRN,kalirin RhoGEF kinase,0.26858248937284157,0,0,,,,0.15484135696478338,0.43405573286858934,,
ENSG00000144331,Q569K4,ZNF385B,zinc finger protein 385B,0.2685135312791432,0,0,,0.008909844383628716,,0.012158615952232422,0.44087844254942654,,
ENSG00000164318,Q63HQ2,EGFLAM,"EGF like, fibronectin type III and laminin G domains",0.26848990827012553,0,0,,,,,0.4416455118328309,,
ENSG00000137288,Q9BRT2,UQCC2,ubiquinol-cytochrome c reductase complex assembly factor 2,0.2684647320248748,0,0,,,,0.030396539880581056,,,0.4400842718270749
ENSG00000148090,Q13825,AUH,AU RNA binding methylglutaconyl-CoA hydratase,0.2683863792619711,0,0,,0.027818852972415143,,,,,0.4400842718270749
ENSG00000156381,Q96BM1,ANKRD9,ankyrin repeat domain 9,0.2683710206747404,0,0,,0.06216058797550431,,,0.43834192136715106,,
ENSG00000167964,Q9ULW5,RAB26,"RAB26, member RAS oncogene family",0.2682799420975325,0,0,,,,0.024317231904464845,,,0.4400842718270749
ENSG00000106246,O75127,PTCD1,pentatricopeptide repeat domain 1,0.26816591187149613,0,0,,0.050334621239037744,,0.11121249593974593,,,0.43443339042350443
ENSG00000002549,P28838,LAP3,leucine aminopeptidase 3,0.26788893760057325,2,1,,0.044449016482396256,,0.15976040850476494,0.43168118436791514,,
ENSG00000145934,Q9NT68,TENM2,teneurin transmembrane protein 2,0.26781964247610446,0,0,,0.02746717840740372,,0.07176960805137193,0.4363441133520716,,
ENSG00000130164,P01130,LDLR,low density lipoprotein receptor,0.26777474013677705,0,0,,,,0.5810400709694613,0.4114171110099342,,
ENSG00000145715,P20936,RASA1,RAS p21 protein activator 1,0.26762246462781725,0,0,,,,0.21288772498411238,0.42957424665971455,,
ENSG00000197323,Q9UPN9,TRIM33,tripartite motif containing 33,0.2676224312264255,0,0,,,,0.05927325276713306,,,0.4372549153278103
ENSG00000211455,Q9Y2H1,STK38L,serine/threonine kinase 38 like,0.26754068178442414,0,0,,,,,,,0.4400841063415635
ENSG00000082684,Q9P283,SEMA5B,semaphorin 5B,0.2673535935423892,0,0,,,,0.12065737635930646,0.43374349157164116,,
ENSG00000204842,Q99700,ATXN2,ataxin 2,0.26706140042918364,0,0,,,,0.22791808351942083,0.09941797137376039,,0.4093763857616411
ENSG00000151292,Q9Y6M4,CSNK1G3,casein kinase 1 gamma 3,0.26699746237491206,0,0,,,,0.07318473585247898,0.4355313148686268,,
ENSG00000149346,Q5VYV7,SLX4IP,SLX4 interacting protein,0.26668115571616746,0,0,,,,,0.4386702512257616,,
ENSG00000151726,P33121,ACSL1,acyl-CoA synthetase long chain family member 1,0.2664415933783881,0,0,,,,0.13313271261293144,,,0.43161955374017935
ENSG00000197619,Q8N8J6,ZNF615,zinc finger protein 615,0.26637055603787035,0,0,,,,,,,0.43815933833975984
ENSG00000174640,Q92959,SLCO2A1,solute carrier organic anion transporter family member 2A1,0.2660457317863765,0,0,,,,0.06383273374922022,,,0.43443339042350443
ENSG00000100997,Q8N2K0,ABHD12,"abhydrolase domain containing 12, lysophospholipase",0.2659979812699338,0,0,,,,0.030396539880581056,0.43602665414323294,,
ENSG00000129910,P55291,CDH15,cadherin 15,0.265995447091052,0,0,,,,,0.4375423126054295,,
ENSG00000006576,Q8N3S3,PHTF2,putative homeodomain transcription factor 2,0.2658148010293492,0,0,,,,,,,0.43724516355094417
ENSG00000079841,Q86UR5,RIMS1,regulating synaptic membrane exocytosis 1,0.2657562371292102,0,0,,0.05524601522350598,,0.09604953354492891,0.4311186644777186,,
ENSG00000112297,Q9Y4K1,CRYBG1,crystallin beta-gamma domain containing 1,0.26553392606342074,0,0,,,,0.06079307976116211,0.43374349157164116,,
ENSG00000198589,P50851,LRBA,LPS responsive beige-like anchor protein,0.2655268980346442,0,0,,,,0.030396539880581056,0.4352517579919928,,
ENSG00000107968,P41279,MAP3K8,mitogen-activated protein kinase kinase kinase 8,0.2653978498674473,2,1,,,,0.26675159050867925,,,0.4232217310245766
ENSG00000169855,Q9Y6N7,ROBO1,roundabout guidance receptor 1,0.26535913821233825,0,0,,,,0.015198269940290528,0.4357357193198377,,
ENSG00000133636,P30990,NTS,neurotensin,0.26512266156456044,0,0,,,,0.313377341202426,,,0.4204377796275418
ENSG00000091436,Q9NYL2,MAP3K20,mitogen-activated protein kinase kinase kinase 20,0.2647051664257784,0,0,,,,0.27566607227768025,0.4216365952721835,,
ENSG00000152475,Q96EG3,ZNF837,zinc finger protein 837,0.2644978519431452,0,0,,,,,,,0.4350788823041675
ENSG00000169504,Q9Y696,CLIC4,chloride intracellular channel 4,0.2643431546298255,0,0,,0.026358866288399493,,0.23368230423590144,0.4225545491744218,,
ENSG00000115977,Q2M2I8,AAK1,AP2 associated kinase 1,0.26429440552380745,0,0,,0.0638614907831879,,0.14623492929793175,,,0.4260133376881517
ENSG00000115825,O94806,PRKD3,protein kinase D3,0.2641846018520403,4,4,,,,0.042512938416312665,0.43243796276953544,,
ENSG00000006634,Q9UBU7,DBF4,DBF4-CDC7 kinase regulatory subunit,0.26410563032590545,0,0,,,,,,,0.43443370752641214
ENSG00000171100,Q13496,MTM1,myotubularin 1,0.2636367354603641,0,0,,,,0.04086645917278119,,,0.43161908811859906
ENSG00000116685,Q8IYS2,KIAA2013,KIAA2013,0.2636061411183684,0,0,,,,0.045594809820871586,0.4313323452167349,,
ENSG00000171103,Q9BVS5,TRMT61B,tRNA methyltransferase 61B,0.2633153980029811,0,0,,,,0.03029184068765905,,,0.43161924332561
ENSG00000143515,P98198,ATP8B2,ATPase phospholipid transporting 8B2,0.26239463085946246,0,0,,,,,,,0.43161924332561
