target_id,uniprot_id,gene_symbol,gene_name,score_overall,max_clinical_phase,n_drugs,score_known_drug,score_rna_expression,score_genetic_literature,score_literature,score_genetic_association,score_animal_model,score_affected_pathway,has_clinical_trials,is_high_confidence,geneticConstraint,hasHighQualityChemicalProbes,expressionAtlas,target_success,max_pchembl,drug_count
ENSG00000080815,P49768,PSEN1,presenilin 1,0.8671138502017128,3,6,0.6432229884302734,0.0498809631145068,0.8855819352769478,0.9711447481384504,0.9543800116162438,0.5711362082603426,0.0,1,1,-0.7674572531715389,1.0,0.0498809631145068,1,9.94,194
ENSG00000142192,P05067,APP,amyloid beta precursor protein,0.8540101506507178,4,13,0.9129282017778076,0.0,0.607930797611621,0.9945959855988492,0.9207313771930412,0.3906563305452277,0.607930797611621,1,1,-0.7845559845559845,0.0,0.0,1,10.15,2398
ENSG00000143801,P49810,PSEN2,presenilin 2,0.8172946923914078,3,6,0.6432229884302734,0.0,0.7717343736347523,0.6879092532128198,0.9091276783648212,0.0,0.0,1,1,-0.2050744622173194,0.0,0.0,1,9.0,8
ENSG00000130203,P02649,APOE,apolipoprotein E,0.7815022228562081,0,0,0.0,0.017251532679053,0.607930797611621,0.9984835699649396,0.9037750477363088,0.2687054125443365,0.2670020417823128,0,1,0.531053502482074,0.0,0.017251532679053,0,0.0,0
ENSG00000176884,Q05586,GRIN1,glutamate ionotropic receptor NMDA type subunit 1,0.6836139345631277,4,27,0.9603610110018348,0.0,0.0,0.8429654147425989,0.0,0.0,0.5815977506239859,1,1,-0.60419194704909,0.0,0.0,1,9.0,109
ENSG00000137642,Q92673,SORL1,sortilin related receptor 1,0.6833832980221779,0,0,0.0,0.0476803620843015,0.3039653988058105,0.9717954040517236,0.7548265090581254,0.6326456669186236,0.0,0,1,-0.6372862658576944,0.0,0.0476803620843015,0,0.0,0
ENSG00000164885,Q00535,CDK5,cyclin dependent kinase 5,0.679590497043796,3,7,0.0,0.0897798679319798,0.0,0.8980082226191473,0.0,0.0,0.877437422074483,1,1,-0.5891891891891892,1.0,0.0897798679319798,1,10.0,845
ENSG00000137845,O14672,ADAM10,ADAM metallopeptidase domain 10,0.6731749841223225,0,0,0.0,0.020403122422004,0.607930797611621,0.91811349867051,0.772054088915575,0.0,0.0,0,1,-0.9054605626034198,0.0,0.020403122422004,0,8.28,267
ENSG00000116032,O60391,GRIN3B,glutamate ionotropic receptor NMDA type subunit 3B,0.6507431604119212,4,23,0.9603610110018348,0.0,0.0,0.1789089676471199,0.4243452803702214,0.0,0.0,1,1,0.8228350799779371,0.0,0.0,1,9.3,550
ENSG00000087085,P22303,ACHE,acetylcholinesterase (Yt blood group),0.6276898384239006,4,20,0.9941955691436232,0.0,0.0,0.7661310525463989,0.0,0.0,0.0,1,1,-0.6356315499172642,0.0,0.0,1,10.98,7941
ENSG00000159640,P12821,ACE,angiotensin I converting enzyme,0.6206966406201572,4,25,0.1215861595223242,0.0,0.607930797611621,0.940652613134852,0.8405136166229384,0.0,0.0,1,1,-0.1537782680639823,0.0,0.0,1,10.82,827
ENSG00000114200,P06276,BCHE,butyrylcholinesterase,0.620256792742029,4,2,0.9743378222804558,0.0,0.0,0.918750075160455,0.0,0.0,0.0,1,1,0.3825703254274684,0.0,0.0,1,10.95,4492
ENSG00000138613,Q8WW43,APH1B,aph-1B gamma-secretase subunit,0.6183318659098008,3,6,0.6432229884302734,0.0,0.0,0.3983780835729413,0.8474503741559389,0.0,0.0,1,1,0.5385548814120242,0.0,0.0,1,10.99,3429
ENSG00000273079,Q13224,GRIN2B,glutamate ionotropic receptor NMDA type subunit 2B,0.6109786599901247,4,27,0.9603610110018348,0.0327938938432379,0.0,0.8784747596128644,0.0,0.0,0.0,1,1,-0.9940430226144512,0.0,0.0327938938432379,1,9.22,2204
ENSG00000176749,Q15078,CDK5R1,cyclin dependent kinase 5 regulatory subunit 1,0.6074661348442697,0,0,0.0,0.0,0.0,0.8848189067542576,0.0,0.0,0.9549947196932794,0,1,-0.9352454495311638,0.0,0.0,0,9.17,31
ENSG00000010704,Q30201,HFE,homeostatic iron regulator,0.6048602773233976,0,0,0.0,0.0,0.607930797611621,0.7184806570656189,0.8270002910534164,0.0,0.0,0,1,0.1274131274131273,0.0,0.0,0,0.0,0
ENSG00000183454,Q12879,GRIN2A,glutamate ionotropic receptor NMDA type subunit 2A,0.5988088507002448,4,26,0.9604444034294908,0.0193796154633794,0.0,0.4824005687522008,0.0,0.0,0.0,1,0,-0.9111969111969112,1.0,0.0193796154633794,1,8.1,51
ENSG00000101224,P30305,CDC25B,cell division cycle 25B,0.5985275901516723,0,0,0.0,0.0,0.0,0.0841815285026092,0.0,0.0,0.7861293896877616,0,0,-0.5169332597904026,0.0,0.0,0,7.28,647
ENSG00000105464,O15399,GRIN2D,glutamate ionotropic receptor NMDA type subunit 2D,0.597221951945006,4,23,0.9603610110018348,0.0,0.0,0.4404750206490249,0.0,0.0,0.0,1,0,-0.5156094870380585,0.0,0.0,1,5.85,15
ENSG00000203710,P17927,CR1,complement C3b/C4b receptor 1 (Knops blood group),0.5958776464330214,0,0,0.0,0.0,0.0,0.8837580617426841,0.9359855784572244,0.0,0.0,0,0,-0.3288472145615002,0.0,0.0,0,0.0,0
ENSG00000146904,P21709,EPHA1,EPH receptor A1,0.5952292490307641,4,1,0.0,0.0,0.0,0.3651594305413166,0.8326927638845806,0.0,0.5531979966234456,1,0,0.0353006067291781,0.0,0.0,1,8.54,98
ENSG00000198785,Q8TCU5,GRIN3A,glutamate ionotropic receptor NMDA type subunit 3A,0.592248725176737,4,23,0.9603610110018348,0.0,0.0,0.2768634126236606,0.0,0.0,0.0,1,0,-0.506784335355764,0.0,0.0,1,0.0,0
ENSG00000161509,Q14957,GRIN2C,glutamate ionotropic receptor NMDA type subunit 2C,0.5919963523636346,4,23,0.9603610110018348,0.034241163161137,0.0,0.253342435603317,0.0,0.0,0.0,1,0,0.3366795366795367,0.0,0.034241163161137,1,6.1,51
ENSG00000030582,P28799,GRN,granulin precursor,0.5872056271568885,0,0,0.0,0.0,0.0,0.9337546239960292,0.7534653314264361,0.2661521031943677,0.0,0,0,-0.5810259238830667,0.0,0.0,0,7.7,33
ENSG00000113161,P04035,HMGCR,3-hydroxy-3-methylglutaryl-CoA reductase,0.5853767013041479,4,15,0.565670129798399,0.0093647193975708,0.0,0.7131850911796818,0.0,0.0,0.8055170751528565,1,0,-0.7436293436293436,1.0,0.0093647193975708,1,10.85,366
ENSG00000064687,Q8IZY2,ABCA7,ATP binding cassette subfamily A member 7,0.5802849303167739,0,0,0.0,0.0,0.607930797611621,0.9563556232283535,0.6677471958611345,0.0,0.0,0,0,0.5769442912300056,0.0,0.0,0,0.0,0
ENSG00000105383,P20138,CD33,CD33 molecule,0.5796367096477516,4,5,0.0,0.0,0.0,0.9217841891769448,0.7907495716891095,0.0,0.5688988359014587,1,0,0.188527302813017,0.0,0.0,1,0.0,0
ENSG00000118689,O43524,FOXO3,forkhead box O3,0.5736305023122766,0,0,0.0,0.0,0.0,0.7383476397812045,0.0,0.0,0.9066612367713316,0,0,-0.9167126309983452,0.0,0.0,0,4.42,1
ENSG00000095970,Q9NZC2,TREM2,triggering receptor expressed on myeloid cells 2,0.5724815273910075,0,0,0.0,0.0,0.0,0.9894320485676672,0.8922170398317504,0.0,0.0,0,0,0.4027578599007171,0.0,0.0,0,0.0,0
ENSG00000004779,O14561,NDUFAB1,NADH:ubiquinone oxidoreductase subunit AB1,0.5706018730212599,4,3,0.0,0.0701512135720814,0.0,0.2439695927363913,0.4746828296740998,0.0,0.8136276094564562,1,0,-0.5523441809156096,0.0,0.0701512135720814,1,6.06,18
ENSG00000147883,P42772,CDKN2B,cyclin dependent kinase inhibitor 2B,0.5571467940484545,0,0,0.0,0.0,0.0,0.0849271542552885,0.4011715824826065,0.0,0.8142840046102876,0,0,0.8688361831218974,0.0,0.0,0,0.0,0
ENSG00000136717,O00499,BIN1,bridging integrator 1,0.5536359878221929,0,0,0.0,0.0,0.0,0.9725955643286558,0.8620593824532746,0.0,0.0,0,0,-0.2583563154991726,0.0,0.0,0,0.0,0
ENSG00000082701,P49841,GSK3B,glycogen synthase kinase 3 beta,0.5524719158949241,4,5,0.1587374860430344,0.0168778653229125,0.0,0.950480026931076,0.0,0.0,0.8434018776286261,1,0,-0.6749034749034749,1.0,0.0168778653229125,1,10.89,8090
ENSG00000124762,P38936,CDKN1A,cyclin dependent kinase inhibitor 1A,0.5502875465751055,0,0,0.0,0.0,0.0,0.7944838161846892,0.0,0.0,0.865457038266544,0,0,0.6798676227247655,0.0,0.0,0,6.77,17
ENSG00000197746,P07602,PSAP,prosaposin,0.5478260449002683,0,0,0.0,0.0,0.0,0.5950792298969435,0.0,0.2664560685931735,0.865457038266544,0,0,-0.6805295091009377,0.0,0.0,0,5.16,2
ENSG00000197943,P16885,PLCG2,phospholipase C gamma 2,0.5447611002071141,0,0,0.0,0.0,0.0,0.8837740110157908,0.8519019438898575,0.0,0.0,0,0,-0.7297297297297297,0.0,0.0,0,8.92,16
ENSG00000120885,P10909,CLU,clusterin,0.5426097411545774,3,2,0.0,0.02558786498941,0.0,0.978201595472792,0.6744584985303708,0.0,0.0,1,0,-0.4158852730281301,0.0,0.02558786498941,1,0.0,0
ENSG00000166851,P53350,PLK1,polo like kinase 1,0.5419717155468247,3,7,0.0,0.0,0.0,0.5209056042911244,0.0,0.0,0.865457038266544,1,0,-0.9533370104798676,1.0,0.0,1,10.08,1658
ENSG00000135446,P11802,CDK4,cyclin dependent kinase 4,0.5419417943238982,4,17,0.0,0.0,0.0,0.5199212414970704,0.0,0.0,0.865457038266544,1,0,-0.5547710976282405,1.0,0.0,1,10.59,1717
ENSG00000166311,P17405,SMPD1,sphingomyelin phosphodiesterase 1,0.5416820358254651,0,0,0.0,0.0,0.0,0.8681494355852634,0.0,0.0,0.8476183455564804,0,0,0.1622724765581908,0.0,0.0,0,7.7,157
ENSG00000071051,O43639,NCK2,NCK adaptor protein 2,0.5411871507127486,0,0,0.0,0.0,0.0,0.205376492174208,0.788071023504808,0.0,0.3903072934014509,0,0,-0.3945945945945945,0.0,0.0,0,0.0,0
ENSG00000110077,Q9H2W1,MS4A6A,membrane spanning 4-domains A6A,0.5346230457874066,0,0,0.0,0.0,0.0,0.2363169918588717,0.8675984651412025,0.0,0.0,0,0,0.5428571428571429,0.0,0.0,0,0.0,0
ENSG00000167601,P30530,AXL,AXL receptor tyrosine kinase,0.5344077294780566,4,5,0.0,0.0,0.0,0.272061949767131,0.0,0.0,0.865457038266544,1,0,-0.5385548814120242,0.0,0.0,1,11.0,3159
ENSG00000168653,O43920,NDUFS5,NADH:ubiquinone oxidoreductase subunit S5,0.5339588476632112,4,3,0.0,0.0497634404440911,0.0,0.2480380074479778,0.0,0.0,0.8648140046499787,1,0,0.2191947049089906,0.0,0.0497634404440911,1,6.06,18
ENSG00000178999,Q96GD4,AURKB,aurora kinase B,0.5287759633031683,3,18,0.0,0.0,0.0,0.0867853953627875,0.0,0.0,0.865457038266544,1,0,-0.0199669056811914,1.0,0.0,1,11.0,3216
ENSG00000119421,P51970,NDUFA8,NADH:ubiquinone oxidoreductase subunit A8,0.5284709157316196,4,3,0.0,0.0587085089390639,0.0,0.0405928903138559,0.0,0.0,0.865457038266544,1,0,0.2445670159955875,0.0,0.0587085089390639,1,6.06,18
ENSG00000178127,P19404,NDUFV2,NADH:ubiquinone oxidoreductase core subunit V2,0.5277532415855091,4,3,0.0,0.0,0.0,0.1058736644943634,0.0,0.0,0.8628203252428481,1,0,-0.5637065637065637,0.0,0.0,1,6.06,18
ENSG00000073060,A0A7P0T913,SCARB1,scavenger receptor class B member 1,0.5276182686705879,0,0,0.0,0.0,0.0,0.3211786508847038,0.4481517044278096,0.0,0.748716758811487,0,0,-0.4216216216216216,0.0,0.0,0,0.0,0
ENSG00000164167,P62312,LSM6,"LSM6 homolog, U6 small nuclear RNA and mRNA degradation associated",0.5268771472813407,0,0,0.0,0.0,0.0,0.0243172319044648,0.0,0.0,0.865457038266544,0,0,0.0,0.0,0.0,0,0.0,0
ENSG00000147889,P42771,CDKN2A,cyclin dependent kinase inhibitor 2A,0.5262879367200846,0,0,0.0,0.0,0.0,0.8484717981498209,0.0540054967732878,0.0,0.8172794925690077,0,0,-0.2999448428019856,0.0,0.0,0,0.0,0
ENSG00000129757,P49918,CDKN1C,cyclin dependent kinase inhibitor 1C,0.5250486731811728,0,0,0.0,0.0,0.0,0.0711160824439394,0.0,0.0,0.8601093946865037,0,0,0.972972972972973,0.0,0.0,0,0.0,0
ENSG00000170312,P06493,CDK1,cyclin dependent kinase 1,0.5248745038218616,3,12,0.0,0.0,0.0,0.4301570630446804,0.0,0.0,0.8418708502856196,1,0,-0.6135686707115279,1.0,0.0,1,10.0,1758
ENSG00000058729,Q9BVS4,RIOK2,RIO kinase 2,0.5244154452261425,0,0,0.0,0.0,0.0,0.0,0.0,0.0,0.8626235869056388,0,0,0.0711527854384996,0.0,0.0,0,8.21,80
ENSG00000023228,P28331,NDUFS1,NADH:ubiquinone oxidoreductase core subunit S1,0.5232633839227692,4,3,0.0,0.0316856430318785,0.0,0.0612968199749177,0.0,0.0,0.8569595671417235,1,0,-0.2271373414230557,0.0,0.0316856430318785,1,6.06,18
ENSG00000100330,Q13615,MTMR3,myotubularin related protein 3,0.5232084476516636,0,0,0.0,0.0,0.0,0.0,0.132707216523493,0.0,0.8274613634158176,0,0,-0.8843905129619415,0.0,0.0,0,0.0,0
ENSG00000134824,O95864,FADS2,fatty acid desaturase 2,0.5223880919158287,0,0,0.0,0.0,0.0,0.1509814098421917,0.384080420791735,0.0,0.7599134970145264,0,0,-0.7777164920022063,0.0,0.0,0,6.39,2
ENSG00000198563,Q13838,DDX39B,DExD-box helicase 39B,0.5221986921984005,0,0,0.0,0.0304204648625673,0.0,0.6167964550767906,0.0,0.0,0.8274613634158176,0,0,-0.9450634307777164,0.0,0.0304204648625673,0,6.02,4
ENSG00000147416,P21281,ATP6V1B2,ATPase H+ transporting V1 subunit B2,0.5211752723946863,0,0,0.0,0.0940238813686302,0.0,0.0666190832382734,0.0,0.0,0.8511121304938736,0,0,-0.7335907335907336,0.0,0.0940238813686302,0,7.68,3
ENSG00000010256,P31930,UQCRC1,ubiquinol-cytochrome c reductase core protein 1,0.5183860713313272,0,0,0.0,0.043122851094602,0.0,0.6486591694859206,0.0,0.0,0.8193144806235529,0,0,-0.3457253171538885,0.0,0.043122851094602,0,8.29,4
ENSG00000114573,P38606,ATP6V1A,ATPase H+ transporting V1 subunit A,0.5182959504544525,0,0,0.0,0.0233171734819987,0.0,0.6544968528832765,0.0,0.0,0.8193144806235529,0,0,-0.8045228902371759,0.0,0.0233171734819987,0,5.79,2
ENSG00000087586,O14965,AURKA,aurora kinase A,0.5155123056568938,3,18,0.0,0.0,0.0,0.5595918557181969,0.0,0.0,0.8199990055713176,1,0,-0.6572531715388858,1.0,0.0,1,11.0,4166
ENSG00000198087,Q9Y5K6,CD2AP,CD2 associated protein,0.5136010592615005,0,0,0.0,0.0,0.0,0.9058846598895794,0.7995405101691935,0.0,0.0,0,0,-0.2617760617760618,0.0,0.0,0,0.0,0
ENSG00000005381,P05164,MPO,myeloperoxidase,0.511754493198146,3,1,0.0,0.0,0.0,0.8408558506279664,0.7997544896735449,0.0,0.0,1,0,0.0410369553226697,0.0,0.0,1,9.0,965
ENSG00000158864,O75306,NDUFS2,NADH:ubiquinone oxidoreductase core subunit S2,0.5110539411128694,4,3,0.0,0.0,0.0,0.0785163564276754,0.0,0.0,0.8367191093983722,1,0,-0.4487589630446773,0.0,0.0,1,7.48,8
ENSG00000115020,Q9Y2I7,PIKFYVE,"phosphoinositide kinase, FYVE-type zinc finger containing",0.5089489781100042,2,1,0.0,0.0275751012394466,0.0,0.3925271224000752,0.0,0.0,0.8169432867688655,1,0,-0.6621070049641478,1.0,0.0275751012394466,1,10.12,131
ENSG00000164615,P49069,CAMLG,calcium modulating ligand,0.5075988192398417,0,0,0.0,0.0,0.0,0.4407498282684252,0.0,0.0,0.812924022683325,0,0,0.4239382239382239,0.0,0.0,0,0.0,0
ENSG00000139180,Q16795,NDUFA9,NADH:ubiquinone oxidoreductase subunit A9,0.5061718779111514,4,3,0.0,0.0,0.0,0.1826493273595,0.0,0.0,0.8234818375951567,1,0,-0.3141753998896855,0.0,0.0,1,6.06,18
ENSG00000131408,P55055,NR1H2,nuclear receptor subfamily 1 group H member 2,0.5047490624709965,2,5,0.0,0.0,0.0,0.0934258165656133,0.0,0.0,0.8256025897745858,1,0,-0.1161610590182018,1.0,0.0,1,9.22,1986
ENSG00000113712,P48729,CSNK1A1,casein kinase 1 alpha 1,0.5040358168138124,0,0,0.0,0.0545414122164036,0.0,0.2322045904092008,0.0,0.0,0.8162783847527069,0,0,-0.8535024820739107,0.0,0.0545414122164036,0,9.0,472
ENSG00000073921,Q13492,PICALM,phosphatidylinositol binding clathrin assembly protein,0.5030910866104019,0,0,0.0,0.0,0.0,0.9222684497092316,0.7814332137219766,0.0,0.0,0,0,-0.508108108108108,0.0,0.0,0,4.55,2
ENSG00000023516,Q9UKA4,AKAP11,A-kinase anchoring protein 11,0.5030645574681958,0,0,0.0,0.0,0.0,0.0121586159522324,0.0,0.0,0.8268950669853377,0,0,-0.8720353006067292,0.0,0.0,0,0.0,0
ENSG00000120539,Q96GX5,MASTL,microtubule associated serine/threonine kinase like,0.5030392466541774,0,0,0.0,0.0,0.0,0.0,0.0,0.0,0.8274613634158176,0,0,-0.30711527854385,0.0,0.0,0,10.74,9
ENSG00000143374,Q9BW92,TARS2,"threonyl-tRNA synthetase 2, mitochondrial",0.5030392466541774,0,0,0.0,0.0,0.0,0.0,0.0,0.0,0.8274613634158176,0,0,-0.3520132377275234,0.0,0.0,0,8.23,2
ENSG00000155097,P21283,ATP6V1C1,ATPase H+ transporting V1 subunit C1,0.5029313970500541,0,0,0.0,0.0411192292905212,0.0,0.0151982699402905,0.0,0.0,0.8248902582098572,0,0,0.3353557639271924,0.0,0.0411192292905212,0,0.0,0
ENSG00000167258,Q9NYV4,CDK12,cyclin dependent kinase 12,0.5016300431916646,2,4,0.0,0.0,0.0,0.0121586159522324,0.0,0.0,0.8245353999275623,1,0,-0.950468836183122,1.0,0.0,1,5.66,1
ENSG00000103510,Q9H7Z6,KAT8,lysine acetyltransferase 8,0.4994164242770699,0,0,0.0,0.0,0.0,0.502182003833403,0.2017159943916113,0.0,0.7599134970145264,0,0,-0.2015444015444015,0.0,0.0,0,7.77,428
ENSG00000168918,Q92835,INPP5D,inositol polyphosphate-5-phosphatase D,0.4994146702508247,3,1,0.0,0.0,0.0,0.8853155838152121,0.7772334312668707,0.0,0.0,1,0,-0.8156646442360728,0.0,0.0,1,5.6,3
ENSG00000143393,Q9UBF8,PI4KB,phosphatidylinositol 4-kinase beta,0.4993421627252597,0,0,0.0,0.0,0.0,0.0,0.0,0.0,0.8213799410837981,0,0,-0.7713182570325428,0.0,0.0,0,9.01,506
ENSG00000087589,Q9NQ75,CASS4,Cas scaffold protein family member 4,0.4987011726477731,0,0,0.0,0.0,0.0,0.2521713791073562,0.8077169921233297,0.0,0.0,0,0,-0.6551571980143409,0.0,0.0,0,0.0,0
ENSG00000141510,P04637,TP53,tumor protein p53,0.4985158260455752,3,9,0.0,0.0,0.0,0.9533884066896602,0.1119398637871351,0.0,0.7599134970145264,1,0,-0.7412024269167126,0.0,0.0,1,8.96,26224
ENSG00000099795,P17568,NDUFB7,NADH:ubiquinone oxidoreductase subunit B7,0.4981214124775582,4,3,0.0,0.1065639668812904,0.0,0.0334361938686391,0.0,0.0,0.8133006747472032,1,0,0.976061776061776,0.0,0.1065639668812904,1,5.15,2
ENSG00000139505,Q9Y217,MTMR6,myotubularin related protein 6,0.4976720716320659,0,0,0.0,0.0,0.0,0.0,0.0,0.0,0.8186327680506912,0,0,-0.2870380584666299,0.0,0.0,0,0.0,0
ENSG00000180596,P62807,H2BC4,H2B clustered histone 4,0.4953245841496741,0,0,0.0,0.0,0.0,0.0,0.8147713293941626,0.0,0.0,0,0,0.965361279646994,0.0,0.0,0,0.0,0
ENSG00000130294,Q12756,KIF1A,kinesin family member 1A,0.4934398645128667,0,0,0.0,0.058920003142902,0.0,0.3467610480152284,0.0,0.0,0.7930237229002853,0,0,-0.88284611141754,0.0,0.058920003142902,0,0.0,0
ENSG00000165733,Q14692,BMS1,BMS1 ribosome biogenesis factor,0.4900722624375334,0,0,0.0,0.0,0.0,0.1409250029018423,0.1723459810283669,0.0,0.7599134970145264,0,0,-0.680419194704909,0.0,0.0,0,0.0,0
ENSG00000164733,P07858,CTSB,cathepsin B,0.4899181715213121,0,0,0.0,0.0,0.0,0.887331716342225,0.7615116053290761,0.0,0.0,0,0,0.82426916712631,0.0,0.0,0,10.52,1532
ENSG00000198793,P42345,MTOR,mechanistic target of rapamycin kinase,0.4896117363819076,4,25,0.0,0.0,0.0,0.9092126319182264,0.0,0.0,0.7599134970145264,1,0,-0.9104247104247104,1.0,0.0,1,10.3,6326
ENSG00000204386,Q99519,NEU1,neuraminidase 1,0.4885443143025273,0,0,0.0,0.0,0.0,0.8740960665599992,0.0,0.0,0.7599134970145264,0,0,0.1417539988968561,0.0,0.0,0,7.28,111
ENSG00000114026,O15527,OGG1,8-oxoguanine DNA glycosylase,0.4877638979811488,0,0,0.0,0.0,0.0,0.8484215547752847,0.0,0.0,0.7599134970145264,0,0,0.2289023717595146,0.0,0.0,0,7.23,35
ENSG00000051382,P42338,PIK3CB,"phosphatidylinositol-4,5-bisphosphate 3-kinase catalytic subunit beta",0.486866265618896,3,27,0.0,0.0,0.0,0.8379748617486885,0.0,0.0,0.7589592945899599,1,0,-0.8724765581908439,1.0,0.0,1,10.7,3919
ENSG00000163513,P37173,TGFBR2,transforming growth factor beta receptor 2,0.4830081538169303,0,0,0.0,0.0,0.0,0.69196479414061,0.0,0.0,0.7599134970145264,0,0,-0.653061224489796,0.0,0.0,0,9.51,468
ENSG00000042753,P53680,AP2S1,adaptor related protein complex 2 subunit sigma 1,0.4828052979908348,0,0,0.0,0.0489540364926302,0.0,0.3593437004885991,0.1129571754282885,0.0,0.7573414194114585,0,0,-0.7110865968008826,0.0,0.0489540364926302,0,7.75,4
ENSG00000067533,Q9Y3B9,RRP15,ribosomal RNA processing 15 homolog,0.4813346513039723,0,0,0.0,0.0,0.0,0.0,0.1279510626586677,0.0,0.7597711864973107,0,0,-0.0328736900165471,0.0,0.0,0,5.93,2
ENSG00000099194,O00767,SCD,stearoyl-CoA desaturase,0.4805772437511666,0,0,0.0,0.0441300720634165,0.0,0.5923781793462937,0.0,0.0,0.7599134970145264,0,0,-0.9292884721456148,0.0,0.0441300720634165,0,10.52,911
ENSG00000094755,O00591,GABRP,gamma-aminobutyric acid type A receptor subunit pi,0.4797656694900066,4,16,0.1367844294626147,0.0,0.0,0.0364758478566972,0.0,0.0,0.7541714144531904,1,0,0.5623827909542196,0.0,0.0,1,10.0,511
ENSG00000082898,O14980,XPO1,exportin 1,0.4782781656208594,4,1,0.0,0.0,0.0,0.5363553657433769,0.0,0.0,0.7599134970145264,1,0,-0.9977937120794264,0.0,0.0,1,9.0,110
ENSG00000184967,Q9BVI4,NOC4L,nucleolar complex associated 4 homolog,0.4771552769408291,0,0,0.0,0.0,0.0,0.0182379239283486,0.114991010588487,0.0,0.7557311588419362,0,0,-0.0079426365140651,0.0,0.0,0,0.0,0
ENSG00000075785,P51149,RAB7A,"RAB7A, member RAS oncogene family",0.4748243557925976,0,0,0.0,0.0,0.0,0.7893399932153335,0.0,0.0,0.7415830107319309,0,0,-0.9290678433535576,0.0,0.0,0,7.66,61
ENSG00000106799,P36897,TGFBR1,transforming growth factor beta receptor 1,0.4744478986154221,2,2,0.0,0.0434822889049946,0.0,0.6490595233203802,0.0,0.0,0.7470115176690084,1,0,-0.678323221180364,1.0,0.0434822889049946,1,9.85,4011
ENSG00000196396,P18031,PTPN1,protein tyrosine phosphatase non-receptor type 1,0.4733917275759063,0,0,0.0,0.0,0.0,0.3755989749123665,0.0,0.0,0.7599134970145264,0,0,-0.8699393270821842,1.0,0.0,0,10.0,4546
ENSG00000176444,P49760,CLK2,CDC like kinase 2,0.4733502874211701,0,0,0.0,0.0,0.0,0.052265161627999,0.2098126900611926,0.0,0.7250106593008072,0,0,-0.9072255929398788,1.0,0.0,0,10.02,1798
ENSG00000141367,Q00610,CLTC,clathrin heavy chain,0.4728839712670384,0,0,0.0,0.0601343218685865,0.0,0.3321681981859146,0.0,0.0,0.7599134970145264,0,0,-0.9931605074462218,0.0,0.0601343218685865,0,7.72,20
ENSG00000131238,P50897,PPT1,palmitoyl-protein thioesterase 1,0.4727632847575055,0,0,0.0,0.0248082258516668,0.0,0.4755635173611098,0.0,0.0,0.7533302352676176,0,0,-0.3928295642581356,0.0,0.0248082258516668,0,5.7,6
ENSG00000110717,O00217,NDUFS8,NADH:ubiquinone oxidoreductase core subunit S8,0.4691093215541423,4,3,0.0,0.1039311058299512,0.0,0.1885227177326837,0.0,0.0,0.7599134970145264,1,0,-0.3258687258687258,0.0,0.1039311058299512,1,6.06,18
ENSG00000119616,Q9Y324,FCF1,FCF1 rRNA-processing protein,0.4690379000231848,0,0,0.0,0.0,0.0,0.2323646604204418,0.0,0.0,0.7599134970145264,0,0,0.0853833425261996,0.0,0.0,0,0.0,0
ENSG00000179526,Q9H0F6,SHARPIN,SHANK associated RH domain interactor,0.4688818873963715,0,0,0.0,0.0,0.0,0.3618469745350522,0.7531827523842106,0.0,0.0,0,0,-0.1145063430777716,0.0,0.0,0,6.29,1
ENSG00000147684,Q9Y6M9,NDUFB9,NADH:ubiquinone oxidoreductase subunit B9,0.4688652507665982,4,3,0.0,0.0353433481711341,0.0,0.0426193263058947,0.0,0.0,0.7683313610658259,1,0,0.3357970215113073,0.0,0.0353433481711341,1,6.06,18
ENSG00000204569,Q96QC0,PPP1R10,protein phosphatase 1 regulatory subunit 10,0.4686893597488367,0,0,0.0,0.0330937931684938,0.0,0.2061898621899414,0.0,0.0,0.7599134970145264,0,0,-0.9299503585217872,0.0,0.0330937931684938,0,6.04,1
ENSG00000128609,Q16718,NDUFA5,NADH:ubiquinone oxidoreductase subunit A5,0.4685556494443896,4,3,0.0,0.0601701366441364,0.0,0.2250364578746403,0.0,0.0,0.758149527410833,1,0,0.6111417539988968,0.0,0.0601701366441364,1,6.06,18
ENSG00000196743,P17900,GM2A,ganglioside GM2 activator,0.4684157194612444,0,0,0.0,0.0,0.0,0.2118958648145991,0.0,0.0,0.7599134970145264,0,0,-0.0002206287920573,0.0,0.0,0,0.0,0
ENSG00000161203,Q96CW1,AP2M1,adaptor related protein complex 2 subunit mu 1,0.467972398868533,0,0,0.0,0.1262915963837994,0.0,0.1411816921757473,0.0,0.0,0.7599134970145264,0,0,-0.966685052399338,0.0,0.1262915963837994,0,5.29,3
ENSG00000149084,Q53GQ0,HSD17B12,hydroxysteroid 17-beta dehydrogenase 12,0.467953776078164,0,0,0.0,0.0,0.0,0.1966986290471311,0.0,0.0,0.7599134970145264,0,0,0.5236624379481523,0.0,0.0,0,8.27,5
ENSG00000122218,P53621,COPA,coat protein complex I subunit alpha,0.4663328321395697,0,0,0.0,0.0,0.0,0.1433720351334006,0.0,0.0,0.7599134970145264,0,0,-0.9953667953667954,0.0,0.0,0,6.9,4
ENSG00000151366,O95298,NDUFC2,NADH:ubiquinone oxidoreductase subunit C2,0.4659582283795619,0,0,0.0,0.0,0.0,0.0363711486637752,0.0,0.0,0.7646473465976201,0,0,-0.0068394925537782,0.0,0.0,0,6.06,18
ENSG00000159140,P18583,SON,SON DNA and RNA binding protein,0.4651528457924181,0,0,0.0,0.0,0.0,0.1045522763125786,0.0,0.0,0.7599134970145264,0,0,-0.9995587424158852,0.0,0.0,0,7.85,2
ENSG00000181789,Q9Y678,COPG1,coat protein complex I subunit gamma 1,0.464992191482808,0,0,0.0,0.0830555055696996,0.0,0.0364758478566972,0.0,0.0,0.7599134970145264,0,0,-0.8199669056811913,0.0,0.0830555055696996,0,6.78,5
ENSG00000102900,Q8N1F7,NUP93,nucleoporin 93,0.4645086648999145,0,0,0.0,0.0131591847302933,0.0,0.0775111766954816,0.0,0.0,0.7599134970145264,0,0,-0.4735797021511307,0.0,0.0131591847302933,0,6.43,5
ENSG00000115524,O75533,SF3B1,splicing factor 3b subunit 1,0.4644398507441357,0,0,0.0,0.0409773055417108,0.0,0.062883686226282,0.0,0.0,0.7599134970145264,0,0,-0.9942636514065084,0.0,0.0409773055417108,0,5.55,5
ENSG00000278540,Q13085,ACACA,acetyl-CoA carboxylase alpha,0.4641885146406692,0,0,0.0,0.0,0.0,0.1403916703893008,0.0,0.0,0.7565352757907189,0,0,-0.8222835079977937,0.0,0.0,0,9.52,678
ENSG00000138756,Q9NSY1,BMP2K,BMP2 inducible kinase,0.4641007425409068,0,0,0.0,0.0699396771271234,0.0,0.0,0.0,0.0,0.7599134970145264,0,0,-0.3366795366795366,1.0,0.0699396771271234,0,9.66,191
ENSG00000145675,P27986,PIK3R1,phosphoinositide-3-kinase regulatory subunit 1,0.464085753357332,0,0,0.0,0.0,0.0,0.4052268586035266,0.0,0.0,0.7431244818719008,0,0,-0.8354109211252069,0.0,0.0,0,9.4,164
ENSG00000103174,Q9UK23,NAGPA,N-acetylglucosamine-1-phosphodiester alpha-N-acetylglucosaminidase,0.4638903158507464,0,0,0.0,0.0630169585878708,0.0,0.0,0.0,0.0,0.7599134970145264,0,0,0.681081081081081,0.0,0.0630169585878708,0,0.0,0
ENSG00000100028,P62318,SNRPD3,small nuclear ribonucleoprotein D3 polypeptide,0.4638227176293007,0,0,0.0,0.0,0.0,0.0607930797611621,0.0,0.0,0.7599134970145264,0,0,-0.9571980143408716,0.0,0.0,0,8.37,2
ENSG00000112159,Q9NU22,MDN1,midasin AAA ATPase 1,0.4634832506063762,0,0,0.0,0.0496251302426223,0.0,0.0,0.0,0.0,0.7599134970145264,0,0,-0.7742967457253171,0.0,0.0496251302426223,0,7.32,6
ENSG00000125686,Q15648,MED1,mediator complex subunit 1,0.4634711034619965,0,0,0.0,0.0,0.0,0.0492255076399409,0.0,0.0,0.7599134970145264,0,0,-0.9713182570325428,0.0,0.0,0,6.68,2
ENSG00000065328,Q7L590,MCM10,minichromosome maintenance 10 replication initiation factor,0.4633607428109449,0,0,0.0,0.0,0.0,0.0455948098208715,0.0,0.0,0.7599134970145264,0,0,-0.0526199669056811,0.0,0.0,0,0.0,0
ENSG00000184983,P56556,NDUFA6,NADH:ubiquinone oxidoreductase subunit A6,0.4632818477780767,0,0,0.0,0.0,0.0,0.0429992830544019,0.0,0.0,0.7599134970145264,0,0,0.6993932708218422,0.0,0.0,0,6.06,18
ENSG00000186185,Q86Y91,KIF18B,kinesin family member 18B,0.4632221503654381,0,0,0.0,0.0,0.0,0.0410353288387844,0.0,0.0,0.7599134970145264,0,0,-0.3162713734142305,0.0,0.0,0,5.17,1
ENSG00000111481,P61923,COPZ1,coat protein complex I subunit zeta 1,0.4630929331463163,0,0,0.0,0.0212116335174922,0.0,0.0273568858925229,0.0,0.0,0.7599134970145264,0,0,-0.7491450634307777,0.0,0.0212116335174922,0,0.0,0
ENSG00000112335,O60493,SNX3,sorting nexin 3,0.4630701093196636,0,0,0.0,0.0,0.0,0.0360334093317688,0.0,0.0,0.7599134970145264,0,0,-0.6697186982901269,0.0,0.0,0,7.35,2
ENSG00000064419,Q9Y5L0,TNPO3,transportin 3,0.4630322273845584,0,0,0.0,0.0,0.0,0.0347871511966649,0.0,0.0,0.7599134970145264,0,0,-0.4985107556536128,0.0,0.0,0,6.17,4
ENSG00000129083,P53618,COPB1,coat protein complex I subunit beta 1,0.4629911629562602,0,0,0.0,0.0,0.0,0.0334361938686391,0.0,0.0,0.7599134970145264,0,0,-0.9100937672366244,0.0,0.0,0,6.52,5
ENSG00000119285,Q9H583,HEATR1,HEAT repeat containing 1,0.462898767992589,0,0,0.0,0.0,0.0,0.030396539880581,0.0,0.0,0.7599134970145264,0,0,-0.8774407060121345,0.0,0.0,0,5.51,3
ENSG00000184432,P35606,COPB2,coat protein complex I subunit beta 2,0.462898767992589,0,0,0.0,0.0,0.0,0.030396539880581,0.0,0.0,0.7599134970145264,0,0,-0.968450082735797,0.0,0.0,0,7.77,4
ENSG00000010244,O43670,ZNF207,zinc finger protein 207,0.462898767992589,0,0,0.0,0.0,0.0,0.030396539880581,0.0,0.0,0.7599134970145264,0,0,-0.5725317153888583,0.0,0.0,0,7.17,5
ENSG00000133059,Q6XUX3,DSTYK,dual serine/threonine and tyrosine protein kinase,0.462898767992589,0,0,0.0,0.0,0.0,0.030396539880581,0.0,0.0,0.7599134970145264,0,0,-0.746276889134032,0.0,0.0,0,8.28,25
ENSG00000006712,Q8N7H5,PAF1,PAF1 component of Paf1/RNA polymerase II complex,0.4628122530463495,0,0,0.0,0.0,0.0,0.030396539880581,0.0,0.0,0.7597711864973107,0,0,-0.5739658025372312,0.0,0.0,0,7.19,3
ENSG00000157020,P55735,SEC13,"SEC13 homolog, nuclear pore and COPII component",0.4627139780652466,0,0,0.0,0.0,0.0,0.0243172319044648,0.0,0.0,0.7599134970145264,0,0,-0.3823496966354109,0.0,0.0,0,8.31,2
ENSG00000150990,Q8IY37,DHX37,DEAH-box helicase 37,0.4626215831015755,0,0,0.0,0.0,0.0,0.0212775779164067,0.0,0.0,0.7599134970145264,0,0,-0.668946497517926,0.0,0.0,0,0.0,0
ENSG00000168297,Q7Z7A4,PXK,PX domain containing serine/threonine kinase like,0.462590500523488,0,0,0.0,0.0202550083012604,0.0,0.0,0.0,0.0,0.7599134970145264,0,0,-0.5825703254274683,0.0,0.0202550083012604,0,0.0,0
ENSG00000158615,Q5SWA1,PPP1R15B,protein phosphatase 1 regulatory subunit 15B,0.4623443982105619,0,0,0.0,0.0,0.0,0.0121586159522324,0.0,0.0,0.7599134970145264,0,0,-0.3896304467733039,0.0,0.0,0,7.48,1
ENSG00000177971,Q9NV31,IMP3,IMP U3 small nucleolar ribonucleoprotein 3,0.4619748183558772,0,0,0.0,0.0,0.0,0.0,0.0,0.0,0.7599134970145264,0,0,0.9845559845559846,0.0,0.0,0,0.0,0
ENSG00000109111,Q7KZ85,SUPT6H,"SPT6 homolog, histone chaperone and transcription elongation factor",0.4619748183558772,0,0,0.0,0.0,0.0,0.0,0.0,0.0,0.7599134970145264,0,0,-0.9981246552675124,0.0,0.0,0,0.0,0
ENSG00000130810,Q9NQ55,PPAN,peter pan homolog,0.4619748183558772,0,0,0.0,0.0,0.0,0.0,0.0,0.0,0.7599134970145264,0,0,0.1811362382790955,0.0,0.0,0,0.0,0
ENSG00000163719,Q8NCE2,MTMR14,myotubularin related protein 14,0.4619748183558772,0,0,0.0,0.0,0.0,0.0,0.0,0.0,0.7599134970145264,0,0,-0.463761720904578,0.0,0.0,0,0.0,0
ENSG00000182004,P62304,SNRPE,small nuclear ribonucleoprotein polypeptide E,0.4619748183558772,0,0,0.0,0.0,0.0,0.0,0.0,0.0,0.7599134970145264,0,0,-0.0263651406508549,0.0,0.0,0,5.1,2
ENSG00000155561,Q92621,NUP205,nucleoporin 205,0.4619748183558772,0,0,0.0,0.0,0.0,0.0,0.0,0.0,0.7599134970145264,0,0,-0.8319911748483177,0.0,0.0,0,5.93,5
ENSG00000135521,Q96GA3,LTV1,LTV1 ribosome biogenesis factor,0.4619748183558772,0,0,0.0,0.0,0.0,0.0,0.0,0.0,0.7599134970145264,0,0,-0.373303916161059,0.0,0.0,0,0.0,0
ENSG00000171566,O43660,PLRG1,pleiotropic regulator 1,0.4619748183558772,0,0,0.0,0.0,0.0,0.0,0.0,0.0,0.7599134970145264,0,0,-0.6433535576392719,0.0,0.0,0,0.0,0
ENSG00000048162,Q9Y3C1,NOP16,NOP16 nucleolar protein,0.4619748183558772,0,0,0.0,0.0,0.0,0.0,0.0,0.0,0.7599134970145264,0,0,-0.195477109762824,0.0,0.0,0,0.0,0
ENSG00000106460,Q9NUM4,TMEM106B,transmembrane protein 106B,0.4616440412156088,0,0,0.0,0.0,0.0,0.8995499811412594,0.7143918946786562,0.0,0.0,0,0,-0.2653061224489795,0.0,0.0,0,0.0,0
ENSG00000123384,Q07954,LRP1,LDL receptor related protein 1,0.4613296769016496,2,1,0.0,0.0,0.0,0.9164755785467328,0.0,0.0,0.7130285093825769,1,0,-0.9897407611693326,0.0,0.0,1,0.0,0
ENSG00000086189,Q9UNQ2,DIMT1,DIM1 rRNA methyltransferase and ribosome maturation factor,0.4609498514953518,0,0,0.0,0.0,0.0,0.0,0.0634986585710277,0.0,0.7423528397151181,0,0,0.2522890237175952,0.0,0.0,0,6.24,2
ENSG00000147246,P28335,HTR2C,5-hydroxytryptamine receptor 2C,0.4605922382778775,4,36,0.634662865739932,0.0147047599291262,0.0,0.0871123291390051,0.0,0.0,0.4834270119773683,1,0,0.0,1.0,0.0147047599291262,1,10.7,5737
ENSG00000167815,P32119,PRDX2,peroxiredoxin 2,0.4605584790270193,0,0,0.0,0.1282813143275777,0.0,0.6824283452358921,0.0,0.0,0.5926521084783387,0,0,-0.1976833976833977,0.0,0.1282813143275777,0,5.16,4
ENSG00000198554,O75717,WDHD1,WD repeat and HMG-box DNA binding protein 1,0.4598018260294176,0,0,0.0,0.0,0.0,0.0121586159522324,0.0,0.0,0.7557311588419362,0,0,-0.0790954219525648,0.0,0.0,0,0.0,0
ENSG00000140090,Q8NFF2,SLC24A4,solute carrier family 24 member 4,0.4594171011045164,0,0,0.0,0.0,0.0,0.1983713221400254,0.7457876802444409,0.0,0.0,0,0,-0.1846662989520132,0.0,0.0,0,0.0,0
ENSG00000120899,Q14289,PTK2B,protein tyrosine kinase 2 beta,0.4586420639085513,3,2,0.0,0.0,0.0,0.6829792123763289,0.7202824083962414,0.0,0.0,1,0,-0.6188637617209045,1.0,0.0,1,9.7,455
ENSG00000117411,O60909,B4GALT2,"beta-1,4-galactosyltransferase 2",0.4579725558921829,0,0,0.0,0.0,0.0,0.0,0.0,0.0,0.7533300791659522,0,0,-0.3066740209597353,0.0,0.0,0,0.0,0
ENSG00000198888,P03886,MT-ND1,mitochondrially encoded NADH:ubiquinone oxidoreductase core subunit 1,0.4574563770686376,4,3,0.0,0.0,0.607930797611621,0.3494599704919576,0.547137717850459,0.0,0.0,1,0,0.0,0.0,0.0,1,6.51,2
ENSG00000146090,Q8N431,RASGEF1C,RasGEF domain family member 1C,0.4567148897054895,0,0,0.0,0.0,0.0,0.0427037611388963,0.7491261257303912,0.0,0.0,0,0,-0.5483728626585769,0.0,0.0,0,0.0,0
ENSG00000062598,Q96JJ3,ELMO2,engulfment and cell motility 2,0.4560426660377425,0,0,0.0,0.0,0.0,0.0,0.0,0.0,0.7501555568979204,0,0,-0.7031439602868175,0.0,0.0,0,0.0,0
ENSG00000107862,Q92538,GBF1,golgi brefeldin A resistant guanine nucleotide exchange factor 1,0.4553786701053179,0,0,0.0,0.0,0.0,0.0410353288387844,0.0,0.0,0.7470115675664133,0,0,-0.5158301158301158,0.0,0.0,0,0.0,0
ENSG00000137876,Q9UHA3,RSL24D1,ribosomal L24 domain containing 1,0.454607398421626,0,0,0.0,0.0,0.0,0.0,0.0,0.0,0.7477946506537306,0,0,-0.636734693877551,0.0,0.0,0,0.0,0
ENSG00000188428,Q8TDH9,BLOC1S5,biogenesis of lysosomal organelles complex 1 subunit 5,0.4543078885741159,0,0,0.0,0.0,0.0,0.0989827996434049,0.0,0.0,0.7423528397151181,0,0,0.7537782680639824,0.0,0.0,0,0.0,0
ENSG00000127947,Q05209,PTPN12,protein tyrosine phosphatase non-receptor type 12,0.454225041613811,0,0,0.0,0.0,0.0,0.0653525607432492,0.0,0.0,0.7438980747012508,0,0,-0.6742415885273028,0.0,0.0,0,6.89,100
ENSG00000132842,O00203,AP3B1,adaptor related protein complex 3 subunit beta 1,0.4540410740225907,0,0,0.0,0.0,0.0,0.0902050060993529,0.0,0.0,0.7423528397151181,0,0,-0.580584666298952,0.0,0.0,0,7.31,6
ENSG00000109270,Q9UHA4,LAMTOR3,"late endosomal/lysosomal adaptor, MAPK and MTOR activator 3",0.4534566497001587,0,0,0.0,0.021519855747389,0.0,0.0385867186817376,0.0,0.0,0.7434942014361413,0,0,0.7619415333701047,0.0,0.021519855747389,0,6.09,2
ENSG00000109606,O43143,DHX15,DEAH-box helicase 15,0.4522231035939754,0,0,0.0,0.0,0.0,0.030396539880581,0.0,0.0,0.7423528397151181,0,0,-0.9785990071704358,0.0,0.0,0,7.05,7
ENSG00000130202,Q92692,NECTIN2,nectin cell adhesion molecule 2,0.4520503136634298,0,0,0.0,0.0,0.0,0.8241664611647157,0.7023801173356393,0.0,0.0,0,0,-0.4923331494760066,0.0,0.0,0,0.0,0
ENSG00000100241,O95248,SBF1,SET binding factor 1,0.4519351344543852,0,0,0.0,0.0,0.0,0.0516741177969877,0.0,0.0,0.740815273451062,0,0,-0.8132377275234418,0.0,0.0,0,0.0,0
ENSG00000163399,P05023,ATP1A1,ATPase Na+/K+ transporting subunit alpha 1,0.451212480049824,4,6,0.0,0.0650117284578785,0.0,0.0903520608384724,0.0,0.0,0.7362479596000331,1,0,-0.9633756205184776,0.0,0.0650117284578785,1,8.17,9
ENSG00000141499,Q9BUR4,WRAP53,WD repeat containing antisense to TP53,0.4502866985733904,0,0,0.0,0.0,0.0,0.0121586159522324,0.0435685768684135,0.0,0.7295250918048158,0,0,-0.5109762824048538,0.0,0.0,0,0.0,0
ENSG00000125743,P62316,SNRPD2,small nuclear ribonucleoprotein D2 polypeptide,0.4500574373353566,0,0,0.0,0.039747221625369,0.0,0.2127888496084922,0.0,0.0,0.7287875960873761,0,0,-0.7990071704357419,0.0,0.039747221625369,0,7.13,4
ENSG00000109390,O43677,NDUFC1,NADH:ubiquinone oxidoreductase subunit C1,0.449435129524411,4,3,0.0,0.0,0.0,0.030396539880581,0.0,0.0,0.7377668340702035,1,0,0.7186982901268615,0.0,0.0,1,6.06,18
ENSG00000160551,Q7L7X3,TAOK1,TAO kinase 1,0.4483204068100044,0,0,0.0,0.0,0.0,0.214742778540105,0.0,0.0,0.7267158879163816,0,0,-0.9467181467181468,1.0,0.0,0,9.35,552
ENSG00000153814,Q86VZ6,JAZF1,JAZF zinc finger 1,0.4482041171900724,0,0,0.0,0.0360085525896178,0.0,0.1219420284106502,0.504684047505076,0.0,0.607930797611621,0,0,-0.7539988968560397,0.0,0.0360085525896178,0,0.0,0
ENSG00000167792,P49821,NDUFV1,NADH:ubiquinone oxidoreductase core subunit V1,0.4477943385008433,4,3,0.0,0.0677517096781494,0.0,0.140602867245358,0.0,0.0,0.7280519475101441,1,0,0.2111417539988969,0.0,0.0677517096781494,1,6.06,18
ENSG00000167447,Q8ND04,SMG8,SMG8 nonsense mediated mRNA decay factor,0.4471290290115444,0,0,0.0,0.0,0.0,0.0,0.0,0.0,0.7354933008299318,0,0,-0.4012134583563155,0.0,0.0,0,0.0,0
ENSG00000205339,O95373,IPO7,importin 7,0.4454416451870511,0,0,0.0,0.0,0.0,0.0,0.0,0.0,0.732717682566928,0,0,-0.984776613348042,0.0,0.0,0,7.74,4
ENSG00000180530,P48552,NRIP1,nuclear receptor interacting protein 1,0.4447686096151935,0,0,0.0,0.0103648034040994,0.0,0.1856206168948468,0.0,0.0,0.722099230347623,0,0,-0.7010479867622725,0.0,0.0103648034040994,0,0.0,0
ENSG00000156471,P48651,PTDSS1,phosphatidylserine synthase 1,0.4438498804381088,0,0,0.0,0.0,0.0,0.0556222905881432,0.0,0.0,0.7273182358931454,0,0,-0.3248758963044678,0.0,0.0,0,7.3,99
ENSG00000065518,O95168,NDUFB4,NADH:ubiquinone oxidoreductase subunit B4,0.4398199662549898,4,3,0.0,0.0781690916835703,0.0,0.0469457671488974,0.0,0.0,0.7185187537410515,1,0,0.2880308880308879,0.0,0.0781690916835703,1,6.06,18
ENSG00000145604,Q13309,SKP2,S-phase kinase associated protein 2,0.4375669089055466,0,0,0.0,0.0,0.0,0.1191797667817782,0.0,0.0,0.7138053509979155,0,0,-0.6499724214009928,0.0,0.0,0,8.62,6
ENSG00000137275,Q13546,RIPK1,receptor interacting serine/threonine kinase 1,0.4374519650244426,2,1,0.0,0.0,0.0,0.6447405032967289,0.0,0.0,0.6873382402157973,1,0,-0.5685603971318257,1.0,0.0,1,10.3,5185
ENSG00000104549,Q14534,SQLE,squalene epoxidase,0.4367289469941381,0,0,0.0,0.0334402809988098,0.0,0.0501762438595391,0.0,0.0,0.7151340260732785,0,0,-0.5332597904026475,0.0,0.0334402809988098,0,7.7,67
ENSG00000181467,P61225,RAP2B,"RAP2B, member of RAS oncogene family",0.4363762957866482,0,0,0.0,0.0,0.0,0.0121586159522324,0.3177548542769626,0.0,0.6380969661285179,0,0,-0.1941533370104798,0.0,0.0,0,0.0,0
ENSG00000157368,Q6ZMJ4,IL34,interleukin 34,0.4349843459515374,0,0,0.0,0.0,0.0,0.4633562944032338,0.6923484046595132,0.0,0.0,0,0,0.5225592939878654,0.0,0.0,0,0.0,0
ENSG00000198740,Q9Y2D9,ZNF652,zinc finger protein 652,0.4347958953288836,0,0,0.0,0.0,0.0,0.2522912810088227,0.7025916683646086,0.0,0.0,0,0,-0.716822945394374,0.0,0.0,0,0.0,0
ENSG00000181029,Q8IUR0,TRAPPC5,trafficking protein particle complex subunit 5,0.4347519295921756,0,0,0.0,0.0,0.0,0.0,0.0,0.0,0.7151339121166198,0,0,0.7023717595146166,0.0,0.0,0,0.0,0
ENSG00000152904,O95749,GGPS1,geranylgeranyl diphosphate synthase 1,0.4347443340030078,0,0,0.0,0.0,0.0,0.0969311882858529,0.0,0.0,0.7102748585349028,0,0,0.0858246001103144,0.0,0.0,0,8.1,352
ENSG00000134853,P16234,PDGFRA,platelet derived growth factor receptor alpha,0.4344196262566399,4,33,0.5454490211904267,0.0,0.0,0.1346286622786333,0.0,0.0,0.5752332950142436,1,0,-0.9141753998896855,0.0,0.0,1,10.1,1093
ENSG00000214787,Q96PG1,MS4A4E,membrane spanning 4-domains A4E,0.4337431668748249,0,0,0.0,0.0,0.0,0.0822470230889507,0.7093622228906125,0.0,0.0,0,0,0.8894649751792609,0.0,0.0,0,0.0,0
ENSG00000104043,Q8TF62,ATP8B4,ATPase phospholipid transporting 8B4 (putative),0.4313410842806129,0,0,0.0,0.0,0.0,0.1595473758253967,0.7015459617838934,0.0,0.0,0,0,0.0792057363485934,0.0,0.0,0,0.0,0
ENSG00000102468,P28223,HTR2A,5-hydroxytryptamine receptor 2A,0.4307026948145531,4,65,0.6701048539102804,0.0491590820044604,0.0,0.7455190084712647,0.0,0.0,0.0,1,0,-0.529288472145615,1.0,0.0491590820044604,1,11.0,9122
ENSG00000179218,P27797,CALR,calreticulin,0.4298625215290493,0,0,0.0,0.0,0.0,0.3946299801608783,0.0,0.0,0.6873597081126531,0,0,-0.768450082735797,0.0,0.0,0,4.61,4
ENSG00000145741,P20290,BTF3,basic transcription factor 3,0.4295736073846416,0,0,0.0,0.0512131894013915,0.0,0.0364758478566972,0.0,0.0,0.7032447314244085,0,0,-0.0743519029233314,0.0,0.0512131894013915,0,6.62,2
ENSG00000085514,Q9UKJ1,PILRA,paired immunoglobin like type 2 receptor alpha,0.4273059642290385,0,0,0.0,0.0,0.0,0.667836716176087,0.6694940286807006,0.0,0.0,0,0,0.6258135686707116,0.0,0.0,0,0.0,0
ENSG00000010322,Q9Y2I1,NISCH,nischarin,0.4270989636257116,4,2,0.0,0.0,0.0,0.0264500557860856,0.0,0.0,0.7012228614259258,1,0,-0.7021511307225593,0.0,0.0,1,9.66,269
ENSG00000090060,P51003,PAPOLA,poly(A) polymerase alpha,0.4268370269495066,0,0,0.0,0.0,0.0,0.0972689276178593,0.0,0.0,0.6972510518916442,0,0,-0.9478212906784336,0.0,0.0,0,0.0,0
ENSG00000108798,Q9P2A4,ABI3,ABI family member 3,0.4267942756437868,0,0,0.0,0.0,0.0,0.9012872611666024,0.6569798125625371,0.0,0.0,0,0,0.2531715388858246,0.0,0.0,0,0.0,0
ENSG00000030066,Q12769,NUP160,nucleoporin 160,0.426506910931603,0,0,0.0,0.0,0.0,0.0800982599786511,0.0,0.0,0.6975665694908862,0,0,-0.5749586321014892,0.0,0.0,0,6.06,3
ENSG00000052344,Q16651,PRSS8,serine protease 8,0.4263300075403936,0,0,0.0,0.0,0.0,0.0922872724707641,0.6966661262205643,0.0,0.0,0,0,-0.302592388306674,0.0,0.0,0,7.92,23
ENSG00000165646,Q05940,SLC18A2,solute carrier family 18 member A2,0.4256745078275225,4,13,0.0,0.0,0.0,0.3786883907780332,0.0328254103769966,0.0,0.6776205552319882,1,0,-0.4647545504688362,0.0,0.0,1,10.0,149
ENSG00000150712,Q9C0I1,MTMR12,myotubularin related protein 12,0.4253095050669199,0,0,0.0,0.0,0.0,0.0,0.0,0.0,0.6996018407651565,0,0,-0.8019856591285163,0.0,0.0,0,0.0,0
ENSG00000163788,Q9NRH2,SNRK,SNF related kinase,0.4247704598167648,0,0,0.0,0.0257722926649263,0.0,0.030396539880581,0.0,0.0,0.696622607651224,0,0,-0.9613899613899614,0.0,0.0257722926649263,0,8.42,9
ENSG00000143171,P48443,RXRG,retinoid X receptor gamma,0.4244641722495671,4,5,0.1587374860430344,0.0,0.0,0.1660630521542544,0.0,0.0,0.6548366709107231,1,0,-0.641257584114727,1.0,0.0,1,10.1,376
ENSG00000073008,P15151,PVR,PVR cell adhesion molecule,0.4242480733004432,0,0,0.0,0.0,0.0,0.2774916491855154,0.6839812836478328,0.0,0.0,0,0,0.3032542746828461,0.0,0.0,0,0.0,0
ENSG00000115112,Q9NZI6,TFCP2L1,transcription factor CP2 like 1,0.4236649230410255,0,0,0.0,0.0,0.0,0.0,0.0,0.0,0.6968966282107745,0,0,-0.9038058466629896,0.0,0.0,0,0.0,0
ENSG00000073712,Q96AC1,FERMT2,FERM domain containing kindlin 2,0.4230197555199671,0,0,0.0,0.0274232208613344,0.0,0.5630270609813197,0.6670746186711088,0.0,0.0,0,0,-0.8829564258135687,0.0,0.0274232208613344,0,4.21,10
ENSG00000155657,Q8WZ42,TTN,titin,0.4226141523528653,0,0,0.0,0.0,0.0,0.1313771193675999,0.0,0.0,0.6885993342486486,0,0,-0.7104247104247104,0.0,0.0,0,7.92,4
ENSG00000031823,Q9H6Z4,RANBP3,RAN binding protein 3,0.4224839949304148,0,0,0.0,0.0,0.0,0.0,0.0,0.0,0.6949540911403543,0,0,-0.9009376723662438,0.0,0.0,0,0.0,0
ENSG00000165029,O95477,ABCA1,ATP binding cassette subfamily A member 1,0.4223188505923324,4,1,0.0,0.0,0.0,0.9177712627640162,0.6487938781059298,0.0,0.0,1,0,-0.6174296745725317,0.0,0.0,1,0.0,0
ENSG00000104643,Q96QG7,MTMR9,myotubularin related protein 9,0.4220482867824836,0,0,0.0,0.0,0.0,0.030396539880581,0.0,0.0,0.6927175573276495,0,0,-0.332046332046332,0.0,0.0,0,0.0,0
ENSG00000142319,Q01959,SLC6A3,solute carrier family 6 member 3,0.4214450520978302,4,36,0.5554798793510184,0.0,0.0,0.859932606462697,0.0,0.0,0.4746224649717485,1,0,-0.8035300606729179,0.0,0.0,1,9.92,5276
ENSG00000108219,Q8NG11,TSPAN14,tetraspanin 14,0.4180949771996531,0,0,0.0,0.0,0.0,0.1307270420619483,0.6811981381418839,0.0,0.0,0,0,-0.4569222283507997,0.0,0.0,0,0.0,0
ENSG00000065000,O14617,AP3D1,adaptor related protein complex 3 subunit delta 1,0.4174836052904492,0,0,0.0,0.0,0.0,0.0,0.0,0.0,0.6867288298777062,0,0,-0.7489244346387203,0.0,0.0,0,8.23,2
ENSG00000127184,P15954,COX7C,cytochrome c oxidase subunit 7C,0.4172204932222664,0,0,0.0,0.0,0.0,0.1393758719540495,0.3010719651754443,0.0,0.607930797611621,0,0,0.0848317705460561,0.0,0.0,0,0.0,0
ENSG00000066336,P17947,SPI1,Spi-1 proto-oncogene,0.4167849756288145,0,0,0.0,0.0,0.0,0.9173719273370784,0.2460600514102199,0.0,0.6036785814511665,0,0,-0.8872586872586873,0.0,0.0,0,0.0,0
ENSG00000149295,P14416,DRD2,dopamine receptor D2,0.4159301163937273,4,95,0.6706983617233181,0.0,0.0,0.2695019376102204,0.0,0.0,0.0,1,0,-0.8243794815223386,1.0,0.0,1,11.0,15052
ENSG00000167658,P13639,EEF2,eukaryotic translation elongation factor 2,0.4158200979473588,4,5,0.0,0.0095928176652144,0.0,0.2770208856197183,0.0,0.0,0.6699282686067153,1,0,-0.8061776061776061,0.0,0.0095928176652144,1,5.39,4
ENSG00000112425,O95278,EPM2A,"EPM2A glucan phosphatase, laforin",0.4142010293825119,0,0,0.0,0.0,0.0,0.0395155018447553,0.0,0.5040418582340698,0.6552490265903995,0,0,0.3776061776061776,0.0,0.0,0,4.99,8
ENSG00000160948,Q9UK41,VPS28,VPS28 subunit of ESCRT-I,0.4139845755848841,0,0,0.0,0.1175685464225113,0.0,0.0,0.0,0.0,0.6750947643831048,0,0,0.6675124103695533,0.0,0.1175685464225113,0,5.1,2
ENSG00000143398,Q99755,PIP5K1A,phosphatidylinositol-4-phosphate 5-kinase type 1 alpha,0.4138555974623084,0,0,0.0,0.0,0.0,0.0,0.0,0.0,0.6807610324863023,0,0,-0.3608383894098179,0.0,0.0,0,7.96,46
ENSG00000127415,P35475,IDUA,alpha-L-iduronidase,0.4138197170858619,0,0,0.0,0.0,0.0,0.1219226060982644,0.6746058816866428,0.0,0.0,0,0,0.5548814120242691,0.0,0.0,0,6.0,10
ENSG00000178394,P08908,HTR1A,5-hydroxytryptamine receptor 1A,0.4127786270705766,4,28,0.6602508792583253,0.0,0.0,0.3747723742256122,0.0,0.0,0.0,1,0,-0.0130170987313844,1.0,0.0,1,11.0,8307
ENSG00000117362,Q96BI3,APH1A,aph-1A gamma-secretase subunit,0.412748698018884,3,6,0.6432229884302734,0.0,0.0,0.7143455704380747,0.0,0.0,0.0,1,0,-0.2782129067843353,0.0,0.0,1,10.99,3429
ENSG00000179335,P49761,CLK3,CDC like kinase 3,0.4103618272911923,0,0,0.0,0.0,0.0,0.0121586159522324,0.0,0.0,0.6744061150500107,0,0,-0.6822945394373966,1.0,0.0,0,8.66,968
ENSG00000175344,P36544,CHRNA7,cholinergic receptor nicotinic alpha 7 subunit,0.4101304060319751,3,16,0.5830524573763184,0.0,0.0,0.2629494347193764,0.0,0.0,0.3429503892035354,1,0,0.1740761169332598,0.0,0.0,1,10.52,2012
ENSG00000140945,P55290,CDH13,cadherin 13,0.4096032432626903,0,0,0.0,0.0,0.0,0.3585018709363897,0.6558411391755552,0.0,0.0,0,0,-0.7340319911748483,0.0,0.0,0,0.0,0
ENSG00000171408,Q9NP56,PDE7B,phosphodiesterase 7B,0.4095134028854656,4,4,0.0,0.0,0.0,0.0121586159522324,0.4555713939586203,0.0,0.5594554121684383,1,0,-0.2997242140099283,0.0,0.0,1,8.32,391
ENSG00000111837,P20794,MAK,male germ cell associated kinase,0.4094301994954231,0,0,0.0,0.0,0.0,0.0,0.4183310118540455,0.0,0.5688988359014587,0,0,-0.1285162713734142,0.0,0.0,0,7.96,13
ENSG00000132170,P37231,PPARG,peroxisome proliferator activated receptor gamma,0.4089902382348452,4,35,0.6356845427335984,0.0,0.0,0.7414668653068868,0.0,0.0,0.0,1,0,-0.5346938775510204,1.0,0.0,1,10.74,6710
ENSG00000128923,Q8NBR6,MINDY2,MINDY lysine 48 deubiquitinase 2,0.4089441505750756,0,0,0.0,0.0,0.0,0.0414575030037924,0.670609200148011,0.0,0.0,0,0,0.0873690016547159,0.0,0.0,0,0.0,0
ENSG00000008516,Q9NPA2,MMP25,matrix metallopeptidase 25,0.4082922528657468,0,0,0.0,0.0,0.0,0.0,0.0,0.0,0.6716097530669697,0,0,0.6458907887479317,0.0,0.0,0,8.82,9
ENSG00000158748,P50406,HTR6,5-hydroxytryptamine receptor 6,0.4080926519241422,4,7,0.6408466917680445,0.0,0.0,0.6086946581260849,0.0,0.0,0.0,1,0,0.6153337010479867,0.0,0.0,1,10.4,5964
ENSG00000146648,P00533,EGFR,epidermal growth factor receptor,0.4074398334091445,4,75,0.0,0.0718317282669526,0.0,0.9286432812137012,0.6221791630988728,0.0,0.0,1,0,-0.7139547710976282,1.0,0.0718317282669526,1,11.0,20543
ENSG00000152782,Q8TE04,PANK1,pantothenate kinase 1,0.4067286050392552,0,0,0.0,0.0,0.0,0.0327352813651343,0.0,0.0,0.6674009070567639,0,0,-0.2600110314396029,1.0,0.0,0,7.16,16
ENSG00000184845,P21728,DRD1,dopamine receptor D1,0.4040461210415298,4,10,0.0,0.0,0.0,0.2162556688507549,0.2075548379858198,0.0,0.607930797611621,1,0,-0.9222283507997794,0.0,0.0,1,10.0,2787
ENSG00000073756,P35354,PTGS2,prostaglandin-endoperoxide synthase 2,0.4036868978648044,4,74,0.6170018653048762,0.0,0.0,0.9406485696886652,0.0,0.0,0.0,1,0,-0.8618863761720905,0.0,0.0,1,10.7,6182
ENSG00000113048,Q92552,MRPS27,mitochondrial ribosomal protein S27,0.4023035396914153,0,0,0.0,0.0,0.0,0.0243172319044648,0.3566250004308396,0.0,0.5720621415978412,0,0,0.3172642029784887,0.0,0.0,0,7.0,4
ENSG00000071243,Q9NXR8,ING3,inhibitor of growth family member 3,0.4022551619305217,0,0,0.0,0.0,0.0,0.0,0.0,0.0,0.6616791968935648,0,0,-0.9043574186431328,0.0,0.0,0,0.0,0
ENSG00000091140,P09622,DLD,dihydrolipoamide dehydrogenase,0.4022503730089914,0,0,0.0,0.0839037129740863,0.0,0.4383715991256672,0.0,0.0,0.6378882125700222,0,0,-0.3992277992277993,0.0,0.0839037129740863,0,4.97,4
ENSG00000115828,Q16769,QPCT,glutaminyl-peptide cyclotransferase,0.4020217468332581,0,0,0.0,0.0,0.0,0.1818978355921682,0.0,0.0,0.6522003550028901,0,0,0.5110865968008824,0.0,0.0,0,10.28,1209
ENSG00000162736,Q92542,NCSTN,nicastrin,0.4016472824745319,3,6,0.6432229884302734,0.0,0.0,0.3491258583272179,0.0,0.0,0.0,1,0,-0.8508549365692223,0.0,0.0,1,6.31,2
ENSG00000166912,Q9NXD2,MTMR10,myotubularin related protein 10,0.3977625482383899,0,0,0.0,0.0204943956784833,0.0,0.0,0.0,0.0,0.6532644687241765,0,0,-0.1259790402647546,0.0,0.0204943956784833,0,0.0,0
ENSG00000160191,O76083,PDE9A,phosphodiesterase 9A,0.39744981997395,4,6,0.1692918401682361,0.0,0.0,0.2098514551216509,0.4276970187555159,0.0,0.5254171719184872,1,0,0.219746276889134,1.0,0.0,1,11.0,1278
ENSG00000118260,P16220,CREB1,cAMP responsive element binding protein 1,0.3974434932511477,0,0,0.0,0.0,0.0,0.9166713933860212,0.0,0.0,0.607930797611621,0,0,-0.962934362934363,0.0,0.0,0,5.77,7
ENSG00000205155,Q9NZ42,PSENEN,"presenilin enhancer, gamma-secretase subunit",0.3968620176986445,3,6,0.6432229884302734,0.0,0.0,0.1916979144004637,0.0,0.0,0.0,1,0,-0.6296745725317154,0.0,0.0,1,7.85,5
ENSG00000172977,Q92993,KAT5,lysine acetyltransferase 5,0.3967253323639054,0,0,0.0,0.0,0.0,0.9044339943352214,0.0,0.0,0.6073613474368311,0,0,-0.5762824048538334,0.0,0.0,0,7.16,205
ENSG00000120162,Q86TA1,MOB3B,MOB kinase activator 3B,0.3963097077011674,0,0,0.0,0.0,0.0,0.0,0.6518993761430579,0.0,0.0,0,0,-0.4796469939327082,0.0,0.0,0,0.0,0
ENSG00000168038,Q96C45,ULK4,unc-51 like kinase 4,0.3951390149018024,0,0,0.0,0.0,0.0,0.1291852944924695,0.6435144106578146,0.0,0.0,0,0,-0.0444567015995587,0.0,0.0,0,0.0,0
ENSG00000164181,A1L3X0,ELOVL7,ELOVL fatty acid elongase 7,0.3948040084171407,0,0,0.0,0.0415174103328786,0.0,0.030396539880581,0.6466712659725942,0.0,0.0,0,0,0.124765581908439,0.0,0.0415174103328786,0,0.0,0
ENSG00000140009,Q92731,ESR2,estrogen receptor 2,0.3946154925266373,4,27,0.5634795628299643,0.0,0.0,0.6956007955260584,0.2807006501674811,0.0,0.0,1,0,0.0580253723110866,0.0,0.0,1,11.0,3423
ENSG00000163288,P18505,GABRB1,gamma-aminobutyric acid type A receptor subunit beta1,0.393787706896578,4,28,0.1367844294626147,0.0127773923850814,0.0,0.0926527719080697,0.0392723330188128,0.0,0.607930797611621,1,0,-0.6136789851075566,0.0,0.0127773923850814,1,4.5,2
ENSG00000204256,P25440,BRD2,bromodomain containing 2,0.3931594154812037,3,6,0.0,0.013777029209978,0.0,0.7696086167278018,0.0,0.0,0.607930797611621,1,0,-0.9018201875344732,1.0,0.013777029209978,1,10.0,1442
ENSG00000173039,Q04206,RELA,"RELA proto-oncogene, NF-kB subunit",0.3927376714511472,3,1,0.0,0.0,0.0,0.7618570027189131,0.0,0.0,0.607930797611621,1,0,-0.7947049089906233,0.0,0.0,1,8.22,112
ENSG00000156467,P14927,UQCRB,ubiquinol-cytochrome c reductase binding protein,0.3924743875590459,0,0,0.0,0.0,0.0,0.0766900240117652,0.0,0.0,0.6417560645364345,0,0,-0.0296745725317153,0.0,0.0,0,5.6,8
ENSG00000060566,Q68CJ9,CREB3L3,cAMP responsive element binding protein 3 like 3,0.3913314553340502,0,0,0.0,0.0,0.0,0.1291852944924695,0.0,0.0,0.6372512642886703,0,0,0.3252068394925538,0.0,0.0,0,0.0,0
ENSG00000178950,O14976,GAK,cyclin G associated kinase,0.391070804672794,0,0,0.0,0.0,0.0,0.07480926203943,0.3908879428915003,0.0,0.5438973646993447,0,0,-0.4529509100937672,1.0,0.0,0,10.22,477
ENSG00000274286,P18089,ADRA2B,adrenoceptor alpha 2B,0.3909728145438073,4,51,0.4460270053310262,0.0,0.0,0.1413180669515325,0.0,0.0,0.5284734393254834,1,0,0.7192498621070049,1.0,0.0,1,9.96,1228
ENSG00000174469,Q9UHC6,CNTNAP2,contactin associated protein 2,0.3885435549404026,0,0,0.0,0.009227272432312,0.0,0.1250860042452851,0.6225329338008454,0.2739336174037964,0.0,0,0,-0.407942636514065,0.0,0.009227272432312,0,0.0,0
ENSG00000177606,P05412,JUN,"Jun proto-oncogene, AP-1 transcription factor subunit",0.3882539841686864,0,0,0.0,0.0,0.0,0.6143505003316082,0.0,0.0,0.607930797611621,0,0,-0.4166574738003309,0.0,0.0,0,8.52,151
ENSG00000160789,P02545,LMNA,lamin A/C,0.388098957786051,0,0,0.0,0.0,0.0,0.609250367775585,0.0,0.0,0.607930797611621,0,0,-0.7811362382790954,0.0,0.0,0,9.0,36678
ENSG00000184588,Q07343,PDE4B,phosphodiesterase 4B,0.3875325760997273,4,28,0.0,0.0,0.0,0.4389506895303587,0.615514126656998,0.0,0.0,1,0,-0.8223938223938224,1.0,0.0,1,11.0,2968
ENSG00000118113,P22894,MMP8,matrix metallopeptidase 8,0.3873987814472047,4,6,0.6058199267865807,0.0,0.0,0.6284330460595706,0.0,0.0,0.0,1,0,0.6592388306674022,0.0,0.0,1,10.7,1468
ENSG00000102870,Q9UEG4,ZNF629,zinc finger protein 629,0.3873888470785948,0,0,0.0,0.0,0.0,0.5858888039184454,0.0,0.0,0.607930797611621,0,0,-0.9013789299503584,0.0,0.0,0,0.0,0
ENSG00000213380,Q96MW5,COG8,component of oligomeric golgi complex 8,0.3873044681666114,0,0,0.0,0.0,0.0,0.0,0.0,0.0,0.6370864409044833,0,0,0.4619966905681192,0.0,0.0,0,8.38,4
ENSG00000100300,P30536,TSPO,translocator protein,0.3872654307276312,2,2,0.0,0.0,0.0,0.9615773354935518,0.0,0.0,0.5889433605069171,1,0,0.9024820739106454,0.0,0.0,1,9.82,302
ENSG00000117450,Q06830,PRDX1,peroxiredoxin 1,0.3871005489038768,0,0,0.0,0.0717994609339455,0.0,0.5444933602715213,0.0,0.0,0.607930797611621,0,0,0.5334804191947049,0.0,0.0717994609339455,0,7.34,44
ENSG00000162909,P17655,CAPN2,calpain 2,0.3865686960108354,0,0,0.0,0.0155277495751679,0.0,0.5520058572880444,0.0,0.0,0.607930797611621,0,0,0.1064533921676778,0.0,0.0155277495751679,0,8.3,182
ENSG00000127022,P27824,CANX,calnexin,0.3863581197127184,0,0,0.0,0.0,0.0,0.1703264586119971,0.3141869620798286,0.0,0.5531979966234456,0,0,-0.9107556536127964,0.0,0.0,0,5.25,4
ENSG00000174672,Q8IWQ3,BRSK2,BR serine/threonine kinase 2,0.3858656817671754,0,0,0.0,0.0689771358735829,0.0,0.0725295215483864,0.3535043267653216,0.0,0.5438696834936553,0,0,-0.8373965802537231,0.0,0.0689771358735829,0,8.63,33
ENSG00000173145,Q8WTT2,NOC3L,NOC3 like DNA replication regulator,0.3856338193083906,0,0,0.0,0.0,0.0,0.0,0.0,0.0,0.6343383503902599,0,0,0.2012134583563154,0.0,0.0,0,0.0,0
ENSG00000196924,P21333,FLNA,filamin A,0.3848706480146268,3,1,0.5984941711277764,0.0,0.0,0.6917764086841106,0.0,0.0,0.0,1,0,0.0,0.0,0.0,1,6.68,5
ENSG00000135047,P07711,CTSL,cathepsin L,0.3845375592595125,0,0,0.0,0.0,0.0,0.4920857648132046,0.0,0.0,0.607930797611621,0,0,-0.0636514065085493,1.0,0.0,0,10.6,2222
ENSG00000095303,P23219,PTGS1,prostaglandin-endoperoxide synthase 1,0.3844593721667292,4,60,0.5921831843088629,0.0,0.0,0.8044657942555665,0.0,0.0,0.0,1,0,-0.253392167677882,1.0,0.0,1,9.85,2449
ENSG00000177169,O75385,ULK1,unc-51 like autophagy activating kinase 1,0.3842960864290359,0,0,0.0,0.0,0.0,0.4841416754061447,0.0,0.0,0.607930797611621,0,0,-0.5549917264202979,1.0,0.0,0,9.08,392
ENSG00000132670,P18433,PTPRA,protein tyrosine phosphatase receptor type A,0.3829209743672031,0,0,0.0,0.0710050256327766,0.0,0.4073447877322044,0.0,0.0,0.607930797611621,0,0,-0.916492002206288,0.0,0.0710050256327766,0,7.62,50
ENSG00000106261,P17029,ZKSCAN1,zinc finger with KRAB and SCAN domains 1,0.3827730551760334,0,0,0.0,0.0,0.0,0.2267919614423353,0.0,0.0,0.6182930125471094,0,0,-0.780584666298952,0.0,0.0,0,0.0,0
ENSG00000175592,P15407,FOSL1,"FOS like 1, AP-1 transcription factor subunit",0.3823325823443008,0,0,0.0,0.0,0.0,0.4195453729174658,0.0,0.0,0.607930797611621,0,0,0.0028681742967457,0.0,0.0,0,0.0,0
ENSG00000120053,P17174,GOT1,glutamic-oxaloacetic transaminase 1,0.3819617342800148,0,0,0.0,0.091187111809584,0.0,0.829616366619508,0.0,0.0,0.5847908507579772,0,0,-0.44853833425262,0.0,0.091187111809584,0,6.08,44
ENSG00000196611,P03956,MMP1,matrix metallopeptidase 1,0.3813711087613881,4,6,0.6058199267865807,0.0,0.0,0.4301317686938751,0.0,0.0,0.0,1,0,0.5011583011583012,0.0,0.0,1,10.0,3052
ENSG00000113580,P04150,NR3C1,nuclear receptor subfamily 3 group C member 1,0.381212771246445,4,65,0.4559480982087158,0.0,0.0,0.6608232464439199,0.0,0.0,0.4983940764479856,1,0,-0.8916712630998346,1.0,0.0,1,10.7,6154
ENSG00000138378,Q14765,STAT4,signal transducer and activator of transcription 4,0.3812084989298075,0,0,0.0,0.1355965758913351,0.0,0.3222995908428525,0.0,0.0,0.607930797611621,0,0,-0.6848317705460563,0.0,0.1355965758913351,0,6.0,2
ENSG00000153113,B7Z468,CAST,calpastatin,0.3807409956883003,0,0,0.0,0.0,0.0,0.3671845890172818,0.0,0.0,0.607930797611621,0,0,0.0,0.0,0.0,0,0.0,0
ENSG00000153113,B7Z468,CAST,calpastatin,0.3807409956883003,0,0,0.0,0.0,0.0,0.3671845890172818,0.0,0.0,0.607930797611621,0,0,0.3983452840595698,0.0,0.0,0,0.0,0
ENSG00000310517,P20810,CAST,calpastatin ,0.3807409956883003,0,0,0.0,0.0,0.0,0.3671845890172818,0.0,0.0,0.607930797611621,0,0,0.0,0.0,0.0,0,0.0,0
ENSG00000310517,P20810,CAST,calpastatin ,0.3807409956883003,0,0,0.0,0.0,0.0,0.3671845890172818,0.0,0.0,0.607930797611621,0,0,0.3983452840595698,0.0,0.0,0,0.0,0
ENSG00000108091,Q16204,CCDC6,coiled-coil domain containing 6,0.3797645488236105,4,2,0.0,0.0274709570166805,0.0,0.1026809476591187,0.6189393330202717,0.0,0.0,1,0,-0.6185328185328185,0.0,0.0274709570166805,1,9.48,27
ENSG00000086991,Q9NPH5,NOX4,NADPH oxidase 4,0.3789708463025947,2,1,0.0,0.0,0.0,0.8490583211129804,0.5809253496802838,0.0,0.0,1,0,0.0897959183673469,0.0,0.0,1,7.97,169
ENSG00000014216,P07384,CAPN1,calpain 1,0.3789290150313411,0,0,0.0,0.0,0.0,0.307573177189554,0.0,0.0,0.607930797611621,0,0,0.0143408714837285,0.0,0.0,0,9.7,806
ENSG00000112742,P33981,TTK,TTK protein kinase,0.3779085514517349,1,2,0.0,0.0,0.0,0.0905141409777302,0.0,0.0,0.6171051643207249,1,0,-0.483177054605626,1.0,0.0,1,10.33,2282
ENSG00000072310,P36956,SREBF1,sterol regulatory element binding transcription factor 1,0.3777040188935435,0,0,0.0,0.0,0.0,0.267272664611143,0.0,0.0,0.607930797611621,0,0,-0.4888030888030887,0.0,0.0,0,7.7,29
ENSG00000131042,Q8N423,LILRB2,leukocyte immunoglobulin like receptor B2,0.3772272900277129,0,0,0.0,0.0,0.0,0.3806981076013203,0.6014753426773223,0.0,0.0,0,0,-0.1819084390512961,0.0,0.0,0,0.0,0
ENSG00000067057,Q01813,PFKP,"phosphofructokinase, platelet",0.3772270607082932,0,0,0.0,0.0,0.0,0.1169140818082111,0.2713241712067303,0.0,0.5500807373358241,0,0,0.4955322669608384,0.0,0.0,0,8.24,5
ENSG00000164045,P30304,CDC25A,cell division cycle 25A,0.3769139126634551,0,0,0.0,0.0,0.0,0.2412793695455679,0.0,0.0,0.607930797611621,0,0,-0.7012686155543298,0.0,0.0,0,7.66,378
ENSG00000128463,Q5J8M3,EMC4,ER membrane protein complex subunit 4,0.3768973652072784,0,0,0.0,0.033033367736202,0.0,0.030396539880581,0.0,0.0,0.6176403997291654,0,0,-0.4271373414230557,0.0,0.033033367736202,0,0.0,0
ENSG00000181830,Q96A29,SLC35C1,solute carrier family 35 member C1,0.3764384599260527,0,0,0.0,0.0,0.0,0.0,0.0474045075828606,0.0,0.6073615555427584,0,0,-0.4853833425261996,0.0,0.0,0,0.0,0
ENSG00000100596,O15270,SPTLC2,serine palmitoyltransferase long chain base subunit 2,0.37642395557408,0,0,0.0,0.0,0.0,0.225160525384357,0.0,0.0,0.607930797611621,0,0,-0.6957528957528958,0.0,0.0,0,9.89,20
ENSG00000086062,P15291,B4GALT1,"beta-1,4-galactosyltransferase 1",0.3761302982952405,0,0,0.0,0.0,0.0,0.2154996468766994,0.0,0.0,0.607930797611621,0,0,-0.3825703254274682,0.0,0.0,0,5.73,7
ENSG00000068366,O60488,ACSL4,acyl-CoA synthetase long chain family member 4,0.3760934087832802,0,0,0.0,0.0,0.0,0.2142860379559064,0.0,0.0,0.607930797611621,0,0,0.0,0.0,0.0,0,4.97,2
ENSG00000151092,Q96IV0,NGLY1,N-glycanase 1,0.3760521487473967,0,0,0.0,0.0260548313964244,0.0,0.2127335617475665,0.0,0.0,0.6073615555427584,0,0,0.0687258687258687,0.0,0.0260548313964244,0,4.48,3
ENSG00000120910,P48454,PPP3CC,protein phosphatase 3 catalytic subunit gamma,0.3743120558690417,0,0,0.0,0.0,0.0,0.1367884961198776,0.0,0.0,0.6088754844231523,0,0,-0.3362382790954219,0.0,0.0,0,0.0,0
ENSG00000261371,P16284,PECAM1,platelet and endothelial cell adhesion molecule 1,0.3737079315425288,0,0,0.0,0.0790197443453969,0.0,0.853483214087199,0.4571294479549272,0.0,0.4804847681456349,0,0,0.0,0.0,0.0790197443453969,0,0.0,0
ENSG00000164916,P85037,FOXK1,forkhead box K1,0.3735578612417752,0,0,0.0,0.0,0.0,0.2159146976892744,0.0,0.0,0.6036785814511665,0,0,-0.4862658576944291,0.0,0.0,0,8.45,2
ENSG00000113368,P20700,LMNB1,lamin B1,0.3734388983292287,0,0,0.0,0.0,0.0,0.1269566753218612,0.0,0.0,0.607930797611621,0,0,-0.6317705460562604,0.0,0.0,0,6.38,5
ENSG00000165304,Q14680,MELK,maternal embryonic leucine zipper kinase,0.3731155122911659,0,0,0.0,0.0,0.0,0.0775111766954816,0.6098711270660316,0.0,0.0,0,0,0.2273579702151131,1.0,0.0,0,9.82,1225
ENSG00000151490,Q16827,PTPRO,protein tyrosine phosphatase receptor type O,0.3730433881061069,0,0,0.0,0.0443603609948522,0.0,0.0942292736298012,0.0,0.0,0.607930797611621,0,0,-0.6747931605074462,0.0,0.0443603609948522,0,6.91,4
ENSG00000108384,O43502,RAD51C,RAD51 paralog C,0.3729372959513634,0,0,0.0,0.0437264299773896,0.0,0.0910207499757399,0.0,0.0,0.607930797611621,0,0,0.2986210700496414,0.0,0.0437264299773896,0,0.0,0
ENSG00000077150,Q00653,NFKB2,nuclear factor kappa B subunit 2,0.3729301522311896,3,1,0.0,0.0,0.0,0.1102197013097604,0.0,0.0,0.607930797611621,1,0,-0.8805295091009376,0.0,0.0,1,0.0,0
ENSG00000164896,Q14296,FASTK,Fas activated serine/threonine kinase,0.3729016225697163,0,0,0.0,0.0,0.0,0.0,0.0,0.0,0.6133948535503312,0,0,-0.444677330391616,0.0,0.0,0,0.0,0
ENSG00000126247,P04632,CAPNS1,calpain small subunit 1,0.3728330645644856,0,0,0.0,0.0775575325350673,0.0,0.0663032969628474,0.0,0.0,0.607930797611621,0,0,0.3706563706563706,0.0,0.0775575325350673,0,4.95,2
ENSG00000165264,O95139,NDUFB6,NADH:ubiquinone oxidoreductase subunit B6,0.3728326796236908,4,3,0.0,0.0368259896107789,0.0,0.090645894057318,0.0,0.0,0.607930797611621,1,0,0.9526751241036956,0.0,0.0368259896107789,1,5.46,2
ENSG00000172273,Q9BQA5,HINFP,histone H4 transcription factor,0.3727161441788117,0,0,0.0,0.0,0.0,0.1173863709288239,0.0,0.0,0.6072204371348014,0,0,-0.6839492553778268,0.0,0.0,0,0.0,0
ENSG00000137745,P45452,MMP13,matrix metallopeptidase 13,0.3726687441877491,4,7,0.6058199267865807,0.0,0.0,0.1438371901718459,0.0,0.0,0.0,1,0,0.1783783783783783,1.0,0.0,1,11.0,3368
ENSG00000167110,Q08379,GOLGA2,golgin A2,0.3726445709526627,0,0,0.0,0.0494153480793659,0.0,0.0788621340235075,0.0,0.0,0.607930797611621,0,0,-0.787534473248759,0.0,0.0494153480793659,0,6.69,2
ENSG00000169136,Q9Y2D1,ATF5,activating transcription factor 5,0.3726442876464624,0,0,0.0,0.0,0.0,0.1008151906039271,0.0,0.0,0.607930797611621,0,0,0.7394373965802536,0.0,0.0,0,0.0,0
ENSG00000137673,P09237,MMP7,matrix metallopeptidase 7,0.3722090078630792,4,5,0.6058199267865807,0.0,0.0,0.12871256327431,0.0,0.0,0.0,1,0,0.2241588527302813,0.0,0.0,1,10.22,636
ENSG00000136451,Q14119,VEZF1,vascular endothelial zinc finger 1,0.3721669136674946,0,0,0.0,0.0,0.0,0.0851103116656269,0.0,0.0,0.607930797611621,0,0,-0.9709873138444568,0.0,0.0,0,0.0,0
ENSG00000158402,P30307,CDC25C,cell division cycle 25C,0.3720002916069885,0,0,0.0,0.0,0.0,0.0796286989175707,0.0,0.0,0.607930797611621,0,0,0.3538885824600111,0.0,0.0,0,7.64,123
ENSG00000151612,Q17R98,ZNF827,zinc finger protein 827,0.3718194048251855,0,0,0.0,0.0736777985021432,0.0,0.0,0.0,0.0,0.607930797611621,0,0,-0.9579702151130722,0.0,0.0736777985021432,0,0.0,0
ENSG00000069431,O60706,ABCC9,ATP binding cassette subfamily C member 9,0.3716659229282266,4,2,0.0,0.0,0.0,0.0686284771793247,0.0,0.0,0.607930797611621,1,0,-0.6240485383342527,0.0,0.0,1,7.16,53
ENSG00000141959,P17858,PFKL,"phosphofructokinase, liver type",0.3716343593630011,0,0,0.0,0.0,0.0,0.067590083817792,0.0,0.0,0.607930797611621,0,0,0.1093215664644235,0.0,0.0,0,7.47,3
ENSG00000100599,Q8TB24,RIN3,Ras and Rab interactor 3,0.371527069414971,0,0,0.0,0.0,0.0,0.7645500441162629,0.5729063157790465,0.0,0.0,0,0,-0.183342526199669,0.0,0.0,0,0.0,0
ENSG00000256812,Q96L46,CAPNS2,calpain small subunit 2,0.3714277539581253,0,0,0.0,0.0,0.0,0.0607930797611621,0.0,0.0,0.607930797611621,0,0,0.2559293987865416,0.0,0.0,0,0.0,0
ENSG00000136504,O95251,KAT7,lysine acetyltransferase 7,0.3712573509717376,0,0,0.0,0.0,0.0,0.6309815070210617,0.0,0.0,0.5791410762752457,0,0,-0.9056811913954772,1.0,0.0,0,8.1,182
ENSG00000112983,Q9H0E9,BRD8,bromodomain containing 8,0.3710735732640524,0,0,0.0,0.0,0.0,0.0491410728069393,0.0,0.0,0.607930797611621,0,0,-0.6354109211252068,0.0,0.0,0,5.31,11
ENSG00000111725,Q9Y478,PRKAB1,protein kinase AMP-activated non-catalytic subunit beta 1,0.3710690755824872,3,1,0.0,0.0,0.0,0.8774125630807048,0.0,0.0,0.566509824753281,1,0,-0.3555432984004413,0.0,0.0,1,7.4,27
ENSG00000096401,Q99459,CDC5L,cell division cycle 5 like,0.3708374528013372,0,0,0.0,0.0,0.0,0.0413730681707908,0.0,0.0,0.607930797611621,0,0,-0.9166023166023166,0.0,0.0,0,7.01,4
ENSG00000103811,P09668,CTSH,cathepsin H,0.3705977918973999,0,0,0.0,0.0176832905379241,0.0,0.4200782235379854,0.0,0.0,0.5882083538425265,0,0,0.4760066188637617,0.0,0.0176832905379241,0,9.34,46
ENSG00000123643,Q7Z2H8,SLC36A1,solute carrier family 36 member 1,0.3702266194304,0,0,0.0,0.0,0.0,0.0212775779164067,0.0,0.0,0.607930797611621,0,0,-0.3857694429123001,0.0,0.0,0,0.0,0
ENSG00000013293,Q8TBB6,SLC7A14,solute carrier family 7 member 14,0.3700447002351396,0,0,0.0,0.0759945970079036,0.0,0.030396539880581,0.3975494095076115,0.0,0.5072393552971188,0,0,-0.319580805295091,0.0,0.0759945970079036,0,0.0,0
ENSG00000115844,Q07687,DLX2,distal-less homeobox 2,0.3699494345393864,0,0,0.0,0.0,0.0,0.0121586159522324,0.0,0.0,0.607930797611621,0,0,-0.6563706563706564,0.0,0.0,0,0.0,0
ENSG00000140990,O96000,NDUFB10,NADH:ubiquinone oxidoreductase subunit B10,0.3699494345393864,4,3,0.0,0.0,0.0,0.0121586159522324,0.0,0.0,0.607930797611621,1,0,0.7256480970766686,0.0,0.0,1,6.06,18
ENSG00000065615,Q7L1T6,CYB5R4,cytochrome b5 reductase 4,0.3696033747544286,0,0,0.0,0.0,0.0,0.0121586159522324,0.0,0.0,0.6073615555427584,0,0,-0.2616657473800331,0.0,0.0,0,0.0,0
ENSG00000263001,P78347,GTF2I,general transcription factor IIi,0.3695798546847018,0,0,0.0,0.0,0.0,0.0,0.0,0.0,0.607930797611621,0,0,-0.9594043022614452,0.0,0.0,0,7.03,5
ENSG00000143748,O15381,NVL,nuclear VCP like,0.3695798546847018,0,0,0.0,0.0,0.0,0.0,0.0,0.0,0.607930797611621,0,0,-0.1329288472145615,0.0,0.0,0,0.0,0
ENSG00000137411,Q5ST30,VARS2,"valyl-tRNA synthetase 2, mitochondrial",0.3695798546847018,0,0,0.0,0.0,0.0,0.0,0.0,0.0,0.607930797611621,0,0,-0.277661334804192,0.0,0.0,0,0.0,0
ENSG00000104980,O43615,TIMM44,translocase of inner mitochondrial membrane 44,0.3695798546847018,0,0,0.0,0.0,0.0,0.0,0.0,0.0,0.607930797611621,0,0,-0.3547710976282404,0.0,0.0,0,6.51,4
ENSG00000159792,P11801,PSKH1,protein serine kinase H1,0.3695798546847018,0,0,0.0,0.0,0.0,0.0,0.0,0.0,0.607930797611621,0,0,-0.4218422504136789,0.0,0.0,0,6.0,3
ENSG00000154832,Q9P0U4,CXXC1,CXXC finger protein 1,0.3695798546847018,0,0,0.0,0.0,0.0,0.0,0.0,0.0,0.607930797611621,0,0,-0.826696083838941,0.0,0.0,0,0.0,0
ENSG00000153046,Q9Y232,CDYL,chromodomain Y like,0.3695798546847018,0,0,0.0,0.0,0.0,0.0,0.0,0.0,0.607930797611621,0,0,-0.8926640926640926,0.0,0.0,0,6.31,62
ENSG00000144161,Q8N5P1,ZC3H8,zinc finger CCCH-type containing 8,0.3695798546847018,0,0,0.0,0.0,0.0,0.0,0.0,0.0,0.607930797611621,0,0,0.1078874793160507,0.0,0.0,0,0.0,0
ENSG00000065559,P45985,MAP2K4,mitogen-activated protein kinase kinase 4,0.3693919607558185,0,0,0.0,0.0750376407995767,0.0,0.1723694307547691,0.0,0.0,0.5973357516993589,0,0,-0.9463872035300608,1.0,0.0750376407995767,0,8.82,226
ENSG00000149177,Q12913,PTPRJ,protein tyrosine phosphatase receptor type J,0.369341395507392,0,0,0.0,0.0549816758904566,0.0,0.030396539880581,0.0,0.0,0.6041139879133557,0,0,0.1377826806398234,0.0,0.0549816758904566,0,4.18,1
ENSG00000115648,Q9BV36,MLPH,melanophilin,0.369233794899744,0,0,0.0,0.0,0.0,0.0,0.0,0.0,0.6073615555427584,0,0,-0.1942636514065086,0.0,0.0,0,0.0,0
ENSG00000105568,P30153,PPP2R1A,protein phosphatase 2 scaffold subunit Aalpha,0.3691090733936485,0,0,0.0,0.0362152064650724,0.0,0.1095339314596738,0.0,0.0,0.6008749191968479,0,0,-0.8499724214009928,0.0,0.0362152064650724,0,5.7,3
ENSG00000196950,Q9ULF5,SLC39A10,solute carrier family 39 member 10,0.3690531928092463,0,0,0.0,0.0879994475808189,0.0,0.0805508306835398,0.0,0.0,0.6008744879788914,0,0,-0.8643132928847215,0.0,0.0879994475808189,0,0.0,0
ENSG00000105426,Q13332,PTPRS,protein tyrosine phosphatase receptor type S,0.3686359059023414,0,0,0.0,0.0,0.0,0.6597827818836888,0.2454477127252032,0.0,0.5303543057628811,0,0,-0.8167677881963596,0.0,0.0,0,6.3,33
ENSG00000186868,P10636,MAPT,microtubule associated protein tau,0.3682509391404079,2,6,0.1812632792655235,0.0,0.0,0.9991651782559282,0.4577697654943457,0.0,0.0,1,0,-0.4056260341974628,1.0,0.0,1,9.89,95343
ENSG00000116906,O15228,GNPAT,glyceronephosphate O-acyltransferase,0.3680043404928123,0,0,0.0,0.0,0.0,0.0287078432205487,0.0,0.2773380298704215,0.5908343428345535,0,0,-0.605515719801434,0.0,0.0,0,7.66,6
ENSG00000076984,O14733,MAP2K7,mitogen-activated protein kinase kinase 7,0.3679099144313628,0,0,0.0,0.0,0.0,0.2796526713524906,0.0,0.0,0.5912012391309971,0,0,-0.7361279646993932,1.0,0.0,0,9.22,104
ENSG00000100151,Q9NRD5,PICK1,protein interacting with PRKCA 1,0.3679023221387813,0,0,0.0,0.0,0.0,0.4075986953914742,0.0,0.0,0.5847914491842577,0,0,-0.3337010479867622,0.0,0.0,0,0.0,0
ENSG00000187116,A6NI73,LILRA5,leukocyte immunoglobulin like receptor A5,0.3677376416734024,0,0,0.0,0.0,0.0,0.0379956748507263,0.6030007133504454,0.0,0.0,0,0,0.2222835079977936,0.0,0.0,0,0.0,0
ENSG00000091831,P03372,ESR1,estrogen receptor 1,0.3676679269493006,4,40,0.5579116025414649,0.0,0.0,0.937484382480492,0.0,0.0,0.0,1,0,-0.734142305570877,1.0,0.0,1,11.34,7873
ENSG00000188778,P13945,ADRB3,adrenoceptor beta 3,0.3676589212081444,4,24,0.0,0.0,0.0,0.5907665420417035,0.0,0.0,0.5752326808030362,1,0,0.9806949806949808,1.0,0.0,1,10.8,2032
ENSG00000175489,Q8N386,LRRC25,leucine rich repeat containing 25,0.3662152921883535,0,0,0.0,0.0,0.0,0.6737697029929596,0.5687078626371467,0.0,0.0,0,0,-0.6130170987313844,0.0,0.0,0,0.0,0
ENSG00000133030,Q6WCQ1,MPRIP,myosin phosphatase Rho interacting protein,0.3660650889854486,0,0,0.0,0.0306818197572378,0.0,0.1900584839553916,0.1145735776372461,0.0,0.5688988359014587,0,0,-0.8976282404853834,0.0,0.0306818197572378,0,0.0,0
ENSG00000066855,Q15390,MTFR1,mitochondrial fission regulator 1,0.3660499962091249,0,0,0.0,0.0,0.0,0.0,0.0,0.0,0.6021244484523999,0,0,-0.1452840595697738,0.0,0.0,0,0.0,0
ENSG00000144579,Q9GZU7,CTDSP1,CTD small phosphatase 1,0.3656350097459279,0,0,0.0,0.0,0.0,0.0759913497014526,0.0,0.0,0.5976422597465776,0,0,-0.4555984555984556,0.0,0.0,0,6.39,1003
ENSG00000115355,Q3V6T2,CCDC88A,coiled-coil and HOOK domain protein 88A,0.3648508704560153,0,0,0.0,0.0821135497524987,0.0,0.2066964711879511,0.0,0.0,0.5879924085324194,0,0,-0.9235521235521236,0.0,0.0821135497524987,0,0.0,0
ENSG00000132313,Q9NZE8,MRPL35,mitochondrial ribosomal protein L35,0.3633252739296935,0,0,0.0,0.0,0.0,0.0,0.0,0.0,0.5976424871993493,0,0,0.4644236072807501,0.0,0.0,0,0.0,0
ENSG00000196154,P26447,S100A4,S100 calcium binding protein A4,0.3631888940150644,0,0,0.0,0.0108655065784588,0.0,0.3115914135293328,0.0,0.0,0.5815971262173243,0,0,0.2829564258135686,0.0,0.0108655065784588,0,6.63,87
ENSG00000129351,Q12906,ILF3,interleukin enhancer binding factor 3,0.3630886529060564,0,0,0.0,0.0,0.0,0.0334361938686391,0.0,0.0,0.5955814538894028,0,0,-0.8797573083287369,0.0,0.0,0,7.76,6
ENSG00000168874,Q96SQ7,ATOH8,atonal bHLH transcription factor 8,0.3627050559718277,0,0,0.0,0.0,0.0,0.0,0.0,0.0,0.5966222757537334,0,0,-0.2955322669608383,0.0,0.0,0,0.0,0
ENSG00000084674,P04114,APOB,apolipoprotein B,0.3623650699748091,4,2,0.0,0.0,0.0,0.8750388557324885,0.5523110818182049,0.0,0.0,1,0,-0.6480970766685052,0.0,0.0,1,9.15,49
ENSG00000166926,Q96DS6,MS4A6E,membrane spanning 4-domains A6E,0.3623354190758103,0,0,0.0,0.0,0.0,0.037826805184723,0.5941229108682247,0.0,0.0,0,0,0.1548814120242692,0.0,0.0,0,0.0,0
ENSG00000148429,Q92738,USP6NL,USP6 N-terminal like,0.3623240346336374,0,0,0.0,0.0,0.0,0.1372049075493826,0.5891352792070734,0.0,0.0,0,0,-0.4265857694429122,0.0,0.0,0,0.0,0
ENSG00000131174,P24311,COX7B,cytochrome c oxidase subunit 7B,0.3618762352287269,0,0,0.0,0.0,0.0,0.081141874514551,0.0,0.0,0.5912018348405349,0,0,0.0,0.0,0.0,0,0.0,0
ENSG00000163686,Q9BV23,ABHD6,"abhydrolase domain containing 6, acylglycerol lipase",0.3616370508185793,0,0,0.0,0.0,0.0,0.1374615968232876,0.0,0.0,0.5879924085324194,0,0,0.1784886927744071,1.0,0.0,0,9.68,183
ENSG00000113721,P09619,PDGFRB,platelet derived growth factor receptor beta,0.3609462691243731,4,43,0.5492485886754993,0.0,0.0,0.8896123252862395,0.0,0.0,0.0,1,0,-0.6833976833976834,1.0,0.0,1,10.12,2763
ENSG00000123992,Q9ULA0,DNPEP,aspartyl aminopeptidase,0.3602282692413797,2,1,0.0,0.0,0.0,0.0,0.0,0.0,0.5925481496522453,1,0,-0.0084942084942084,0.0,0.0,1,6.29,7
ENSG00000188906,Q5S007,LRRK2,leucine rich repeat kinase 2,0.3596948521348461,0,0,0.0,0.0,0.0,0.6305890821527539,0.0420432072924208,0.0,0.5554697974314395,0,0,-0.319249862107005,1.0,0.0,0,10.22,5529
ENSG00000112164,P43220,GLP1R,glucagon like peptide 1 receptor,0.35968938645708,4,15,0.5454490211904267,0.0,0.0,0.9242541440137392,0.0,0.0,0.0,1,0,-0.6955322669608384,0.0,0.0,1,11.0,2105
ENSG00000115946,Q9NRX1,PNO1,partner of NOB1 homolog,0.3596343700360911,0,0,0.0,0.0,0.0,0.5243875237886874,0.0,0.0,0.56535185436672,0,0,0.0531715388858247,0.0,0.0,0,0.0,0
ENSG00000185009,Q9Y2T2,AP3M1,adaptor related protein complex 3 subunit mu 1,0.3594095659601249,0,0,0.0,0.0,0.0,0.0,0.0,0.0,0.5912014449212608,0,0,-0.2500827357970215,0.0,0.0,0,5.49,2
ENSG00000156873,P15735,PHKG2,phosphorylase kinase catalytic subunit gamma 2,0.3594094408538857,0,0,0.0,0.0,0.0,0.0,0.0,0.0,0.5912012391309971,0,0,-0.1603971318257032,0.0,0.0,0,9.85,211
ENSG00000005379,O95153,TSPOAP1,TSPO associated protein 1,0.3591789770534256,0,0,0.0,0.0,0.0,0.1179846112435971,0.5849229131168915,0.0,0.0,0,0,-0.604522890237176,0.0,0.0,0,0.0,0
ENSG00000197361,Q6P050,FBXL22,F-box and leucine rich repeat protein 22,0.3589568461539808,0,0,0.0,0.0,0.0,0.0,0.5904567552165728,0.0,0.0,0,0,0.8126861555432985,0.0,0.0,0,0.0,0
ENSG00000213639,P62140,PPP1CB,protein phosphatase 1 catalytic subunit beta,0.3587941134874355,0,0,0.0,0.0,0.0,0.043925242149876,0.0,0.0,0.5879928102294082,0,0,-0.9260893546607832,0.0,0.0,0,0.0,0
ENSG00000068078,P22607,FGFR3,fibroblast growth factor receptor 3,0.3587573017914237,4,22,0.5454490211904267,0.0528083547788336,0.0,0.8701195941335367,0.0,0.0,0.0,1,0,-0.7324875896304468,1.0,0.0528083547788336,1,10.0,3860
ENSG00000170836,O15297,PPM1D,"protein phosphatase, Mg2+/Mn2+ dependent 1D",0.3577391121680398,0,0,0.0,0.0,0.0,0.1702206233312539,0.4930891588098747,0.0,0.3663273437906858,0,0,0.3665747380033095,1.0,0.0,0,8.22,33
ENSG00000126856,Q9NQW5,PRDM7,PR/SET domain 7,0.3576367861416106,0,0,0.0,0.0,0.0,0.076742819715167,0.5844482157467167,0.0,0.0,0,0,0.0586872586872586,0.0,0.0,0,4.35,2
ENSG00000164256,Q9NQV7,PRDM9,PR/SET domain 9,0.3573755765164695,0,0,0.0,0.0,0.0,0.0767107106846087,0.5840201511993447,0.0,0.0,0,0,0.1318257032542746,1.0,0.0,0,7.19,10
ENSG00000130208,P02654,APOC1,apolipoprotein C1,0.3565121189788598,0,0,0.0,0.0,0.0,0.8298983176493941,0.5449404487667465,0.0,0.0,0,0,0.6721456150027578,0.0,0.0,0,0.0,0
ENSG00000130204,O96008,TOMM40,translocase of outer mitochondrial membrane 40,0.3562702855098226,0,0,0.0,0.0,0.0,0.8052352043458736,0.5457758067385217,0.0,0.0,0,0,-0.7342526199669057,0.0,0.0,0,2.84,1
ENSG00000123374,P24941,CDK2,cyclin dependent kinase 2,0.3561315566014753,3,14,0.0,0.0,0.0,0.2315643890839097,0.0,0.0,0.5742311489815048,1,0,-0.8062879205736349,1.0,0.0,1,10.05,3405
ENSG00000168538,Q7Z392,TRAPPC11,trafficking protein particle complex subunit 11,0.3558960059418849,0,0,0.0,0.0126171738578522,0.0,0.0,0.0,0.0,0.5847910467938737,0,0,-0.2603419746276889,0.0,0.0126171738578522,0,0.0,0
ENSG00000135346,P01215,CGA,"glycoprotein hormones, alpha polypeptide",0.3558553741185899,0,0,0.0,0.0,0.0,0.7676794497958582,0.0,0.0,0.5469710967329536,0,0,-0.2943188086045228,0.0,0.0,0,0.0,0
ENSG00000196367,Q9Y4A5,TRRAP,transformation/transcription domain associated protein,0.3553036741543036,0,0,0.0,0.0,0.0,0.7495175826216057,0.0,0.0,0.5469716855427047,0,0,-0.990623276337562,0.0,0.0,0,5.76,2
ENSG00000160712,P08887,IL6R,interleukin 6 receptor,0.3548961753059121,4,5,0.0,0.0,0.0,0.4139404810819951,0.5630802359567327,0.0,0.0,1,0,-0.00584666298952,0.0,0.0,1,0.0,0
ENSG00000165629,P36542,ATP5F1C,ATP synthase F1 subunit gamma,0.3548917740645047,0,0,0.0,0.1182243331873712,0.0,0.1090914929347453,0.5754345482449988,0.0,0.0,0,0,-0.3136238279095422,0.0,0.1182243331873712,0,5.61,4
ENSG00000136950,Q9BPX5,ARPC5L,actin related protein 2/3 complex subunit 5 like,0.3542942176554161,0,0,0.0,0.0237947520727521,0.0,0.0,0.0,0.0,0.5815973477806404,0,0,-0.5583011583011583,0.0,0.0237947520727521,0,7.58,2
ENSG00000105647,O00459,PIK3R2,phosphoinositide-3-kinase regulatory subunit 2,0.3537397425855842,3,22,0.0,0.0,0.0,0.0269960581330524,0.0,0.0,0.5805252130907639,1,0,-0.3504688361831218,0.0,0.0,1,9.0,1029
ENSG00000186318,P56817,BACE1,beta-secretase 1,0.3536779086299091,3,4,0.5324107135989551,0.0,0.0,0.9872518047324006,0.0,0.0,0.0,1,0,-0.6246001103143961,1.0,0.0,1,10.96,15673
ENSG00000168243,P50150,GNG4,G protein subunit gamma 4,0.353653976663281,0,0,0.0,0.0,0.0,0.0121586159522324,0.0,0.0,0.5811260067700887,0,0,0.9293987865416438,0.0,0.0,0,0.0,0
ENSG00000143437,P27540,ARNT,aryl hydrocarbon receptor nuclear translocator,0.3536173540683,0,0,0.0,0.0,0.0,0.0415197007357454,0.0,0.0,0.5795977111430365,0,0,-0.8092664092664092,0.0,0.0,0,0.0,0
ENSG00000141837,O00555,CACNA1A,calcium voltage-gated channel subunit alpha1 A,0.3535800276884404,4,6,0.0,0.0119909734487705,0.0,0.3323584581554114,0.0,0.4799185820152829,0.5500807373358241,1,0,-0.8610038610038611,0.0,0.0119909734487705,1,5.9,2
ENSG00000140836,Q15911,ZFHX3,zinc finger homeobox 3,0.3533376581619554,0,0,0.0,0.12607087829013,0.0,0.14543055636198,0.5711405147608517,0.0,0.0,0,0,-0.9627137341423057,0.0,0.12607087829013,0,0.0,0
ENSG00000115042,Q96GK7,FAHD2A,fumarylacetoacetate hydrolase domain containing 2A,0.3532027959516248,0,0,0.0,0.0,0.0,0.030396539880581,0.0,0.0,0.5794719525625476,0,0,0.158411472697187,0.0,0.0,0,0.0,0
ENSG00000149968,P08254,MMP3,matrix metallopeptidase 3,0.3531223299900472,3,2,0.0,0.0,0.0,0.6016132826690701,0.5507787550263581,0.0,0.0,1,0,0.468284611141754,0.0,0.0,1,10.52,2420
ENSG00000140455,Q9Y6I4,USP3,ubiquitin specific peptidase 3,0.352739503240613,0,0,0.0,0.0,0.0,0.1170486315968174,0.5743772666463741,0.0,0.0,0,0,-0.7339216767788197,0.0,0.0,0,4.96,3
ENSG00000146555,Q7Z5N4,SDK1,sidekick cell adhesion molecule 1,0.3523269957431277,0,0,0.0,0.0,0.0,0.0212775779164067,0.578487275820005,0.0,0.0,0,0,-0.3349145063430777,0.0,0.0,0,0.0,0
ENSG00000089225,Q99593,TBX5,T-box transcription factor 5,0.3520743179548194,0,0,0.0,0.0,0.0,0.0697431720593332,0.5756483603376998,0.0,0.0,0,0,-0.91130722559294,0.0,0.0,0,0.0,0
ENSG00000029725,Q15276,RABEP1,"rabaptin, RAB GTPase binding effector protein 1",0.3517939989592277,0,0,0.0,0.0953279967108872,0.0,0.3533901652700552,0.5588865072879975,0.0,0.0,0,0,-0.6982901268615554,0.0,0.0953279967108872,0,0.0,0
ENSG00000171475,Q8TF74,WIPF2,WAS/WASL interacting protein family member 2,0.3516340309260151,0,0,0.0,0.0,0.0,0.0,0.0,0.0,0.578411280210643,0,0,-0.3191395477109763,0.0,0.0,0,0.0,0
ENSG00000130227,Q9UIA9,XPO7,exportin 7,0.3509544943990913,0,0,0.0,0.0,0.0,0.0,0.0,0.0,0.5772934942231697,0,0,-0.9641478212906784,0.0,0.0,0,7.76,4
ENSG00000054282,Q86SQ7,SDCCAG8,SHH signaling and ciliogenesis regulator SDCCAG8,0.3509162186900488,0,0,0.0,0.0,0.0,0.0,0.5772305335881881,0.0,0.0,0,0,-0.2161059018201875,0.0,0.0,0,0.0,0
ENSG00000123595,P51151,RAB9A,"RAB9A, member RAS oncogene family",0.3507298818928321,0,0,0.0,0.008107531777078,0.0,0.0936382297987899,0.0,0.0,0.5720619448431341,0,0,0.0,0.0,0.008107531777078,0,9.0,21980
ENSG00000131446,P26572,MGAT1,"alpha-1,3-mannosyl-glycoprotein 2-beta-N-acetylglucosaminyltransferase",0.3501686449018109,0,0,0.0,0.0,0.0,0.2051488447928987,0.0,0.0,0.5657433892324882,0,0,-0.519911748483177,0.0,0.0,0,7.5,8
ENSG00000182578,P07333,CSF1R,colony stimulating factor 1 receptor,0.3497622490200385,4,20,0.0,0.0,0.0,0.5638924651011723,0.547137717850459,0.0,0.0,1,0,-0.7038058466629895,1.0,0.0,1,9.7,3811
ENSG00000174173,Q7L0Y3,TRMT10C,"tRNA methyltransferase 10C, mitochondrial RNase P subunit",0.3497310473358956,0,0,0.0,0.0359291594585936,0.0,0.174780104313341,0.0,0.0,0.5657435857229295,0,0,-0.3509100937672366,0.0,0.0359291594585936,0,0.0,0
ENSG00000065526,Q96T58,SPEN,spen family transcriptional repressor,0.3495876518724842,0,0,0.0,0.0,0.0,0.0820618714769193,0.3767993320455161,0.0,0.4790217119001831,0,0,-0.99580805295091,0.0,0.0,0,7.16,1
ENSG00000153904,O94760,DDAH1,dimethylarginine dimethylaminohydrolase 1,0.3495468182550756,0,0,0.0,0.0,0.0,0.1873386573295328,0.5656110409890032,0.0,0.0,0,0,0.2950910093767236,0.0,0.0,0,6.72,110
ENSG00000088367,Q9H4G0,EPB41L1,erythrocyte membrane protein band 4.1 like 1,0.3494761325496983,0,0,0.0,0.0,0.0,0.0,0.574861701237519,0.0,0.0,0,0,-0.8094870380584667,0.0,0.0,0,0.0,0
ENSG00000176974,P34896,SHMT1,serine hydroxymethyltransferase 1,0.3494039797522333,0,0,0.0,0.0,0.0,0.1168835892603192,0.0,0.0,0.5688988359014587,0,0,0.1955874241588526,0.0,0.0,0,9.77,103
ENSG00000008118,Q96NX5,CAMK1G,calcium/calmodulin dependent protein kinase IG,0.3489596391372049,0,0,0.0,0.0335994496834992,0.0,0.0121586159522324,0.0,0.0,0.5720619448431341,0,0,-0.5482625482625483,0.0,0.0335994496834992,0,9.0,40
ENSG00000146674,P17936,IGFBP3,insulin like growth factor binding protein 3,0.3488939646047204,0,0,0.0,0.0,0.0,0.8542397687099536,0.5311920907383504,0.0,0.0,0,0,-0.173634859349145,0.0,0.0,0,8.25,41
ENSG00000102575,P13686,ACP5,"acid phosphatase 5, tartrate resistant",0.3484203120971478,0,0,0.0,0.0,0.0,0.745670241130592,0.3626741546739085,0.0,0.4658859682934161,0,0,0.3003861003861003,0.0,0.0,0,0.0,0
ENSG00000241553,P59998,ARPC4,actin related protein 2/3 complex subunit 4,0.3482020615899742,0,0,0.0,0.0,0.0,0.0773423070294784,0.0,0.0,0.5688988359014587,0,0,-0.8368450082735797,0.0,0.0,0,4.8,4
ENSG00000198453,Q3ZCX4,ZNF568,zinc finger protein 568,0.3479517922309904,0,0,0.0,0.0,0.0,0.0,0.572354277161133,0.0,0.0,0,0,0.122669608383894,0.0,0.0,0,0.0,0
ENSG00000148143,Q96JM2,ZNF462,zinc finger protein 462,0.3478689295539769,0,0,0.0,0.0691255744771879,0.0,0.0,0.0,0.0,0.5687616956256065,0,0,-0.9980143408714838,0.0,0.0691255744771879,0,0.0,0
ENSG00000113282,Q14677,CLINT1,clathrin interactor 1,0.3475961877348539,0,0,0.0,0.0,0.0,0.0704186507233461,0.4981232117772438,0.0,0.2883250563397348,0,0,-0.7730832873690017,0.0,0.0,0,6.78,2
ENSG00000203879,P31150,GDI1,GDP dissociation inhibitor 1,0.347206281070214,0,0,0.0,0.0,0.0,0.358587892929895,0.0,0.0,0.5531985732641359,0,0,0.0,0.0,0.0,0,5.5,2
ENSG00000173198,Q9Y271,CYSLTR1,cysteinyl leukotriene receptor 1,0.3469607916050339,4,4,0.1519826994029052,0.0,0.0,0.4661991539766813,0.0,0.0,0.5223685003309778,1,0,0.0,1.0,0.0,1,10.1,276
ENSG00000152266,P01270,PTH,parathyroid hormone,0.3463095452476828,0,0,0.0,0.0,0.0,0.3914317838155122,0.0,0.0,0.5500813163837237,0,0,0.5318257032542746,0.0,0.0,0,0.0,0
ENSG00000177374,Q14526,HIC1,HIC ZBTB transcriptional repressor 1,0.3461373311272977,0,0,0.0,0.0,0.0,0.0121586159522324,0.0,0.0,0.5687616956256065,0,0,-0.1157198014340871,0.0,0.0,0,0.0,0
ENSG00000112685,Q96KP1,EXOC2,exocyst complex component 2,0.3457705824785479,0,0,0.0,0.0,0.0,0.0604553404291556,0.0,0.0,0.5657435857229295,0,0,-0.5372311086596802,0.0,0.0,0,0.0,0
ENSG00000161929,Q6UWF3,SCIMP,SLP adaptor and CSK interacting membrane protein,0.345610296771423,0,0,0.0,0.0,0.0,0.0455575034099637,0.5662248197566595,0.0,0.0,0,0,0.4738003309431882,0.0,0.0,0,0.0,0
ENSG00000105664,P49747,COMP,cartilage oligomeric matrix protein,0.3455310913417511,0,0,0.0,0.0,0.0,0.4280262255341551,0.0,0.0,0.5469710967329536,0,0,0.1894098179812464,0.0,0.0,0,0.0,0
ENSG00000164258,O43181,NDUFS4,NADH:ubiquinone oxidoreductase subunit S4,0.3455106735302038,4,3,0.0,0.0240490835716714,0.0,0.4166660289545959,0.0,0.0,0.5469710967329536,1,0,0.6965250965250964,0.0,0.0240490835716714,1,6.06,18
ENSG00000116199,O75063,FAM20B,FAM20B glycosaminoglycan xylosylkinase,0.3450893390042495,0,0,0.0,0.0210411011712605,0.0,0.0121586159522324,0.5663235124339282,0.0,0.0,0,0,-0.3643684500827358,0.0,0.0210411011712605,0,0.0,0
ENSG00000105737,Q16478,GRIK5,glutamate ionotropic receptor kainate type subunit 5,0.3448208192117117,4,3,0.0,0.0,0.0,0.0,0.3351082092461761,0.0,0.4834270119773683,1,0,-0.5780474351902923,0.0,0.0,1,9.62,37
ENSG00000138600,Q8TCT8,SPPL2A,signal peptide peptidase like 2A,0.3446472919894155,0,0,0.0,0.0,0.0,0.2232079382339587,0.5557582282729975,0.0,0.0,0,0,0.1911748483177053,0.0,0.0,0,9.52,36
ENSG00000147862,O00712,NFIB,nuclear factor I B,0.3444102444590619,0,0,0.0,0.0145929152909688,0.0,0.3591174285523665,0.0,0.0,0.5482485415629336,0,0,-0.8863761720904578,0.0,0.0145929152909688,0,0.0,0
ENSG00000088538,Q8IZD9,DOCK3,dedicator of cytokinesis 3,0.3439066345804821,0,0,0.0,0.0,0.0,0.1631000060808106,0.5575452996833739,0.0,0.0,0,0,-0.8881412024269167,0.0,0.0,0,0.0,0
ENSG00000170442,O43790,KRT86,keratin 86,0.3438370700217122,0,0,0.0,0.0,0.0,0.0,0.0,0.0,0.5655858715704906,0,0,0.1389961389961389,0.0,0.0,0,0.0,0
ENSG00000117408,O94829,IPO13,importin 13,0.3436079785515809,0,0,0.0,0.0,0.0,0.0,0.0,0.0,0.5652090334977505,0,0,-0.8686155543298401,0.0,0.0,0,0.0,0
ENSG00000189171,Q99584,S100A13,S100 calcium binding protein A13,0.3434498937928436,0,0,0.0,0.0,0.0,0.1725223168788779,0.0,0.0,0.5563228802295498,0,0,0.5662437948152235,0.0,0.0,0,0.0,0
ENSG00000149485,O60427,FADS1,fatty acid desaturase 1,0.3431313549099002,0,0,0.0,0.0,0.0,0.1208214412352693,0.2896221380820291,0.0,0.4893345683618506,0,0,-0.7642581356867071,0.0,0.0,0,9.28,49
ENSG00000013364,Q14764,MVP,major vault protein,0.3430168282568056,0,0,0.0,0.0,0.0,0.4073466207145259,0.0,0.0,0.5438693051149942,0,0,-0.0493105350248207,0.0,0.0,0,0.0,0
ENSG00000157404,P10721,KIT,"KIT proto-oncogene, receptor tyrosine kinase",0.3430013368963279,4,37,0.5492485886754993,0.0,0.0,0.2992513072708518,0.0,0.0,0.0,1,0,-0.9308328736900164,0.0,0.0,1,10.7,5631
ENSG00000149357,Q6IAA8,LAMTOR1,"late endosomal/lysosomal adaptor, MAPK and MTOR activator 1",0.3427122666203425,0,0,0.0,0.0,0.0,0.0227974049104357,0.0,0.0,0.5625957851395268,0,0,-0.2924434638720353,0.0,0.0,0,0.0,0
ENSG00000105974,Q03135,CAV1,caveolin 1,0.3422867805174561,0,0,0.0,0.0365193293227898,0.0,0.504423067154907,0.5370030690449171,0.0,0.0,0,0,-0.0017650303364589,0.0,0.0365193293227898,0,0.0,0
ENSG00000161281,P24310,COX7A1,cytochrome c oxidase subunit 7A1,0.3414876214803872,0,0,0.0,0.0382103585818321,0.0,0.2158154331521254,0.0,0.0,0.5500813163837237,0,0,0.9489244346387204,0.0,0.0382103585818321,0,0.0,0
ENSG00000168067,Q12851,MAP4K2,mitogen-activated protein kinase kinase kinase kinase 2,0.3412192820862916,0,0,0.0,0.0,0.0,0.0364758478566972,0.0,0.0,0.5594560168006465,0,0,-0.1755102040816326,1.0,0.0,0,9.32,637
ENSG00000058272,O14974,PPP1R12A,protein phosphatase 1 regulatory subunit 12A,0.3411860634463577,0,0,0.0,0.0202676617790573,0.0,0.0379956748507263,0.0,0.0,0.5588749908266692,0,0,-0.9777164920022064,0.0,0.0202676617790573,0,5.72,1
ENSG00000132744,Q96HD9,ACY3,aminoacylase 3,0.3404797548023816,0,0,0.0,0.0,0.0,0.0121586159522324,0.0,0.0,0.5594554121684383,0,0,0.383011583011583,0.0,0.0,0,0.0,0
ENSG00000170425,P29275,ADORA2B,adenosine A2b receptor,0.3402508435962068,4,8,0.4475046149085543,0.0,0.0,0.1290805952995475,0.0,0.0,0.4372549153278103,1,0,0.6159955874241589,1.0,0.0,1,10.08,4122
ENSG00000155093,Q92932,PTPRN2,protein tyrosine phosphatase receptor type N2,0.3401738672774027,0,0,0.0,0.0479817595417631,0.0,0.1566035267905299,0.5506637435517714,0.0,0.0,0,0,-0.2687258687258687,0.0,0.0479817595417631,0,0.0,0
ENSG00000163545,Q9H093,NUAK2,NUAK family kinase 2,0.3401101749476969,0,0,0.0,0.0,0.0,0.0,0.0,0.0,0.5594554121684383,0,0,-0.0116933259790402,1.0,0.0,0,10.07,82
ENSG00000099822,Q9UL51,HCN2,hyperpolarization activated cyclic nucleotide gated potassium and sodium channel 2,0.3400468562715583,0,0,0.0,0.0,0.0,0.6175563685738051,0.0,0.0,0.5284734393254834,0,0,-0.5353557639271924,0.0,0.0,0,5.3,1
ENSG00000205629,Q9UIC8,LCMT1,leucine carboxyl methyltransferase 1,0.3398218815706755,0,0,0.0,0.0,0.0,0.3022301592118626,0.0,0.0,0.5438696834936553,0,0,-0.022504136789851,0.0,0.0,0,0.0,0
ENSG00000120029,Q5T2E6,ARMH3,armadillo like helical domain containing 3,0.3396178340213364,0,0,0.0,0.0,0.0,0.0334361938686391,0.556973739036117,0.0,0.0,0,0,-0.3410921125206839,0.0,0.0,0,0.0,0
ENSG00000174279,Q03828,EVX2,even-skipped homeobox 2,0.3395075925815459,0,0,0.0,0.0,0.0,0.0,0.0,0.0,0.558464209932068,0,0,0.4254826254826254,0.0,0.0,0,0.0,0
ENSG00000272333,Q9UMN6,KMT2B,lysine methyltransferase 2B,0.3387230998098647,0,0,0.0,0.0,0.0,0.0424773723968605,0.0,0.0,0.555049910271779,0,0,-0.987865416436845,0.0,0.0,0,0.0,0
ENSG00000137265,Q15306,IRF4,interferon regulatory factor 4,0.3386867479068898,0,0,0.0,0.0,0.0,0.177308824172148,0.0,0.0,0.5482485415629336,0,0,-0.8116933259790402,0.0,0.0,0,0.0,0
ENSG00000138801,O43252,PAPSS1,3'-phosphoadenosine 5'-phosphosulfate synthase 1,0.3386840366563467,0,0,0.0,0.0340186583925997,0.0,0.1254447280009065,0.0,0.0,0.5500813163837237,0,0,0.0251516822945394,0.0,0.0340186583925997,0,4.51,2
ENSG00000132470,P16144,ITGB4,integrin subunit beta 4,0.3386400752636963,0,0,0.0,0.012270331535468,0.0,0.1336721615181752,0.0,0.0,0.550080927707456,0,0,-0.1876447876447876,0.0,0.012270331535468,0,5.46,3
ENSG00000010361,Q9BT04,FUZ,fuzzy planar cell polarity protein,0.3385755134989058,0,0,0.0,0.0,0.0,0.0121586159522324,0.0,0.0,0.5563230798191694,0,0,0.309873138444567,0.0,0.0,0,0.0,0
ENSG00000188290,Q9HCC6,HES4,hes family bHLH transcription factor 4,0.3383062914097251,0,0,0.0,0.0,0.0,0.232533530086445,0.0,0.0,0.5448614842186247,0,0,0.9762824048538334,0.0,0.0,0,0.0,0
ENSG00000136371,P49914,MTHFS,methenyltetrahydrofolate synthetase,0.3382059336442212,0,0,0.0,0.0,0.0,0.0,0.0,0.0,0.5563230798191694,0,0,0.0411472697186983,0.0,0.0,0,0.0,0
ENSG00000150630,P49767,VEGFC,vascular endothelial growth factor C,0.3381512479087822,3,1,0.0,0.0,0.0,0.316921197068402,0.5403870660834097,0.0,0.0,1,0,-0.8155543298400441,0.0,0.0,1,0.0,0
ENSG00000185129,Q00577,PURA,purine rich element binding protein A,0.3379783688959755,0,0,0.0,0.0,0.0,0.4238801892057277,0.0,0.0,0.5347547436277161,0,0,-0.9846662989520132,0.0,0.0,0,0.0,0
ENSG00000055609,Q8NEZ4,KMT2C,lysine methyltransferase 2C,0.3369442156473621,0,0,0.0,0.0,0.0,0.1793395852954282,0.5452806702557259,0.0,0.0,0,0,-0.95565361279647,0.0,0.0,0,0.0,0
ENSG00000137198,P36959,GMPR,guanosine monophosphate reductase,0.3368334786123497,0,0,0.0,0.0123336987284411,0.0,0.693754050670775,0.5191037107790042,0.0,0.0,0,0,0.4115830115830117,0.0,0.0123336987284411,0,0.0,0
ENSG00000204435,P67870,CSNK2B,casein kinase 2 beta,0.3368264751097014,0,0,0.0,0.0,0.0,0.0794531778545188,0.0,0.0,0.5500813163837237,0,0,-0.9322669608383894,0.0,0.0,0,7.34,191
ENSG00000144218,P51826,AFF3,ALF transcription elongation factor 3,0.3366885704172154,0,0,0.0,0.0102195690155397,0.0,0.0744715227074235,0.5498764548597913,0.0,0.0,0,0,-0.8734693877551021,0.0,0.0102195690155397,0,0.0,0
ENSG00000066926,P22830,FECH,ferrochelatase,0.3365518567454565,0,0,0.0,0.0,0.0,0.0704186507233461,0.0,0.0,0.5500813163837237,0,0,-0.1880860452289023,0.0,0.0,0,6.61,42
ENSG00000107249,Q8NEA6,GLIS3,GLIS family zinc finger 3,0.3363504868979626,0,0,0.0,0.0,0.0,0.0550284226895882,0.5505195896769213,0.0,0.0,0,0,-0.1996690568119139,0.0,0.0,0,0.0,0
ENSG00000134463,Q96DC8,ECHDC3,enoyl-CoA hydratase domain containing 3,0.3363348301191576,0,0,0.0,0.0,0.0,0.1228154786098586,0.5471044826686413,0.0,0.0,0,0,0.7490347490347491,0.0,0.0,0,0.0,0
ENSG00000128294,O60704,TPST2,tyrosylprotein sulfotransferase 2,0.3363062178226262,0,0,0.0,0.0,0.0,0.0,0.0,0.0,0.5531981915439604,0,0,-0.0211803640375068,0.0,0.0,0,4.52,2
ENSG00000112062,Q16539,MAPK14,mitogen-activated protein kinase 14,0.3361356848528178,3,22,0.1730914076533087,0.0244452478305621,0.0,0.4988934959763382,0.0,0.0,0.4982527381137063,1,0,-0.6155543298400441,1.0,0.0244452478305621,1,10.52,7000
ENSG00000239789,Q9Y2R5,MRPS17,mitochondrial ribosomal protein S17,0.3353350867688459,0,0,0.0,0.0,0.0,0.030396539880581,0.0,0.0,0.550080927707456,0,0,0.048869277440706,0.0,0.0,0,7.54,4
ENSG00000103202,O00746,NME4,NME/NM23 nucleoside diphosphate kinase 4,0.3344110213993561,0,0,0.0,0.0,0.0,0.0,0.0,0.0,0.5500807373358241,0,0,0.7430777716492003,0.0,0.0,0,5.11,3
ENSG00000120254,Q6UB35,MTHFD1L,methylenetetrahydrofolate dehydrogenase (NADP+ dependent) 1 like,0.3342691645605028,0,0,0.0,0.0,0.0,0.1634047008940142,0.5416771585628394,0.0,0.0,0,0,-0.1932708218422504,0.0,0.0,0,5.65,2
ENSG00000119919,Q8TAU0,NKX2-3,NK2 homeobox 3,0.3336482470041637,0,0,0.0,0.0,0.0,0.0,0.0,0.0,0.5488260313755582,0,0,-0.6196359624931054,0.0,0.0,0,0.0,0
ENSG00000154845,Q8TF05,PPP4R1,protein phosphatase 4 regulatory subunit 1,0.3336296726270033,0,0,0.0,0.0,0.0,0.0364758478566972,0.0,0.0,0.5469716855427047,0,0,-0.6650854936569222,0.0,0.0,0,0.0,0
ENSG00000008311,Q9UDR5,AASS,aminoadipate-semialdehyde synthase,0.3334811960410759,0,0,0.0,0.0,0.0,0.2172537371233059,0.0,0.0,0.5376885583698113,0,0,-0.036403750689465,0.0,0.0,0,0.0,0
ENSG00000242221,P11465,PSG2,pregnancy specific beta-1-glycoprotein 2,0.3331229321732888,0,0,0.0,0.0,0.0,0.1871181908554336,0.538606018824782,0.0,0.0,0,0,0.7956977385548814,0.0,0.0,0,0.0,0
ENSG00000102974,P49711,CTCF,CCCTC-binding factor,0.3330322782925859,0,0,0.0,0.0,0.0,0.2919288575442053,0.1324936444909744,0.0,0.5082020905492572,0,0,-0.9525648097076668,0.0,0.0,0,5.7,2
ENSG00000137193,P11309,PIM1,"Pim-1 proto-oncogene, serine/threonine kinase",0.332571610943302,1,3,0.0,0.0,0.0,0.4995661851994282,0.0,0.0,0.5220767375477848,1,0,-0.7522338665195808,1.0,0.0,1,11.0,8047
ENSG00000152767,Q9Y4F1,FARP1,"FERM, ARH/RhoGEF and pleckstrin domain protein 1",0.3325204790630211,0,0,0.0,0.0,0.0,0.0425551558328134,0.5448431809556559,0.0,0.0,0,0,-0.6333149476006619,0.0,0.0,0,0.0,0
ENSG00000153707,P23468,PTPRD,protein tyrosine phosphatase receptor type D,0.332459884550818,0,0,0.0,0.0,0.0,0.1836541401208064,0.0,0.0,0.5376885583698113,0,0,-0.9538885824600112,0.0,0.0,0,0.0,0
ENSG00000117298,P42892,ECE1,endothelin converting enzyme 1,0.3322772595460829,2,1,0.0,0.0,0.0,0.2392401725821213,0.0,0.0,0.5346088524812393,1,0,-0.7071152785438499,0.0,0.0,1,11.0,417
ENSG00000011405,O00443,PIK3C2A,phosphatidylinositol-4-phosphate 3-kinase catalytic subunit type 2 alpha,0.3322407125722658,0,0,0.0,0.0468928315975651,0.0,0.2786265848788418,0.0,0.0,0.5315373519452089,0,0,-0.5271924986210701,0.0,0.0468928315975651,0,8.15,83
ENSG00000105204,Q9Y463,DYRK1B,dual specificity tyrosine phosphorylation regulated kinase 1B,0.3318026510187709,0,0,0.0,0.0,0.0,0.1003085816059174,0.0,0.0,0.540774737041119,0,0,-0.6335355763927193,1.0,0.0,0,10.3,1164
ENSG00000120805,P40616,ARL1,ARF like GTPase 1,0.3316511254410985,0,0,0.0,0.0,0.0,0.0334361938686391,0.0,0.0,0.543869108358519,0,0,-0.1088803088803088,0.0,0.0,0,9.14,4
ENSG00000151729,P12235,SLC25A4,solute carrier family 25 member 4,0.3315444883902754,0,0,0.0,0.0618662295436067,0.0,0.1876370123684109,0.0,0.0,0.5346088524812393,0,0,-0.4531715388858246,0.0,0.0618662295436067,0,5.79,3
ENSG00000125868,P60981,DSTN,"destrin, actin depolymerizing factor",0.3313020881495943,0,0,0.0,0.0401058588789016,0.0,0.2507636991456344,0.0,0.0,0.5315373519452089,0,0,0.0635410921125207,0.0,0.0401058588789016,0,5.76,2
ENSG00000120915,P34913,EPHX2,epoxide hydrolase 2,0.3306937352462881,1,1,0.0,0.0,0.0,0.8405841167393628,0.5019368780421268,0.0,0.0,1,0,0.2219525648097076,1.0,0.0,1,10.7,3266
ENSG00000243147,O75394,MRPL33,mitochondrial ribosomal protein L33,0.3306349004550365,0,0,0.0,0.0,0.0,0.0,0.0,0.0,0.5438693051149942,0,0,0.2927744070601212,0.0,0.0,0,0.0,0
ENSG00000167617,Q6NZY7,CDC42EP5,CDC42 effector protein 5,0.3306349004550365,0,0,0.0,0.0,0.0,0.0,0.0,0.0,0.5438693051149942,0,0,0.988196359624931,0.0,0.0,0,0.0,0
ENSG00000172456,Q96C11,FGGY,FGGY carbohydrate kinase domain containing,0.3306347808407156,0,0,0.0,0.0,0.0,0.0,0.0,0.0,0.543869108358519,0,0,0.3883066740209597,0.0,0.0,0,0.0,0
ENSG00000122420,P43088,PTGFR,prostaglandin F receptor,0.330580515630316,4,6,0.0,0.0,0.0,0.0987887546118884,0.0,0.0,0.5388404084773429,1,0,-0.210369553226696,1.0,0.0,1,9.28,612
ENSG00000132153,Q7L2E3,DHX30,DExH-box helicase 30,0.3304055320360661,0,0,0.0,0.0,0.0,0.0121586159522324,0.0344511364328523,0.0,0.5346090359086251,0,0,-0.9982349696635412,0.0,0.0,0,8.22,1
ENSG00000143032,Q9NY43,BARHL2,BarH like homeobox 2,0.3300241948788402,0,0,0.0,0.0,0.0,0.0,0.54286474081492,0.0,0.0,0,0,-0.5335907335907336,0.0,0.0,0,0.0,0
ENSG00000148737,Q9NQB0,TCF7L2,transcription factor 7 like 2,0.3297898486586033,0,0,0.0,0.0711194875635599,0.0,0.4251418109716581,0.5196417354717148,0.0,0.0,0,0,-0.7158301158301159,0.0,0.0711194875635599,0,7.09,515
ENSG00000150244,Q8IWZ4,TRIM48,tripartite motif containing 48,0.3292995826206985,0,0,0.0,0.0,0.0,0.0607930797611621,0.5386331546842751,0.0,0.0,0,0,0.7319360176503034,0.0,0.0,0,0.0,0
ENSG00000198015,Q9Y6G3,MRPL42,mitochondrial ribosomal protein L42,0.3291034047066916,0,0,0.0,0.0115036332200706,0.0,0.0,0.0,0.0,0.5407749292391857,0,0,0.5991174848317706,0.0,0.0115036332200706,0,0.0,0
ENSG00000172531,P62136,PPP1CA,protein phosphatase 1 catalytic subunit alpha,0.3290198533324991,0,0,0.0,0.0309324613505269,0.0,0.1183174065987275,0.0,0.0,0.5346094168740098,0,0,-0.6272476558190844,0.0,0.0309324613505269,0,6.64,91
ENSG00000054116,O43617,TRAPPC3,trafficking protein particle complex subunit 3,0.3287536172176221,0,0,0.0,0.0,0.0,0.0,0.0,0.0,0.540774737041119,0,0,-0.5377826806398235,0.0,0.0,0,0.0,0
ENSG00000101670,Q9Y5X9,LIPG,"lipase G, endothelial type",0.3276447586286486,0,0,0.0,0.0,0.0,0.0405928903138559,0.536921104345637,0.0,0.0,0,0,-0.1496966354109211,0.0,0.0,0,9.3,1327
ENSG00000011243,Q9ULX6,AKAP8L,A-kinase anchoring protein 8 like,0.3272470140110867,0,0,0.0,0.0,0.0,0.0121586159522324,0.0,0.0,0.5376885583698113,0,0,-0.5782680639823496,0.0,0.0,0,5.8,2
ENSG00000169139,Q15819,UBE2V2,ubiquitin conjugating enzyme E2 V2,0.3271833161277156,0,0,0.0,0.0,0.0,0.0243172319044648,0.536975849390832,0.0,0.0,0,0,0.3819084390512961,0.0,0.0,0,0.0,0
ENSG00000110237,Q96PE2,ARHGEF17,Rho guanine nucleotide exchange factor 17,0.3270841842929117,0,0,0.0,0.0,0.0,0.0683922147313073,0.0,0.0,0.5346090359086251,0,0,-0.6081632653061224,0.0,0.0,0,0.0,0
ENSG00000086015,Q6P0Q8,MAST2,microtubule associated serine/threonine kinase 2,0.327056653235971,0,0,0.0,0.0538754187991707,0.0,0.0121586159522324,0.4502545953906841,0.0,0.3455182021123373,0,0,-0.6004412575841147,0.0,0.0538754187991707,0,0.0,0
ENSG00000196498,Q9Y618,NCOR2,nuclear receptor corepressor 2,0.3269202126896471,0,0,0.0,0.0,0.0,0.1731336250698096,0.5291022445552023,0.0,0.0,0,0,-0.7423055708769994,0.0,0.0,0,0.0,0
ENSG00000181322,Q86XW9,NME9,NME/NM23 family member 9,0.3268771970902476,0,0,0.0,0.0,0.0,0.0,0.0,0.0,0.5376881684139885,0,0,0.5982349696635412,0.0,0.0,0,0.0,0
ENSG00000196465,P14649,MYL6B,myosin light chain 6B,0.3266855345929927,0,0,0.0,0.0498770842537513,0.0,0.0121586159522324,0.0,0.0,0.5346088524812393,0,0,0.2062879205736347,0.0,0.0498770842537513,0,0.0,0
ENSG00000196427,Q96M43,NBPF4,NBPF member 4,0.3266657958156963,0,0,0.0,0.0,0.0,0.0121586159522324,0.5367324985720945,0.0,0.0,0,0,0.8177606177606178,0.0,0.0,0,0.0,0
ENSG00000165023,Q96HU8,DIRAS2,DIRAS family GTPase 2,0.326622538192839,0,0,0.0,0.0,0.0,0.0151982699402905,0.5365093603677767,0.0,0.0,0,0,-0.3157198014340872,0.0,0.0,0,0.0,0
ENSG00000148120,Q8N6M6,AOPEP,aminopeptidase O (putative),0.3264539769720266,2,1,0.0,0.0,0.0,0.9977891283487552,0.4871025470384934,0.0,0.0,1,0,0.0177606177606177,0.0,0.0,1,0.0,0
ENSG00000139832,Q9NX57,RAB20,"RAB20, member RAS oncogene family",0.3263912220653778,0,0,0.0,0.0,0.0,0.0455948098208715,0.0,0.0,0.5346090359086251,0,0,0.8154440154440155,0.0,0.0,0,0.0,0
ENSG00000120137,Q9H999,PANK3,pantothenate kinase 3,0.3261142687749545,0,0,0.0,0.0,0.0,0.0364758478566972,0.0,0.0,0.5346094168740098,0,0,-0.3603971318257032,1.0,0.0,0,9.66,90
ENSG00000137601,Q96PY6,NEK1,NIMA related kinase 1,0.3257743342267756,0,0,0.0,0.0454571293238357,0.0,0.0725304063279168,0.0,0.0,0.5312373640015605,0,0,-0.0170987313844456,0.0,0.0454571293238357,0,9.42,307
ENSG00000278845,A0A087WU62,MRPL45,mitochondrial ribosomal protein L45,0.3250052976103102,0,0,0.0,0.0,0.0,0.0,0.0,0.0,0.5346090359086251,0,0,-0.2764478764478765,0.0,0.0,0,0.0,0
ENSG00000221823,P63098,PPP3R1,"protein phosphatase 3 regulatory subunit B, alpha",0.3249844648942628,0,0,0.0,0.0,0.0,0.3656161536457597,0.0,0.0,0.5162939599903318,0,0,-0.468946497517926,0.0,0.0,0,4.62,2
ENSG00000136999,P48745,CCN3,cellular communication network factor 3,0.3243440431404429,0,0,0.0,0.0107395847511448,0.0,0.350911165954708,0.5157371067801466,0.0,0.0,0,0,-0.0025372311086596,0.0,0.0107395847511448,0,0.0,0
ENSG00000196632,Q9BYP7,WNK3,WNK lysine deficient protein kinase 3,0.3242493244881076,0,0,0.0,0.0218060963018228,0.0,0.088149965653685,0.0,0.0,0.5284734393254834,0,0,0.0,0.0,0.0218060963018228,0,7.01,5
ENSG00000063854,Q16775,HAGH,hydroxyacylglutathione hydrolase,0.323187381866833,0,0,0.0,0.0429066804150132,0.0,0.4685099699453466,0.0,0.0,0.5072397222663186,0,0,0.6081632653061224,0.0,0.0429066804150132,0,5.92,4
ENSG00000164403,Q2M3G4,SHROOM1,shroom family member 1,0.3231380352749854,0,0,0.0,0.0,0.0,0.0,0.0,0.0,0.5315375311540367,0,0,0.4596800882515168,0.0,0.0,0,0.0,0
ENSG00000217930,Q9Y3D7,PAM16,presequence translocase associated motor 16,0.3231380352749854,0,0,0.0,0.0,0.0,0.0,0.0,0.0,0.5315375311540367,0,0,0.1210148924434639,0.0,0.0,0,0.0,0
ENSG00000168610,P40763,STAT3,signal transducer and activator of transcription 3,0.3231262717445802,2,1,0.0,0.0583042811441755,0.0,0.8955884531294853,0.0,0.0,0.4854431076911945,1,0,-0.9918367346938776,1.0,0.0583042811441755,1,8.98,1637
ENSG00000135077,Q8TDQ0,HAVCR2,hepatitis A virus cellular receptor 2,0.3231026070578273,3,3,0.0,0.0,0.0,0.6757709913733334,0.4976907048583192,0.0,0.0,1,0,-0.3004964147821291,0.0,0.0,1,9.24,79
ENSG00000198873,P34947,GRK5,G protein-coupled receptor kinase 5,0.3230945619132311,0,0,0.0,0.0,0.0,0.6696289203573026,0.4979845747571528,0.0,0.0,0,0,-0.5629343629343629,0.0,0.0,0,8.42,373
ENSG00000105989,P09544,WNT2,Wnt family member 2,0.3227182923276603,0,0,0.0,0.0,0.0,0.0474691597239159,0.0,0.0,0.528473627891875,0,0,-0.6760066188637617,0.0,0.0,0,0.0,0
ENSG00000110080,Q11206,ST3GAL4,"ST3 beta-galactoside alpha-2,3-sialyltransferase 4",0.3226721076714352,0,0,0.0,0.0,0.0,0.1070751891226668,0.0,0.0,0.5254173561693914,0,0,-0.3478212906784335,0.0,0.0,0,0.0,0
ENSG00000132386,P36955,SERPINF1,serpin family F member 1,0.3225191477863753,0,0,0.0,0.0639488213568967,0.0,0.6842672137417367,0.4948850626231907,0.0,0.0,0,0,0.1658025372311087,0.0,0.0639488213568967,0,0.0,0
ENSG00000119139,Q9UDY2,TJP2,tight junction protein 2,0.3224202287343605,0,0,0.0,0.0,0.0,0.0987887546118884,0.0,0.0,0.5254173561693914,0,0,-0.2466629895201323,0.0,0.0,0,0.0,0
ENSG00000130312,Q9BQ48,MRPL34,mitochondrial ribosomal protein L34,0.3223719542748773,0,0,0.0,0.0360751637578072,0.0,0.0,0.0,0.0,0.528473627891875,0,0,0.9324875896304468,0.0,0.0360751637578072,0,0.0,0
ENSG00000143772,P27987,ITPKB,inositol-trisphosphate 3-kinase B,0.3219029724860329,0,0,0.0,0.0822566588769496,0.0,0.4087659725843697,0.0,0.0,0.5072397222663186,0,0,-0.8544953116381688,0.0,0.0822566588769496,0,0.0,0
ENSG00000183049,Q8IU85,CAMK1D,calcium/calmodulin dependent protein kinase ID,0.3217163397537723,0,0,0.0,0.0,0.0,0.2301068729859787,0.5176936063260928,0.0,0.0,0,0,-0.8333149476006618,1.0,0.0,0,9.69,294
ENSG00000108559,Q99567,NUP88,nucleoporin 88,0.3216350972648701,0,0,0.0,0.0238000863717338,0.0,0.0379956748507263,0.0620128553414515,0.0,0.5124202490051163,0,0,-0.3707666850523993,0.0,0.0238000863717338,0,0.0,0
ENSG00000147642,Q9NX95,SYBU,syntabulin,0.3215388383080239,0,0,0.0,0.0420749501004971,0.0,0.2288138893453316,0.5165312802169822,0.0,0.0,0,0,-0.1319360176503033,0.0,0.0420749501004971,0,0.0,0
ENSG00000149311,Q13315,ATM,ATM serine/threonine kinase,0.3213707614827884,0,0,0.0,0.0,0.0,0.785918631972055,0.0,0.0,0.4893345683618506,0,0,-0.2109211252068394,1.0,0.0,0,10.4,3924
ENSG00000141503,Q8N4C8,MINK1,misshapen like kinase 1,0.3213694497076796,0,0,0.0,0.0911563959363273,0.0,0.145504516297672,0.0,0.0,0.519327418687649,0,0,-0.7923883066740209,0.0,0.0911563959363273,0,9.63,455
ENSG00000077380,Q13409,DYNC1I2,dynein cytoplasmic 1 intermediate chain 2,0.3212753941210146,0,0,0.0,0.0,0.0,0.0,0.0,0.0,0.528473627891875,0,0,-0.2215113072255929,0.0,0.0,0,8.62,2
ENSG00000160282,O95954,FTCD,formimidoyltransferase cyclodeaminase,0.3212752794856978,0,0,0.0,0.0,0.0,0.0,0.0,0.0,0.5284734393254834,0,0,0.7474903474903476,0.0,0.0,0,0.0,0
ENSG00000100644,Q16665,HIF1A,hypoxia inducible factor 1 subunit alpha,0.3212453757068791,0,0,0.0,0.0,0.0,0.9239270419901028,0.0,0.0,0.4822278977805083,0,0,-0.8435741864313293,0.0,0.0,0,9.85,5492
ENSG00000003436,P10646,TFPI,tissue factor pathway inhibitor,0.3207131860936236,4,4,0.0,0.0,0.0,0.1644283937873431,0.0,0.0,0.519327418687649,1,0,-0.6226144511858798,0.0,0.0,1,10.27,4500
ENSG00000248333,P21127,CDK11B,cyclin dependent kinase 11B,0.3205395307542632,2,4,0.0,0.0,0.0,0.2193735170148135,0.0,0.0,0.5162945126792162,1,0,-0.1138444567015996,0.0,0.0,1,8.08,27
ENSG00000184347,O75094,SLIT3,slit guidance ligand 3,0.3204419236526353,0,0,0.0,0.0,0.0,0.030396539880581,0.0405320375026926,0.0,0.5162941442197028,0,0,-0.7132928847214561,0.0,0.0,0,0.0,0
ENSG00000160179,P45844,ABCG1,ATP binding cassette subfamily G member 1,0.3204329793645201,0,0,0.0,0.0,0.0,0.2158791918855039,0.0,0.0,0.5162939599903318,0,0,-0.604853833425262,0.0,0.0,0,0.0,0
ENSG00000170516,Q8TF08,COX7B2,cytochrome c oxidase subunit 7B2,0.3203100161432409,0,0,0.0,0.0,0.0,0.0121586159522324,0.5262777236249699,0.0,0.0,0,0,0.8309983452840595,0.0,0.0,0,0.0,0
ENSG00000164512,Q3KP44,ANKRD55,ankyrin repeat domain 55,0.3201003912628567,0,0,0.0,0.0,0.0,0.0121586159522324,0.5259329066142053,0.0,0.0,0,0,-0.2166574738003309,0.0,0.0,0,0.0,0
ENSG00000164576,Q9HAJ7,SAP30L,SAP30 like,0.3199944946593488,0,0,0.0,0.0,0.0,0.0,0.526366645540104,0.0,0.0,0,0,-0.2551571980143409,0.0,0.0,0,0.0,0
ENSG00000177565,Q9BZK7,TBL1XR1,TBL1X/Y related 1,0.3199422012260737,0,0,0.0,0.0,0.0,0.0911896196417431,0.5217211458310819,0.0,0.0,0,0,-0.970546056260342,0.0,0.0,0,0.0,0
ENSG00000138757,Q9UN86,G3BP2,G3BP stress granule assembly factor 2,0.3196313001491023,0,0,0.0,0.0262976871760614,0.0,0.5167428666665379,0.4993476817675504,0.0,0.0,0,0,0.1157198014340872,0.0,0.0262976871760614,0,5.84,2
ENSG00000119408,Q9HC98,NEK6,NIMA related kinase 6,0.3194176164391146,0,0,0.0,0.0,0.0,0.0,0.0,0.0,0.5254177246719713,0,0,-0.000330943188086,0.0,0.0,0,8.2,40
ENSG00000103067,Q9H6T0,ESRP2,epithelial splicing regulatory protein 2,0.3194173924150473,0,0,0.0,0.0,0.0,0.0,0.0,0.0,0.5254173561693914,0,0,-0.3616105901820188,0.0,0.0,0,0.0,0
ENSG00000213588,Q96C00,ZBTB9,zinc finger and BTB domain containing 9,0.3194173924150473,0,0,0.0,0.0,0.0,0.0,0.0,0.0,0.5254173561693914,0,0,-0.0693877551020408,0.0,0.0,0,0.0,0
ENSG00000198874,Q9NV66,TYW1,tRNA-yW synthesizing protein 1 homolog,0.319402165591605,0,0,0.0,0.0,0.0,0.0,0.5253923092010488,0.0,0.0,0,0,-0.5458356315499173,0.0,0.0,0,0.0,0
ENSG00000100600,Q99538,LGMN,legumain,0.3192975375979929,0,0,0.0,0.0095928176652144,0.0,0.6524515909945894,0.4923844508206618,0.0,0.0,0,0,-0.2018753447324875,0.0,0.0095928176652144,0,10.0,225
ENSG00000267855,O95182,NDUFA7,NADH:ubiquinone oxidoreductase subunit A7,0.3192523938832644,4,3,0.0,0.0,0.0,0.0555378557551416,0.0,0.0,0.5223690533257018,1,0,0.9178157749586322,0.0,0.0,1,6.06,18
ENSG00000112232,Q5VWX1,KHDRBS2,"KH RNA binding domain containing, signal transduction associated 2",0.3191004407194033,0,0,0.0,0.0,0.0,0.2067054679970276,0.514560721297331,0.0,0.0,0,0,-0.1464975179260893,0.0,0.0,0,0.0,0
ENSG00000148834,P78417,GSTO1,glutathione S-transferase omega 1,0.3189848514276995,0,0,0.0,0.0852988749253405,0.0,0.7876559901121837,0.0,0.0,0.4834275290298775,0,0,0.7894098179812465,0.0,0.0852988749253405,0,9.66,92
ENSG00000101096,Q13469,NFATC2,nuclear factor of activated T cells 2,0.3189132537183777,0,0,0.0,0.0,0.0,0.1428553121776448,0.5174453206853027,0.0,0.0,0,0,-0.8327633756205185,0.0,0.0,0,0.0,0
ENSG00000100722,Q6PJT7,ZC3H14,zinc finger CCCH-type containing 14,0.3188781968859251,0,0,0.0,0.0,0.0,0.6983821727684618,0.4896113118283513,0.0,0.0,0,0,-0.7439602868174297,0.0,0.0,0,0.0,0
ENSG00000119522,Q8TEH3,DENND1A,DENN domain containing 1A,0.3188503692876177,0,0,0.0,0.0,0.0,0.0,0.5244846461805945,0.0,0.0,0,0,-0.5771649200220629,0.0,0.0,0,0.0,0
ENSG00000187554,O60602,TLR5,toll like receptor 5,0.3187469256268344,2,1,0.0,0.0,0.0,0.1373833705620247,0.5174453206853027,0.0,0.0,1,0,0.8775510204081634,0.0,0.0,1,6.07,6
ENSG00000131171,O75368,SH3BGRL,SH3 domain binding glutamate rich protein like,0.3184741809022596,0,0,0.0,0.0400793790029602,0.0,0.0729516957133945,0.0,0.0,0.5193276071994293,0,0,0.0,0.0,0.0400793790029602,0,0.0,0
ENSG00000205592,G3CIG0,MUC19,"mucin 19, oligomeric (gene/pseudogene)",0.3184349763074355,0,0,0.0,0.0,0.0,0.0607930797611621,0.5207617022822142,0.0,0.0,0,0,0.0,0.0,0.0,0,0.0,0
ENSG00000138622,Q9Y3Q4,HCN4,hyperpolarization activated cyclic nucleotide gated potassium channel 4,0.3182964802594147,4,4,0.0,0.0,0.0,0.0,0.5235735407877126,0.0,0.0,1,0,-0.6077220077220078,0.0,0.0,1,7.5,34
ENSG00000070770,P19784,CSNK2A2,casein kinase 2 alpha 2,0.3182685693464904,0,0,0.0,0.0,0.0,0.0840042153533058,0.0,0.0,0.519327418687649,0,0,-0.7678985107556536,1.0,0.0,0,10.52,485
ENSG00000145494,O75380,NDUFS6,NADH:ubiquinone oxidoreductase subunit S6,0.3182004345838956,4,3,0.0,0.0378467022368228,0.0,0.030396539880581,0.0,0.0,0.5208477391686755,1,0,0.7108659680088252,0.0,0.0378467022368228,1,6.06,18
ENSG00000173473,Q92922,SMARCC1,SWI/SNF related BAF chromatin remodeling complex subunit C1,0.3180821723805543,0,0,0.0,0.0432241214450566,0.0,0.5425782368683718,0.4951315727245182,0.0,0.0,0,0,-0.8274682846111417,0.0,0.0432241214450566,0,7.35,4
ENSG00000237541,P01906,HLA-DQA2,"major histocompatibility complex, class II, DQ alpha 2",0.3180062414911043,0,0,0.0,0.0,0.0,0.2569256632781272,0.0,0.0,0.5102498368886655,0,0,0.4821842250413679,0.0,0.0,0,0.0,0
ENSG00000136643,Q96S38,RPS6KC1,ribosomal protein S6 kinase C1,0.3179745891085861,0,0,0.0,0.0304641724988684,0.0,0.0607930797611621,0.0,0.0,0.519327418687649,0,0,-0.4633204633204633,0.0,0.0304641724988684,0,0.0,0
ENSG00000132330,Q96I15,SCLY,selenocysteine lyase,0.3179312442469792,0,0,0.0,0.0,0.0,0.1335759058085533,0.0,0.0,0.5162939599903318,0,0,0.1402095973524544,0.0,0.0,0,6.05,2
ENSG00000150907,Q12778,FOXO1,forkhead box O1,0.3178841751941709,0,0,0.0,0.0823336751178658,0.0,0.7118393585195234,0.4854737251121714,0.0,0.0,0,0,-0.8474351902923332,0.0,0.0823336751178658,0,7.48,22
ENSG00000125826,Q9BYM8,RBCK1,RANBP2-type and C3HC4-type zinc finger containing 1,0.317823813653441,0,0,0.0,0.0,0.0,0.0444887135085504,0.5205716044364999,0.0,0.0,0,0,-0.1359073359073359,0.0,0.0,0,6.29,1
ENSG00000156885,Q02221,COX6A2,cytochrome c oxidase subunit 6A2,0.3177940185469682,0,0,0.0,0.0,0.0,0.0683922147313073,0.0,0.0,0.519327418687649,0,0,0.942084942084942,0.0,0.0,0,0.0,0
ENSG00000136261,Q9Y6E2,BZW2,basic leucine zipper and W2 domains 2,0.3175814523477507,0,0,0.0,0.0,0.0,0.030396539880581,0.5208775471732834,0.0,0.0,0,0,-0.5726420297848869,0.0,0.0,0,7.78,2
ENSG00000198945,Q96JM7,L3MBTL3,L3MBTL histone methyl-lysine binding protein 3,0.3175640085080182,0,0,0.0,0.0,0.0,0.0,0.0,0.0,0.5223686803755174,0,0,-0.8660783232211804,1.0,0.0,0,7.62,186
ENSG00000116132,P54821,PRRX1,paired related homeobox 1,0.3174001444735101,0,0,0.0,0.0,0.0,0.4955309611982493,0.4973225884215435,0.0,0.0,0,0,-0.6069498069498069,0.0,0.0,0,0.0,0
ENSG00000119487,Q9BPZ7,MAPKAP1,MAPK associated protein 1,0.3172030462564823,0,0,0.0,0.0,0.0,0.0865920839084294,0.5174453206853027,0.0,0.0,0,0,-0.8276889134031991,0.0,0.0,0,9.74,125
ENSG00000174136,Q6NW40,RGMB,repulsive guidance molecule BMP co-receptor b,0.3170233206364173,0,0,0.0,0.0,0.0,0.2847986917144441,0.0,0.0,0.5072393552971188,0,0,-0.0742415885273027,0.0,0.0,0,0.0,0
ENSG00000169100,P12236,SLC25A6,solute carrier family 25 member 6,0.3169301765881862,0,0,0.0,0.0,0.0,0.1611593441432985,0.0,0.0,0.5132681077890525,0,0,0.0,0.0,0.0,0,8.22,8
ENSG00000169100,P12236,SLC25A6,solute carrier family 25 member 6,0.3169301765881862,0,0,0.0,0.0,0.0,0.1611593441432985,0.0,0.0,0.5132681077890525,0,0,0.0,0.0,0.0,0,8.22,8
ENSG00000292334,P12236,SLC25A6,solute carrier family 25 member 6 ,0.3169301765881862,0,0,0.0,0.0,0.0,0.1611593441432985,0.0,0.0,0.5132681077890525,0,0,0.0,0.0,0.0,0,8.22,8
ENSG00000292334,P12236,SLC25A6,solute carrier family 25 member 6 ,0.3169301765881862,0,0,0.0,0.0,0.0,0.1611593441432985,0.0,0.0,0.5132681077890525,0,0,0.0,0.0,0.0,0,8.22,8
ENSG00000162989,P48549,KCNJ3,potassium inwardly rectifying channel subfamily J member 3,0.3168730080961832,4,2,0.0,0.009205002719726,0.0,0.0930757904214077,0.516373692030789,0.0,0.0,1,0,-0.94142305570877,0.0,0.009205002719726,1,5.39,1
ENSG00000138071,P61160,ACTR2,actin related protein 2,0.3167416125644004,0,0,0.0,0.0366381908509461,0.0,0.2592509532705921,0.0,0.0,0.5072391718129015,0,0,-0.9685603971318256,0.0,0.0366381908509461,0,8.4,5
ENSG00000241484,P85298,ARHGAP8,Rho GTPase activating protein 8,0.3167078382355952,0,0,0.0,0.0,0.0,0.0,0.520960345289046,0.0,0.0,0,0,0.7676778819635963,0.0,0.0,0,0.0,0
ENSG00000158050,Q05923,DUSP2,dual specificity phosphatase 2,0.3166556459316169,0,0,0.0,0.0,0.0,0.0916106584358675,0.0,0.0,0.5162939599903318,0,0,0.6402647545504689,0.0,0.0,0,5.04,1
ENSG00000124207,P55060,CSE1L,chromosome segregation 1 like,0.3165638893089158,0,0,0.0,0.0,0.0,0.4913029186635028,0.4961584143019717,0.0,0.0,0,0,-0.9040264754550468,0.0,0.0,0,6.31,5
ENSG00000170340,Q9NY97,B3GNT2,"UDP-GlcNAc:betaGal beta-1,3-N-acetylglucosaminyltransferase 2",0.3164500252447299,0,0,0.0,0.0,0.0,0.0248238409024745,0.5192950704504888,0.0,0.0,0,0,-0.4733590733590733,0.0,0.0,0,8.1,41
ENSG00000152990,Q8IWK6,ADGRA3,adhesion G protein-coupled receptor A3,0.316331818750276,0,0,0.0,0.0579300220543806,0.0,0.0,0.5174453206853027,0.0,0.0,0,0,-0.5586321014892444,0.0,0.0579300220543806,0,0.0,0
ENSG00000116898,P82914,MRPS15,mitochondrial ribosomal protein S15,0.316049808432593,0,0,0.0,0.0716758401929701,0.0,0.0,0.0,0.0,0.5162941442197028,0,0,0.3243243243243243,0.0,0.0716758401929701,0,0.0,0
ENSG00000118514,Q9H2A2,ALDH8A1,aldehyde dehydrogenase 8 family member A1,0.3157152464664837,0,0,0.0,0.0,0.0,0.0,0.0,0.0,0.5193276071994293,0,0,0.2530612244897958,0.0,0.0,0,0.0,0
ENSG00000171714,Q75V66,ANO5,anoctamin 5,0.3151740534623453,0,0,0.0,0.00894390772773,0.0,0.0121586159522324,0.5176307014994128,0.0,0.0,0,0,0.1227799227799228,0.0,0.00894390772773,0,0.0,0
ENSG00000068878,Q14997,PSME4,proteasome activator subunit 4,0.3151049359043391,0,0,0.0,0.0,0.0,0.0364758478566972,0.5164999002746407,0.0,0.0,0,0,-0.803088803088803,0.0,0.0,0,3.59,1
ENSG00000237289,P12532,CKMT1B,"creatine kinase, mitochondrial 1B",0.3150185723611629,0,0,0.0,0.0,0.0,0.0377423703517214,0.0,0.0,0.5162945126792162,0,0,-0.2862658576944291,0.0,0.0,0,8.0,2
ENSG00000132704,Q96LA5,FCRL2,Fc receptor like 2,0.314887679495962,0,0,0.0,0.0,0.0,0.0334361938686391,0.0,0.0,0.5162945126792162,0,0,0.1028130170987313,0.0,0.0,0,0.0,0
ENSG00000172260,Q7Z3B1,NEGR1,neuronal growth regulator 1,0.3148331290745508,0,0,0.0,0.039732222807516,0.0,0.0517111082492832,0.5144080973745336,0.0,0.0,0,0,-0.7626034197462769,0.0,0.039732222807516,0,0.0,0
ENSG00000233276,P07203,GPX1,glutathione peroxidase 1,0.3147906465784053,0,0,0.0,0.0,0.0,0.3910794495514298,0.0,0.0,0.4982527381137063,0,0,0.5895201323772752,0.0,0.0,0,5.0,1
ENSG00000162733,Q16832,DDR2,discoidin domain receptor tyrosine kinase 2,0.3147061744911626,4,1,0.0,0.0,0.0,0.447906524713642,0.0,0.0,0.495272434186309,1,0,-0.8202978488692775,1.0,0.0,1,11.0,535
ENSG00000168421,Q15669,RHOH,ras homolog family member H,0.3145994009359761,0,0,0.0,0.0,0.0,0.0369824568547069,0.5156430031886212,0.0,0.0,0,0,-0.2174296745725317,0.0,0.0,0,0.0,0
ENSG00000180611,Q8IYB1,MB21D2,Mab-21 domain containing 2,0.3145709465246171,0,0,0.0,0.0,0.0,0.0,0.5174453206853027,0.0,0.0,0,0,-0.728957528957529,0.0,0.0,0,0.0,0
ENSG00000153107,Q9H1A4,ANAPC1,anaphase promoting complex subunit 1,0.3145630162012734,0,0,0.0,0.0,0.0,0.0,0.5174322759055764,0.0,0.0,0,0,-0.907777164920022,0.0,0.0,0,0.0,0
ENSG00000074964,Q5VXI4,ARHGEF10L,Rho guanine nucleotide exchange factor 10 like,0.3142513994323664,0,0,0.0,0.0,0.0,0.030396539880581,0.5153998629887231,0.0,0.0,0,0,-0.4979591836734693,0.0,0.0,0,0.0,0
ENSG00000187079,P28347,TEAD1,TEA domain transcription factor 1,0.3141233701610192,0,0,0.0,0.0407966016924407,0.0,0.1888425246684713,0.5063603741709012,0.0,0.0,0,0,-0.9046883618312188,1.0,0.0407966016924407,0,8.99,95
ENSG00000198626,Q92736,RYR2,ryanodine receptor 2,0.3140939395881537,0,0,0.0,0.0728486686601902,0.0,0.9250215786436886,0.0,0.0,0.4687907422596925,0,0,-0.7681191395477109,0.0,0.0728486686601902,0,7.99,57
ENSG00000138398,Q13427,PPIG,peptidylprolyl isomerase G,0.3139033845332893,0,0,0.0,0.0,0.0,0.4484416777357646,0.4939251480128329,0.0,0.0,0,0,-0.717484831770546,0.0,0.0,0,8.0,12
ENSG00000164749,Q14541,HNF4G,hepatocyte nuclear factor 4 gamma,0.3137220695792615,0,0,0.0,0.0,0.0,0.0911896196417431,0.0,0.0,0.5114895015859651,0,0,-0.7704357418643133,0.0,0.0,0,0.0,0
ENSG00000102837,Q6UX06,OLFM4,olfactomedin 4,0.3136484191585192,0,0,0.0,0.0,0.0,0.1135564069038707,0.0,0.0,0.5102500128732426,0,0,0.3380033094318808,0.0,0.0,0,0.0,0
ENSG00000120903,Q15822,CHRNA2,cholinergic receptor nicotinic alpha 2 subunit,0.3135100792121898,0,0,0.0,0.0,0.0,0.1961511138718259,0.5058927188177141,0.0,0.0,0,0,0.3820187534473249,0.0,0.0,0,10.04,25
ENSG00000101489,Q9BZC1,CELF4,CUGBP Elav-like family member 4,0.3132387411987324,0,0,0.0,0.0,0.0,0.030396539880581,0.5137341170886759,0.0,0.0,0,0,-0.6351902923331495,0.0,0.0,0,0.0,0
ENSG00000198183,Q9NP55,BPIFA1,BPI fold containing family A member 1,0.3131949096595199,0,0,0.0,0.0,0.0,0.0,0.0,0.0,0.5151818445289652,0,0,0.5664644236072807,0.0,0.0,0,0.0,0
ENSG00000109158,P48169,GABRA4,gamma-aminobutyric acid type A receptor subunit alpha4,0.3130659567413805,4,19,0.1367844294626147,0.0470448867714267,0.0,0.0182379239283486,0.0750322458603902,0.0,0.4717027387219874,1,0,-0.8100386100386101,0.0,0.0470448867714267,1,9.07,11
ENSG00000125971,Q9NP97,DYNLRB1,dynein light chain roadblock-type 1,0.3130479442179376,0,0,0.0,0.0,0.0,0.0334361938686391,0.0,0.0,0.5132682878436722,0,0,-0.202426916712631,0.0,0.0,0,0.0,0
ENSG00000157103,P30531,SLC6A1,solute carrier family 6 member 1,0.3129794310556921,4,2,0.0,0.0,0.0,0.1873078472712424,0.4934248444748309,0.3448031501353711,0.0,1,0,-0.9792608935466078,0.0,0.0,1,8.0,128
ENSG00000155052,Q8WYK1,CNTNAP5,contactin associated protein family member 5,0.3129252581549158,0,0,0.0,0.0,0.0,0.0481920252840012,0.5123286870151664,0.0,0.0,0,0,-0.529619415333701,0.0,0.0,0,0.0,0
ENSG00000211448,Q92813,DIO2,iodothyronine deiodinase 2,0.3126181055626149,0,0,0.0,0.0,0.0,0.1919104892805641,0.5046375211240522,0.0,0.0,0,0,0.495973524544953,0.0,0.0,0,0.0,0
ENSG00000095794,Q03060,CREM,cAMP responsive element modulator,0.3123727235433078,0,0,0.0,0.0,0.0,0.0334361938686391,0.5121576011055063,0.0,0.0,0,0,-0.6512961941533371,0.0,0.0,0,0.0,0
ENSG00000074266,O75530,EED,embryonic ectoderm development,0.3122839053086677,0,0,0.0,0.0,0.0,0.0621980753823089,0.5105734077780838,0.0,0.0,0,0,-0.7843353557639272,1.0,0.0,0,9.7,1294
ENSG00000171877,Q7Z6J6,FRMD5,FERM domain containing 5,0.3122554092103222,0,0,0.0,0.0190278916965019,0.0,0.030396539880581,0.511693768597489,0.0,0.0,0,0,-0.701930501930502,0.0,0.0190278916965019,0,0.0,0
ENSG00000218891,Q8NAF0,ZNF579,zinc finger protein 579,0.3121051577150159,0,0,0.0,0.0,0.0,0.0379956748507263,0.0,0.0,0.5114895015859651,0,0,0.9367898510755654,0.0,0.0,0,0.0,0
ENSG00000110871,Q5HYK3,COQ5,"coenzyme Q5, methyltransferase",0.3120315996175547,0,0,0.0,0.0,0.0,0.0,0.0,0.0,0.5132682878436722,0,0,-0.2680639823496966,0.0,0.0,0,0.0,0
ENSG00000097007,P00519,ABL1,"ABL proto-oncogene 1, non-receptor tyrosine kinase",0.3119148695921599,4,26,0.4756889621644932,0.0,0.0,0.7477462730215508,0.0,0.0,0.0,1,0,-0.9620518477661336,1.0,0.0,1,10.82,6308
ENSG00000163349,Q86Z02,HIPK1,homeodomain interacting protein kinase 1,0.3118410817441857,0,0,0.0,0.0541012703985518,0.0,0.0,0.0,0.0,0.5102498368886655,0,0,-0.841588527302813,0.0,0.0541012703985518,0,9.44,87
ENSG00000198862,O94822,LTN1,listerin E3 ubiquitin protein ligase 1,0.3116696720940721,0,0,0.0,0.0,0.0,0.6155299325817664,0.4818964479207344,0.0,0.0,0,0,-0.7193601765030336,0.0,0.0,0,6.12,4
ENSG00000110880,Q9ULV4,CORO1C,coronin 1C,0.3116681501847241,0,0,0.0,0.0430047357132194,0.0,0.0121586159522324,0.0,0.0,0.5102500128732426,0,0,-0.8142305570877,0.0,0.0430047357132194,0,4.84,2
ENSG00000165140,P09467,FBP1,fructose-bisphosphatase 1,0.3112848665422509,0,0,0.0,0.0,0.0,0.338167918240755,0.4951315727245182,0.0,0.0,0,0,0.3264202978488693,0.0,0.0,0,9.0,785
ENSG00000066777,Q9Y6D6,ARFGEF1,ARF guanine nucleotide exchange factor 1,0.3111986205800759,0,0,0.0,0.0,0.0,0.0,0.5118981005777016,0.0,0.0,0,0,-0.9335907335907336,0.0,0.0,0,6.29,4
ENSG00000171421,Q9P0J6,MRPL36,mitochondrial ribosomal protein L36,0.3109975524164449,0,0,0.0,0.0865600683827791,0.0,0.0,0.0,0.0,0.5072393552971188,0,0,0.7211252068394927,0.0,0.0865600683827791,0,0.0,0
ENSG00000124596,Q9Y530,OARD1,O-acyl-ADP-ribose deacylase 1,0.3109191805176656,0,0,0.0,0.0,0.0,0.0935156442065504,0.5067626606834599,0.0,0.0,0,0,0.8274682846111419,0.0,0.0,0,0.0,0
ENSG00000153310,Q9NUQ9,CYRIB,CYFIP related Rac1 interactor B,0.3107464748254903,0,0,0.0,0.0,0.0,0.3743153697542395,0.4924385866565258,0.0,0.0,0,0,-0.7911748483177055,0.0,0.0,0,5.31,4
ENSG00000129657,Q92503,SEC14L1,SEC14 like lipid binding 1,0.3105773197379179,0,0,0.0,0.0125218999281813,0.0,0.0,0.0,0.0,0.5102500128732426,0,0,-0.4019856591285162,0.0,0.0125218999281813,0,0.0,0
ENSG00000260314,P22897,MRC1,mannose receptor C-type 1,0.3105344643558568,0,0,0.0,0.0,0.0,0.304825614567315,0.4955643332919374,0.0,0.0,0,0,0.0,0.0,0.0,0,0.0,0
ENSG00000101412,Q01094,E2F1,E2F transcription factor 1,0.3103771310919963,3,1,0.0,0.0,0.0,0.3729250859639743,0.0,0.0,0.4919005584498567,1,0,-0.7962493105350248,0.0,0.0,1,0.0,0
ENSG00000127527,Q9UBC2,EPS15L1,epidermal growth factor receptor pathway substrate 15 like 1,0.3101966973073702,0,0,0.0,0.0,0.0,0.0,0.0,0.0,0.5102500128732426,0,0,-0.7371207942636514,0.0,0.0,0,0.0,0
ENSG00000172572,Q14432,PDE3A,phosphodiesterase 3A,0.3099134972314237,4,17,0.0,0.0,0.0,0.0334361938686391,0.5081123605591388,0.0,0.0,1,0,-0.3458356315499172,0.0,0.0,1,9.96,897
ENSG00000185736,Q9NS39,ADARB2,adenosine deaminase RNA specific B2 (inactive),0.3098263167017768,0,0,0.0,0.0,0.0,0.3130796060829982,0.4939867845970396,0.0,0.0,0,0,-0.463099834528406,0.0,0.0,0,0.0,0
ENSG00000118007,Q8WVM7,STAG1,STAG1 cohesin complex component,0.309791170454288,0,0,0.0,0.0,0.0,0.0689832585623186,0.5061337890647182,0.0,0.0,0,0,-0.9767236624379482,0.0,0.0,0,0.0,0
ENSG00000129625,Q00765,REEP5,receptor accessory protein 5,0.3096258996394569,0,0,0.0,0.0429128665518098,0.0,0.321151802677787,0.0,0.0,0.4922998846613664,0,0,0.6557087699944844,0.0,0.0429128665518098,0,0.0,0
ENSG00000257923,P39880,CUX1,cut like homeobox 1,0.3095673401632702,0,0,0.0,0.0476192496724772,0.0,0.4693902037656457,0.4846870524236784,0.0,0.0,0,0,-0.9036955322669608,0.0,0.0476192496724772,0,0.0,0
ENSG00000176681,A6NMS7,LRRC37A,leucine rich repeat containing 37A,0.3092845136212952,0,0,0.0,0.0,0.0,0.0395155018447553,0.5067737648823479,0.0,0.0,0,0,0.6255929398786542,0.0,0.0,0,0.0,0
ENSG00000138303,Q8N9N2,ASCC1,activating signal cointegrator 1 complex subunit 1,0.3089833692791821,0,0,0.0,0.0,0.0,0.3057782152131849,0.4929652696379743,0.0,0.0,0,0,0.0584666298952012,0.0,0.0,0,0.0,0
ENSG00000110514,Q8WXG6,MADD,MAP kinase activating death domain,0.3088555450483216,0,0,0.0,0.0,0.0,0.2688045054672715,0.4946036939715948,0.0,0.0,0,0,-0.402757859900717,0.0,0.0,0,0.0,0
ENSG00000128595,O43852,CALU,calumenin,0.3084810663215482,0,0,0.0,0.0,0.0,0.0638327337492202,0.0,0.0,0.5042362934872865,0,0,-0.6244897959183673,0.0,0.0,0,5.76,4
ENSG00000276231,Q5UE93,PIK3R6,phosphoinositide-3-kinase regulatory subunit 6,0.308423748630682,0,0,0.0,0.0,0.0,0.0364758478566972,0.5055098545327479,0.0,0.0,0,0,0.57992277992278,0.0,0.0,0,0.0,0
ENSG00000143149,P49189,ALDH9A1,aldehyde dehydrogenase 9 family member A1,0.3083198554644409,0,0,0.0,0.0,0.0,0.3565636438839172,0.0,0.0,0.4893345683618506,0,0,-0.141753998896856,0.0,0.0,0,0.0,0
ENSG00000182718,P07355,ANXA2,annexin A2,0.3083178016341151,0,0,0.0,0.0,0.0,0.6507381437873121,0.0,0.0,0.4746224649717485,0,0,0.0287920573634858,0.0,0.0,0,0.0,0
ENSG00000171450,Q13319,CDK5R2,cyclin dependent kinase 5 regulatory subunit 2,0.3083156660837465,0,0,0.0,0.0,0.0,0.4155769804831004,0.0,0.0,0.4863770103187618,0,0,-0.3736348593491451,0.0,0.0,0,0.0,0
ENSG00000145217,Q9H2B4,SLC26A1,solute carrier family 26 member 1,0.3081076877183637,0,0,0.0,0.0,0.0,0.0,0.5068137507243045,0.0,0.0,0,0,0.8811913954771098,0.0,0.0,0,0.0,0
ENSG00000100490,Q00532,CDKL1,cyclin dependent kinase like 1,0.307354863933215,0,0,0.0,0.0305313093637675,0.0,0.1054657578160646,0.4996236513297596,0.0,0.0,0,0,0.3977937120794264,0.0,0.0305313093637675,0,7.89,6
ENSG00000185339,P20062,TCN2,transcobalamin 2,0.3069050339920673,0,0,0.0,0.0,0.0,0.0973445147649179,0.4999682509275288,0.0,0.0,0,0,-0.1399889685603971,0.0,0.0,0,0.0,0
ENSG00000119866,Q9H165,BCL11A,BCL11 transcription factor A,0.3068595158808405,0,0,0.0,0.0,0.0,0.1161055809470904,0.4989553237817833,0.0,0.0,0,0,-0.988196359624931,0.0,0.0,0,0.0,0
ENSG00000143702,Q5SW79,CEP170,centrosomal protein 170,0.3067880207007082,0,0,0.0,0.0213356725857315,0.0,0.0,0.5035762150573845,0.0,0.0,0,0,-0.916161059018202,0.0,0.0213356725857315,0,6.96,2
ENSG00000136628,P07814,EPRS1,glutamyl-prolyl-tRNA synthetase 1,0.3067580626490079,0,0,0.0,0.0,0.0,0.1404743111216009,0.4975700044103519,0.0,0.0,0,0,-0.6324324324324324,0.0,0.0,0,9.22,12
ENSG00000149115,Q9C0C2,TNKS1BP1,tankyrase 1 binding protein 1,0.3066109946117942,0,0,0.0,0.0,0.0,0.0,0.5043518042125475,0.0,0.0,0,0,-0.7543298400441257,0.0,0.0,0,7.25,2
ENSG00000185551,P24468,NR2F2,nuclear receptor subfamily 2 group F member 2,0.3062287507407024,0,0,0.0,0.0,0.0,0.0413730681707908,0.0,0.0,0.5016543886610247,0,0,-0.9577495863210148,0.0,0.0,0,8.12,218
ENSG00000148450,Q9Y3D2,MSRB2,methionine sulfoxide reductase B2,0.3061686145857749,0,0,0.0,0.0884581805470675,0.0,0.1305362518204953,0.4951315727245182,0.0,0.0,0,0,0.6865968008825152,0.0,0.0884581805470675,0,0.0,0
ENSG00000124570,P35237,SERPINB6,serpin family B member 6,0.3061427310717643,0,0,0.0,0.0,0.0,0.3440805354602725,0.0,0.0,0.4863775194728878,0,0,-0.1238830667402095,0.0,0.0,0,7.26,2
ENSG00000135114,Q15646,OASL,2'-5'-oligoadenylate synthetase like,0.3060268232929231,0,0,0.0,0.0,0.0,0.1992077907646508,0.4934304972127123,0.0,0.0,0,0,0.1481522338665195,0.0,0.0,0,0.0,0
ENSG00000162545,Q7Z7J9,CAMK2N1,calcium/calmodulin dependent protein kinase II inhibitor 1,0.3059787762843345,0,0,0.0,0.0,0.0,0.0379956748507263,0.0850619738719962,0.0,0.4812020112721598,0,0,0.7274131274131275,0.0,0.0,0,0.0,0
ENSG00000145901,Q15025,TNIP1,TNFAIP3 interacting protein 1,0.3058261341038644,0,0,0.0,0.0,0.0,0.2019099727184307,0.4929652696379743,0.0,0.0,0,0,-0.8227247655819084,0.0,0.0,0,0.0,0
ENSG00000197483,Q5EBL2,ZNF628,zinc finger protein 628,0.3054475150929163,0,0,0.0,0.0,0.0,0.145903391426789,0.0,0.0,0.4951427991792627,0,0,0.9866519580805296,0.0,0.0,0,0.0,0
ENSG00000166803,Q15004,PCLAF,PCNA clamp associated factor,0.3051304959105336,0,0,0.0,0.0,0.0,0.1790245325971607,0.4929652696379743,0.0,0.0,0,0,0.2793160507446222,0.0,0.0,0,5.21,1
ENSG00000108576,P31645,SLC6A4,solute carrier family 6 member 4,0.3051235444033157,4,56,0.4706228721843963,0.0,0.0,0.6256437876382442,0.0,0.0,0.0,1,0,-0.770876999448428,1.0,0.0,1,11.0,7521
ENSG00000157554,P11308,ERG,ETS transcription factor ERG,0.3050177300674142,0,0,0.0,0.0,0.0,0.6454771240663917,0.0,0.0,0.4694571488152417,0,0,-0.9350248207391064,0.0,0.0,0,5.68,21
ENSG00000158321,Q8WXX7,AUTS2,activator of transcription and developmental regulator AUTS2,0.3048843649617949,0,0,0.0,0.0,0.0,0.0,0.5015116295466437,0.0,0.0,0,0,-0.9360176503033646,0.0,0.0,0,0.0,0
ENSG00000186153,Q9NZC7,WWOX,WW domain containing oxidoreductase,0.3048376390820003,0,0,0.0,0.0,0.0,0.3800668944070227,0.4824314243020714,0.0,0.0,0,0,0.8593491450634307,0.0,0.0,0,0.0,0
ENSG00000145029,Q9BSH3,NICN1,"nicolin 1, tubulin polyglutamylase complex subunit",0.3047197250256188,0,0,0.0,0.0,0.0,0.0,0.0,0.0,0.501240809353255,0,0,0.1212355212355211,0.0,0.0,0,0.0,0
ENSG00000166483,P30291,WEE1,WEE1 G2 checkpoint kinase,0.3046164116104424,2,2,0.0,0.0,0.0,0.4882892978166285,0.4145025139463799,0.0,0.3028699175960163,1,0,-0.7894098179812465,1.0,0.0,1,10.0,1551
ENSG00000162551,P05186,ALPL,"alkaline phosphatase, biomineralization associated",0.3042817196408858,0,0,0.0,0.0,0.0,0.2478216016105329,0.48812924367395,0.0,0.0,0,0,0.0318808604522891,0.0,0.0,0,9.4,1138
ENSG00000166035,P11150,LIPC,"lipase C, hepatic type",0.3042418465128567,0,0,0.0,0.0,0.0,0.3741377869641296,0.4817478461383526,0.0,0.0,0,0,0.2345284059569774,0.0,0.0,0,9.3,386
ENSG00000148730,Q13542,EIF4EBP2,eukaryotic translation initiation factor 4E binding protein 2,0.3040957648744349,0,0,0.0,0.0154081487826329,0.0,0.1381353867906405,0.4929652696379743,0.0,0.0,0,0,0.7458356315499173,0.0,0.0154081487826329,0,0.0,0
ENSG00000127663,O94953,KDM4B,lysine demethylase 4B,0.3040272047347439,0,0,0.0,0.0114410417377532,0.0,0.0454259401548683,0.497576123680286,0.0,0.0,0,0,-0.8262548262548263,0.0,0.0114410417377532,0,8.4,151
ENSG00000070778,Q16825,PTPN21,protein tyrosine phosphatase non-receptor type 21,0.3040121835947236,0,0,0.0,0.0,0.0,0.0,0.5000769574252478,0.0,0.0,0,0,-0.3973524544953116,0.0,0.0,0,5.07,1
ENSG00000101752,Q86YT6,MIB1,MIB E3 ubiquitin protein ligase 1,0.3038919537248044,0,0,0.0,0.0,0.0,0.0911896196417431,0.4953197074365705,0.0,0.0,0,0,0.9995587424158854,0.0,0.0,0,0.0,0
ENSG00000088992,Q96BS2,TESC,tescalcin,0.3036026618346529,0,0,0.0,0.0,0.0,0.0854350500334191,0.4951315727245182,0.0,0.0,0,0,0.2536127964699393,0.0,0.0,0,0.0,0
ENSG00000131061,Q9BYN7,ZNF341,zinc finger protein 341,0.3035300296016905,0,0,0.0,0.0,0.0,0.0177954854034201,0.0,0.0,0.4983940764479856,0,0,-0.3569773855488141,0.0,0.0,0,0.0,0
ENSG00000283683,A0A1B0GUC4,MYOCOS,myocilin opposite strand,0.3033351542679342,0,0,0.0,0.0,0.0,0.0,0.4989632955916161,0.0,0.0,0,0,0.0,0.0,0.0,0,0.0,0
ENSG00000082175,P06401,PGR,progesterone receptor,0.3033165517778933,4,28,0.4770568064591193,0.0,0.0,0.4375177889784849,0.0,0.0,0.0,1,0,-0.6275785990071705,0.0,0.0,1,10.7,3314
ENSG00000107186,O75970,MPDZ,multiple PDZ domain crumbs cell polarity complex component,0.3029504879423499,0,0,0.0,0.0,0.0,0.059273252767133,0.4953668860565805,0.0,0.0,0,0,0.2975179260893545,0.0,0.0,0,0.0,0
ENSG00000259207,P05106,ITGB3,integrin subunit beta 3,0.3027378485346471,4,8,0.0,0.0,0.0,0.1647962114200991,0.4897409624446308,0.0,0.0,1,0,-0.4563706563706563,0.0,0.0,1,0.0,0
ENSG00000155254,Q9BSK0,MARVELD1,MARVEL domain containing 1,0.3026348846880127,0,0,0.0,0.0,0.0,0.0,0.4978114053062865,0.0,0.0,0,0,0.1765030336458908,0.0,0.0,0,0.0,0
ENSG00000157191,Q9NVZ3,NECAP2,NECAP endocytosis associated 2,0.3025465158958577,0,0,0.0,0.0,0.0,0.0,0.0451554743221152,0.0,0.4863771767727792,0,0,0.529619415333701,0.0,0.0,0,0.0,0
ENSG00000175216,Q14008,CKAP5,cytoskeleton associated protein 5,0.3023438007598483,0,0,0.0,0.0,0.0,0.1413439104447019,0.4902653988251264,0.0,0.0,0,0,-0.9831218974076116,0.0,0.0,0,0.0,0
ENSG00000067606,Q05513,PRKCZ,protein kinase C zeta,0.3019972555125029,4,4,0.0,0.0315255560340551,0.0,0.1936893268995646,0.0,0.0,0.4863775194728878,1,0,-0.6007722007722007,0.0,0.0315255560340551,1,10.0,358
ENSG00000103546,P23975,SLC6A2,solute carrier family 6 member 2,0.3019499108871471,4,86,0.4857995164684793,0.0,0.0,0.2177031789513728,0.0,0.0,0.0,1,0,-0.6671814671814672,0.0,0.0,1,10.19,5384
ENSG00000274180,Q8N6N6,NATD1,N-acetyltransferase domain containing 1,0.3019471934820613,0,0,0.0,0.0,0.0,0.0,0.4966802054910228,0.0,0.0,0,0,0.3434087148372862,0.0,0.0,0,0.0,0
ENSG00000151715,Q96B21,TMEM45B,transmembrane protein 45B,0.3019296815658244,0,0,0.0,0.0,0.0,0.030396539880581,0.4951315727245182,0.0,0.0,0,0,0.6450082735797023,0.0,0.0,0,0.0,0
ENSG00000036448,P54296,MYOM2,myomesin 2,0.3018199899937135,0,0,0.0,0.0,0.0,0.0834216150055946,0.0,0.0,0.4922998846613664,0,0,0.6593491450634308,0.0,0.0,0,0.0,0
ENSG00000151376,Q16798,ME3,malic enzyme 3,0.3017367608327668,0,0,0.0,0.0537072825801985,0.0,0.0151982699402905,0.4933109563007207,0.0,0.0,0,0,-0.1988968560397132,0.0,0.0537072825801985,0,7.22,31
ENSG00000026559,Q9UIX4,KCNG1,potassium voltage-gated channel modifier subfamily G member 1,0.3017246066036786,4,6,0.0,0.0705053942553009,0.0,0.1008996254369287,0.4897022991669421,0.0,0.0,1,0,-0.0596800882515168,0.0,0.0705053942553009,1,9.82,2
ENSG00000107949,Q9P287,BCCIP,BRCA2 and CDKN1A interacting protein,0.301700971948771,0,0,0.0,0.0661984025430113,0.0,0.0,0.4929652696379743,0.0,0.0,0,0,0.1547710976282406,0.0,0.0661984025430113,0,5.8,2
ENSG00000054654,Q8WXH0,SYNE2,spectrin repeat containing nuclear envelope protein 2,0.3016666741159118,0,0,0.0,0.0,0.0,0.289864781694541,0.2326323580623613,0.0,0.43161924332561,0,0,-0.6708218422504137,0.0,0.0,0,0.0,0
ENSG00000105287,Q9BZL6,PRKD2,protein kinase D2,0.3015469328446898,0,0,0.0,0.0,0.0,0.1337447754745566,0.0,0.0,0.4893345683618506,0,0,-0.8126861555432984,0.0,0.0,0,9.0,520
ENSG00000138760,Q14108,SCARB2,scavenger receptor class B member 2,0.3014847221582886,0,0,0.0,0.0,0.0,0.0735239592934928,0.4922432773156241,0.0,0.0,0,0,-0.4599007170435741,0.0,0.0,0,0.0,0
ENSG00000198369,Q7Z698,SPRED2,sprouty related EVH1 domain containing 2,0.3012806452034807,0,0,0.0,0.0,0.0,0.0629039505862024,0.4924385866565258,0.0,0.0,0,0,0.5706563706563708,0.0,0.0,0,0.0,0
ENSG00000103018,O43169,CYB5B,cytochrome b5 type B,0.3012244561730759,0,0,0.0,0.0,0.0,0.0638327337492202,0.0,0.0,0.4922997208099664,0,0,0.22007722007722,0.0,0.0,0,0.0,0
ENSG00000165714,Q969J3,BORCS5,BLOC-1 related complex subunit 5,0.3011835711923884,0,0,0.0,0.0,0.0,0.0607930797611621,0.4923844508206618,0.0,0.0,0,0,0.2390512961941533,0.0,0.0,0,0.0,0
ENSG00000145246,Q9P241,ATP10D,ATPase phospholipid transporting 10D (putative),0.3010914741962266,0,0,0.0,0.0,0.0,0.0,0.0,0.0,0.4952726122432443,0,0,-0.4259238830667402,0.0,0.0,0,0.0,0
ENSG00000177058,Q8NBW4,SLC38A9,solute carrier family 38 member 9,0.3010057319291127,0,0,0.0,0.0,0.0,0.0,0.4951315727245182,0.0,0.0,0,0,0.0857142857142856,0.0,0.0,0,0.0,0
ENSG00000154743,Q8NCE0,TSEN2,tRNA splicing endonuclease subunit 2,0.3010057319291127,0,0,0.0,0.0,0.0,0.0,0.4951315727245182,0.0,0.0,0,0,0.4034197462768891,0.0,0.0,0,0.0,0
ENSG00000134917,Q9UP79,ADAMTS8,ADAM metallopeptidase with thrombospondin type 1 motif 8,0.3008955359727543,0,0,0.0,0.0355520525822891,0.0,0.0151982699402905,0.4928349667827085,0.0,0.0,0,0,0.1947049089906232,0.0,0.0355520525822891,0,0.0,0
ENSG00000117481,Q96CB9,NSUN4,NOP2/Sun RNA methyltransferase 4,0.3008558708465934,0,0,0.0,0.0,0.0,0.0,0.4948850626231907,0.0,0.0,0,0,-0.0682846111417539,0.0,0.0,0,0.0,0
ENSG00000049860,P07686,HEXB,hexosaminidase subunit beta,0.3006729955318055,0,0,0.0,0.0434717745273589,0.0,0.2626620386669424,0.0,0.0,0.4804851052493662,0,0,0.2234969663541093,0.0,0.0434717745273589,0,7.26,30
ENSG00000141013,O95995,DRC4,dynein regulatory complex subunit 4,0.3003462594570592,0,0,0.0,0.0,0.0,0.0,0.4940467905837805,0.0,0.0,0,0,0.6157749586321015,0.0,0.0,0,0.0,0
ENSG00000138678,Q53EU6,GPAT3,glycerol-3-phosphate acyltransferase 3,0.3002581458004297,0,0,0.0,0.0095401166907479,0.0,0.0,0.4934248444748309,0.0,0.0,0,0,0.3225592939878654,0.0,0.0095401166907479,0,0.0,0
ENSG00000160584,Q9Y2K2,SIK3,SIK family kinase 3,0.3002574240552376,0,0,0.0,0.0,0.0,0.1504628724088762,0.0,0.0,0.4863775194728878,0,0,-0.9103143960286816,1.0,0.0,0,9.34,177
ENSG00000139734,Q9NSV4,DIAPH3,diaphanous related formin 3,0.3001693277051916,0,0,0.0,0.0,0.0,0.0884200537296988,0.0,0.0,0.4893347486004502,0,0,-0.1380033094318808,0.0,0.0,0,0.0,0
ENSG00000107954,O76050,NEURL1,neuralized E3 ubiquitin protein ligase 1,0.3001466497892441,0,0,0.0,0.0,0.0,0.7289616005147138,0.4572703678114702,0.0,0.0,0,0,0.1257584114726972,0.0,0.0,0,0.0,0
ENSG00000185658,Q9NSI6,BRWD1,bromodomain and WD repeat domain containing 1,0.3000411509968245,0,0,0.0,0.0,0.0,0.0598642965981443,0.490551695504619,0.0,0.0,0,0,-0.7437396580253723,0.0,0.0,0,5.92,10
ENSG00000144712,O75155,CAND2,cullin associated and neddylation dissociated 2 (putative),0.3000231492518481,0,0,0.0,0.0663336406188113,0.0,0.0,0.4901986168000277,0.0,0.0,0,0,-0.2619966905681191,0.0,0.0663336406188113,0,0.0,0
ENSG00000006704,Q9UHL9,GTF2IRD1,GTF2I repeat domain containing 1,0.299968159262974,0,0,0.0,0.0,0.0,0.0,0.4934248444748309,0.0,0.0,0,0,-0.8793160507446222,0.0,0.0,0,0.0,0
ENSG00000133195,Q8N1S5,SLC39A11,solute carrier family 39 member 11,0.2998550973284,0,0,0.0,0.0,0.0,0.0401065456757666,0.4912335388938117,0.0,0.0,0,0,0.4497517926089354,0.0,0.0,0,5.77,2
ENSG00000175352,Q9NQ35,NRIP3,nuclear receptor interacting protein 3,0.2996887695658415,0,0,0.0,0.0,0.0,0.0,0.4929652696379743,0.0,0.0,0,0,0.7848869277440707,0.0,0.0,0,0.0,0
ENSG00000128607,Q6PID8,KLHDC10,kelch domain containing 10,0.2996887695658415,0,0,0.0,0.0,0.0,0.0,0.4929652696379743,0.0,0.0,0,0,-0.6554881412024269,0.0,0.0,0,0.0,0
ENSG00000138081,Q86XK2,FBXO11,F-box protein 11,0.2995201640692437,0,0,0.0,0.0340936550094173,0.0,0.0121586159522324,0.4907130521827332,0.0,0.0,0,0,-0.9473800330943188,0.0,0.0340936550094173,0,0.0,0
ENSG00000080345,Q5UIP0,RIF1,replication timing regulatory factor 1,0.2993356719189649,0,0,0.0,0.0,0.0,0.0,0.4923844508206618,0.0,0.0,0,0,-0.9212355212355212,0.0,0.0,0,5.46,3
ENSG00000165660,Q15018,ABRAXAS2,"abraxas 2, BRISC complex subunit",0.2993356719189649,0,0,0.0,0.0,0.0,0.0,0.4923844508206618,0.0,0.0,0,0,-0.5170435741864313,0.0,0.0,0,0.0,0
ENSG00000138653,Q9H3R1,NDST4,N-deacetylase and N-sulfotransferase 4,0.2992061115830584,0,0,0.0,0.0,0.0,0.0455948098208715,0.4898915934149701,0.0,0.0,0,0,-0.3298400441257584,0.0,0.0,0,0.0,0
ENSG00000170430,P16455,MGMT,O-6-methylguanine-DNA methyltransferase,0.2992009554120436,0,0,0.0,0.0,0.0,0.1915629480585176,0.4825847049932926,0.0,0.0,0,0,0.616988416988417,0.0,0.0,0,8.52,92
ENSG00000109684,Q7Z7G1,CLNK,cytokine dependent hematopoietic cell linker,0.2990444416412438,0,0,0.0,0.0,0.0,0.0165492272683163,0.4910779377644129,0.0,0.0,0,0,0.519911748483177,0.0,0.0,0,0.0,0
ENSG00000198346,Q6ZN06,ZNF813,zinc finger protein 813,0.2990414988440232,0,0,0.0,0.0,0.0,0.0,0.0,0.0,0.4919005584498567,0,0,0.37992277992278,0.0,0.0,0,0.0,0
ENSG00000009950,Q9NP71,MLXIPL,MLX interacting protein like,0.2990303738163066,0,0,0.0,0.0,0.0,0.1512650033223915,0.4843190084579012,0.0,0.0,0,0,-0.1468284611141753,0.0,0.0,0,0.0,0
ENSG00000221923,Q6PDB4,ZNF880,zinc finger protein 880,0.2989226783021677,0,0,0.0,0.0,0.0,0.0,0.4917051076809166,0.0,0.0,0,0,0.6996138996138996,0.0,0.0,0,0.0,0
ENSG00000100154,Q96AY4,TTC28,tetratricopeptide repeat domain 28,0.2986359971132942,0,0,0.0,0.0,0.0,0.0,0.4912335388938117,0.0,0.0,0,0,-0.809376723662438,0.0,0.0,0,0.0,0
ENSG00000185813,Q99447,PCYT2,"phosphate cytidylyltransferase 2, ethanolamine",0.2985423729112639,0,0,0.0,0.0614596700807181,0.0,0.0768947950329898,0.0,0.0,0.4858690239927601,0,0,-0.1134031991174848,0.0,0.0614596700807181,0,0.0,0
ENSG00000185002,Q8HWS3,RFX6,regulatory factor X6,0.2985091780258235,0,0,0.0,0.0,0.0,0.0,0.491024931124689,0.0,0.0,0,0,-0.4460011031439602,0.0,0.0,0,0.0,0
ENSG00000187678,Q9C004,SPRY4,sprouty RTK signaling antagonist 4,0.2984305145051365,0,0,0.0,0.0,0.0,0.030396539880581,0.489375708612295,0.0,0.0,0,0,-0.4049641478212906,0.0,0.0,0,0.0,0
ENSG00000139714,Q6PF18,MORN3,MORN repeat containing 3,0.2984283692700645,0,0,0.0,0.0,0.0,0.0,0.490892006857525,0.0,0.0,0,0,0.6608935466078323,0.0,0.0,0,0.0,0
ENSG00000034239,Q9HAE3,CLXN,calaxin,0.2983539860037231,0,0,0.0,0.0,0.0,0.0,0.4907696520325456,0.0,0.0,0,0,0.5602868174296747,0.0,0.0,0,0.0,0
ENSG00000123143,Q16512,PKN1,protein kinase N1,0.2981602621547818,0,0,0.0,0.0,0.0,0.0814796138465575,0.0,0.0,0.4863770103187618,0,0,-0.3726420297848869,0.0,0.0,0,9.7,180
ENSG00000087448,Q9P2K6,KLHL42,kelch like family member 42,0.2980831434328611,0,0,0.0,0.0,0.0,0.0,0.4903241365693939,0.0,0.0,0,0,0.5339216767788197,0.0,0.0,0,0.0,0
ENSG00000172728,Q6P4F1,POFUT3,protein O-fucosyltransferase 3,0.2980831434328611,0,0,0.0,0.0,0.0,0.0,0.4903241365693939,0.0,0.0,0,0,0.0538334252619967,0.0,0.0,0,0.0,0
ENSG00000140474,Q6PHR2,ULK3,unc-51 like kinase 3,0.2980360146047525,0,0,0.0,0.0,0.0,0.0,0.0624965930161793,0.0,0.4746224649717485,0,0,0.334804191947049,0.0,0.0,0,8.92,69
ENSG00000132964,P49336,CDK8,cyclin dependent kinase 8,0.2980348118735921,2,4,0.0,0.0,0.0,0.0773423070294784,0.0,0.0,0.4863775194728878,1,0,-0.5099834528405958,1.0,0.0,1,9.7,780
ENSG00000108950,Q96MK3,FAM20A,FAM20A golgi associated secretory pathway pseudokinase,0.2978366205202529,0,0,0.0,0.0,0.0,0.0,0.4899186250974029,0.0,0.0,0,0,0.2444567015995586,0.0,0.0,0,0.0,0
ENSG00000233608,Q8WVJ9,TWIST2,twist family bHLH transcription factor 2,0.2975355951387448,0,0,0.0,0.0,0.0,0.0683922147313073,0.4860038504660477,0.0,0.0,0,0,-0.4182018753447325,0.0,0.0,0,0.0,0
ENSG00000151577,P35462,DRD3,dopamine receptor D3,0.2975108019794115,4,39,0.4732572389740467,0.0,0.0,0.3225087872816892,0.0,0.0,0.0,1,0,-0.5631549917264203,1.0,0.0,1,10.92,9908
ENSG00000163421,Q9HC23,PROK2,prokineticin 2,0.2974329226808591,0,0,0.0,0.0,0.0,0.611978437164535,0.4586556509474024,0.0,0.0,0,0,0.1532266960838388,0.0,0.0,0,0.0,0
ENSG00000188070,C9JLR9,ZFTA,zinc finger translocation associated,0.2972083186246751,0,0,0.0,0.0,0.0,0.0,0.4888851161880893,0.0,0.0,0,0,0.7427468284611143,0.0,0.0,0,0.0,0
ENSG00000128271,P29274,ADORA2A,adenosine A2a receptor,0.2972011936227743,4,22,0.4475046149085543,0.0,0.0,0.8273756238486328,0.0,0.0,0.0,1,0,-0.2121345835631549,1.0,0.0,1,11.0,8761
ENSG00000173327,Q16584,MAP3K11,mitogen-activated protein kinase kinase kinase 11,0.2971712509397822,2,1,0.0,0.0,0.0,0.1667807482347681,0.0,0.0,0.4804851052493662,1,0,-0.3017098731384445,0.0,0.0,1,8.61,315
ENSG00000167720,Q9GZT4,SRR,serine racemase,0.2971260361862951,0,0,0.0,0.0,0.0,0.2240002939763513,0.0,0.0,0.4775497531260972,0,0,-0.1808052950910094,0.0,0.0,0,5.33,11
ENSG00000121274,Q8NDF8,TENT4B,terminal nucleotidyltransferase 4B,0.2971088371240641,0,0,0.0,0.0,0.0,0.0,0.488721476673523,0.0,0.0,0,0,-0.9432984004412576,0.0,0.0,0,7.03,1
ENSG00000101347,Q9Y3Z3,SAMHD1,SAM and HD domain containing deoxynucleoside triphosphate triphosphohydrolase 1,0.2969918904189895,0,0,0.0,0.0122778127150513,0.0,0.0151982699402905,0.48749635444423,0.0,0.0,0,0,-0.1375620518477661,0.0,0.0122778127150513,0,8.44,4
ENSG00000021645,Q9HDB5,NRXN3,neurexin 3,0.2968319346545295,0,0,0.0,0.0460015018504164,0.0,0.7244843737481642,0.4510195188531179,0.0,0.0,0,0,-0.8721456150027579,0.0,0.0460015018504164,0,0.0,0
ENSG00000121797,O00421,CCRL2,C-C motif chemokine receptor like 2,0.2966951577790607,0,0,0.0,0.0,0.0,0.408664591727812,0.4676077759765575,0.0,0.0,0,0,0.9684500827357968,0.0,0.0,0,8.4,165
ENSG00000101350,O15066,KIF3B,kinesin family member 3B,0.296664419196077,0,0,0.0,0.0175984815937972,0.0,0.0,0.4871105188483262,0.0,0.0,0,0,-0.4651958080529509,0.0,0.0175984815937972,0,0.0,0
ENSG00000108591,P55039,DRG2,developmentally regulated GTP binding protein 2,0.2966094517983668,0,0,0.0,0.0,0.0,0.0121586159522324,0.4872920949350161,0.0,0.0,0,0,-0.0646442360728074,0.0,0.0,0,0.0,0
ENSG00000164938,Q96A56,TP53INP1,tumor protein p53 inducible nuclear protein 1,0.2964160398426466,0,0,0.0,0.0861106741950498,0.0,0.0868955754382745,0.4813235284422562,0.0,0.0,0,0,-0.1159404302261445,0.0,0.0861106741950498,0,0.0,0
ENSG00000150760,Q14185,DOCK1,dedicator of cytokinesis 1,0.2963934820468126,0,0,0.0,0.0,0.0,0.1489649984714275,0.4800965219670028,0.0,0.0,0,0,-0.5227799227799228,0.0,0.0,0,0.0,0
ENSG00000105339,A2RUS2,DENND3,DENN domain containing 3,0.2963307985639288,0,0,0.0,0.0,0.0,0.0364758478566972,0.4856178699281468,0.0,0.0,0,0,-0.2799779371207942,0.0,0.0,0,0.0,0
ENSG00000144488,Q6ZVH7,ESPNL,espin like,0.2961379012026882,0,0,0.0,0.0,0.0,0.0,0.4871243608090357,0.0,0.0,0,0,0.7691119691119692,0.0,0.0,0,0.0,0
ENSG00000187624,Q6ZQX7,LIAT1,ligand of ATE1,0.296058378563639,0,0,0.0,0.0,0.0,0.030396539880581,0.4854737251121714,0.0,0.0,0,0,0.9960286817429675,0.0,0.0,0,0.0,0
ENSG00000237524,A0A1B0GUA7,TEX51,testis expressed 51,0.2959439827682596,0,0,0.0,0.0,0.0,0.0,0.486805379709229,0.0,0.0,0,0,0.0,0.0,0.0,0,0.0,0
ENSG00000095059,P49366,DHPS,deoxyhypusine synthase,0.2959182753447773,0,0,0.0,0.0,0.0,0.125569867111058,0.0,0.0,0.480484599594092,0,0,-0.2480970766685052,0.0,0.0,0,8.04,76
ENSG00000011523,Q76N32,CEP68,centrosomal protein 68,0.2958817737873638,0,0,0.0,0.0,0.0,0.0,0.4867030506593762,0.0,0.0,0,0,-0.5359073359073359,0.0,0.0,0,0.0,0
ENSG00000154001,Q16537,PPP2R5E,protein phosphatase 2 regulatory subunit B'epsilon,0.2957470290497511,0,0,0.0,0.0,0.0,0.0334361938686391,0.2612030165011053,0.0,0.4204376251418987,0,0,-0.9600661886376172,0.0,0.0,0,0.0,0
ENSG00000206561,Q9Y215,COLQ,collagen like tail subunit of asymmetric acetylcholinesterase,0.2956552749411983,0,0,0.0,0.0,0.0,0.0,0.486330477256194,0.0,0.0,0,0,-0.1146166574738003,0.0,0.0,0,0.0,0
ENSG00000141736,P04626,ERBB2,erb-b2 receptor tyrosine kinase 2,0.2954866405589298,4,44,0.0,0.0,0.0,0.7487241676152888,0.0,0.0,0.4486168781215295,1,0,-0.6678433535576394,1.0,0.0,1,10.22,3510
ENSG00000135436,Q8IYM0,FAM186B,family with sequence similarity 186 member B,0.2954805434835262,0,0,0.0,0.0,0.0,0.0,0.486043057276225,0.0,0.0,0,0,0.0020959735245449,0.0,0.0,0,0.0,0
ENSG00000137309,P17096,HMGA1,high mobility group AT-hook 1,0.2953347134721608,0,0,0.0,0.0,0.0,0.710344777666548,0.4502859390975264,0.0,0.0,0,0,-0.7570876999448428,0.0,0.0,0,0.0,0
ENSG00000144231,O15514,POLR2D,RNA polymerase II subunit D,0.2950686072431748,0,0,0.0,0.0,0.0,0.0,0.4853654534404433,0.0,0.0,0,0,0.7306122448979593,0.0,0.0,0,0.0,0
ENSG00000184497,Q8WV15,TMEM255B,transmembrane protein 255B,0.2950364233476051,0,0,0.0,0.0,0.0,0.0,0.4853125133760542,0.0,0.0,0,0,0.5637065637065637,0.0,0.0,0,0.0,0
ENSG00000123472,Q5TC12,ATPAF1,ATP synthase mitochondrial F1 complex assembly factor 1,0.294804425082783,0,0,0.0,0.0300739988749852,0.0,0.0,0.0,0.0,0.4834271939030203,0,0,-0.1897407611693325,0.0,0.0300739988749852,0,0.0,0
ENSG00000108094,Q13617,CUL2,cullin 2,0.2947194483235589,0,0,0.0,0.0,0.0,0.0379956748507263,0.4828913297878586,0.0,0.0,0,0,-0.8818532818532818,0.0,0.0,0,0.0,0
ENSG00000069696,P21917,DRD4,dopamine receptor D4,0.2942249713999985,4,29,0.4732572389740467,0.0,0.0,0.2144099512851558,0.0,0.0,0.0,1,0,0.980584666298952,1.0,0.0,1,10.74,4422
ENSG00000170382,O75325,LRRN2,leucine rich repeat neuronal 2,0.2940547550553041,0,0,0.0,0.0,0.0,0.0379956748507263,0.4817979598338011,0.0,0.0,0,0,-0.6703805846662989,0.0,0.0,0,0.0,0
ENSG00000107317,P41222,PTGDS,prostaglandin D2 synthase,0.2939332363052324,0,0,0.0,0.0,0.0,0.6404297665883953,0.0,0.0,0.4514763661303452,0,0,0.149034749034749,0.0,0.0,0,0.0,0
ENSG00000288611,P48145,NPBWR1,neuropeptides B and W receptor 1,0.2939164461629143,0,0,0.0,0.0,0.0,0.0121586159522324,0.4828623051529676,0.0,0.0,0,0,0.9221180364037508,0.0,0.0,0,8.57,359
ENSG00000153303,Q8N878,FRMD1,FERM domain containing 1,0.2938902795766109,0,0,0.0,0.0,0.0,0.0,0.0,0.0,0.4834271939030203,0,0,0.4378378378378378,0.0,0.0,0,0.0,0
ENSG00000151883,Q8N3A8,PARP8,poly(ADP-ribose) polymerase family member 8,0.2935864269274881,0,0,0.0,0.0333322162022872,0.0,0.0,0.4812607685575731,0.0,0.0,0,0,-0.5597352454495312,0.0,0.0333322162022872,0,7.89,7
ENSG00000175329,Q2M1V0,ISX,intestine specific homeobox,0.2931887461232352,0,0,0.0,0.0,0.0,0.0,0.4822732246418284,0.0,0.0,0,0,0.6358521787093216,0.0,0.0,0,0.0,0
ENSG00000107897,Q5T8D3,ACBD5,acyl-CoA binding domain containing 5,0.2931147810693654,0,0,0.0,0.038688793768276,0.0,0.1428637374387309,0.4741486199000436,0.0,0.0,0,0,-0.3900717043574186,0.0,0.038688793768276,0,0.0,0
ENSG00000104140,Q96L33,RHOV,ras homolog family member V,0.2931123511293229,0,0,0.0,0.0,0.0,0.8412657770135311,0.0,0.0,0.4400842718270749,0,0,-0.692222835079978,0.0,0.0,0,0.0,0
ENSG00000164744,Q8TAQ9,SUN3,Sad1 and UNC84 domain containing 3,0.2930125387442742,0,0,0.0,0.0,0.0,0.0,0.4819833768834104,0.0,0.0,0,0,0.3810259238830666,0.0,0.0,0,0.0,0
ENSG00000197894,P11766,ADH5,"alcohol dehydrogenase 5 (class III), chi polypeptide",0.2929530762966028,2,2,0.0,0.0,0.0,0.2268383415241103,0.4705436485959534,0.0,0.0,1,0,0.3782680639823497,0.0,0.0,1,8.21,89
ENSG00000148341,Q9NR46,SH3GLB2,"SH3 domain containing GRB2 like, endophilin B2",0.29284064804838,0,0,0.0,0.0,0.0,0.0243172319044648,0.0,0.0,0.4804847681456349,0,0,-0.3079977937120794,0.0,0.0,0,0.0,0
ENSG00000106459,Q16656,NRF1,nuclear respiratory factor 1,0.2922145305169213,0,0,0.0,0.0,0.0,0.365990222814335,0.462371202803938,0.0,0.0,0,0,-0.963596249310535,0.0,0.0,0,0.0,0
ENSG00000185926,A6NHA9,OR4C46,olfactory receptor family 4 subfamily C member 46,0.2921508430269573,0,0,0.0,0.0,0.0,0.0,0.4805659528596526,0.0,0.0,0,0,0.9933811362382792,0.0,0.0,0,0.0,0
ENSG00000225997,P0C604,OR4A8,olfactory receptor family 4 subfamily A member 8 (gene/pseudogene),0.2921508430269573,0,0,0.0,0.0,0.0,0.0,0.4805659528596526,0.0,0.0,0,0,0.0,0.0,0.0,0,0.0,0
ENSG00000142910,Q9GZM7,TINAGL1,tubulointerstitial nephritis antigen like 1,0.2920083471000714,0,0,0.0,0.0,0.0,0.0334361938686391,0.478659748186651,0.0,0.0,0,0,-0.2969663541092112,0.0,0.0,0,0.0,0
ENSG00000165061,Q9H898,ZMAT4,zinc finger matrin-type 4,0.2918183398830383,0,0,0.0,0.0743827074546422,0.0,0.0,0.4762998750631689,0.0,0.0,0,0,-0.0579150579150579,0.0,0.0743827074546422,0,0.0,0
ENSG00000198700,Q96P70,IPO9,importin 9,0.2916629519119143,0,0,0.0,0.0,0.0,0.0,0.4797634090224926,0.0,0.0,0,0,-0.8790954219525648,0.0,0.0,0,8.43,4
ENSG00000164654,Q9NXC5,MIOS,meiosis regulator for oocyte development,0.2914567652672731,0,0,0.0,0.0,0.0,0.0607930797611621,0.4763845936603912,0.0,0.0,0,0,-0.531053502482074,0.0,0.0,0,0.0,0
ENSG00000213064,O95562,SFT2D2,SFT2 domain containing 2,0.2913134021737434,0,0,0.0,0.091315821721965,0.0,0.0,0.0,0.0,0.4746226351594991,0,0,0.3306122448979591,0.0,0.091315821721965,0,0.0,0
ENSG00000138162,O95359,TACC2,transforming acidic coiled-coil containing protein 2,0.2912939763478684,0,0,0.0,0.0,0.0,0.0121586159522324,0.4785485414394845,0.0,0.0,0,0,-0.4885824600110314,0.0,0.0,0,0.0,0
ENSG00000152380,Q6UXP7,FAM151B,family with sequence similarity 151 member B,0.2912878013281679,0,0,0.0,0.0,0.0,0.1889651562576122,0.4696980569856966,0.0,0.0,0,0,0.1920573634859348,0.0,0.0,0,0.0,0
ENSG00000085415,Q96EE3,SEH1L,SEH1 like nucleoporin,0.2911557081561496,0,0,0.0,0.0275822717818118,0.0,0.0,0.0,0.0,0.4775499179717608,0,0,-0.5325979040264754,0.0,0.0275822717818118,0,0.0,0
ENSG00000186716,P11274,BCR,BCR activator of RhoGEF and GTPase,0.2911221064015797,4,14,0.4627028848488449,0.0163350990385958,0.0,0.3161574435273367,0.0,0.0,0.0,1,0,-0.5575289575289575,0.0,0.0163350990385958,1,9.0,62
ENSG00000184160,P18825,ADRA2C,adrenoceptor alpha 2C,0.2908698139233905,4,52,0.475317448899286,0.0,0.0,0.0628261671502495,0.0,0.0,0.0,1,0,0.258246001103144,0.0,0.0,1,10.52,1494
ENSG00000147133,P21675,TAF1,TATA-box binding protein associated factor 1,0.2908241323928535,0,0,0.0,0.0,0.0,0.0752229927211379,0.0,0.0,0.4746224649717485,0,0,0.0,1.0,0.0,0,9.7,235
ENSG00000136883,A0A1W2PNV5,KIF12,kinesin family member 12,0.2907792773502926,0,0,0.0,0.0,0.0,0.0151982699402905,0.0,0.0,0.4775499179717608,0,0,0.2408163265306122,0.0,0.0,0,0.0,0
ENSG00000007341,Q8TDW4,ST7L,suppression of tumorigenicity 7 like,0.2907073259203268,0,0,0.0,0.0,0.0,0.0,0.4781914768299768,0.0,0.0,0,0,-0.0113623827909542,0.0,0.0,0,0.0,0
ENSG00000121749,Q8TC07,TBC1D15,TBC1 domain family member 15,0.2904196895484829,0,0,0.0,0.0,0.0,0.1563733107189892,0.4698996713034661,0.0,0.0,0,0,-0.5275234418091561,0.0,0.0,0,6.21,4
ENSG00000121310,Q86YB7,ECHDC2,enoyl-CoA hydratase domain containing 2,0.2903994116849886,0,0,0.0,0.0222008511166263,0.0,0.0,0.4765749387378971,0.0,0.0,0,0,0.119249862107005,0.0,0.0222008511166263,0,0.0,0
ENSG00000080511,Q9NYR8,RDH8,retinol dehydrogenase 8,0.2903175085293276,0,0,0.0,0.0,0.0,0.0,0.0,0.0,0.4775502568218267,0,0,0.1810259238830667,0.0,0.0,0,0.0,0
ENSG00000166902,Q9NX20,MRPL16,mitochondrial ribosomal protein L16,0.2903173025319367,0,0,0.0,0.0,0.0,0.0,0.0,0.0,0.4775499179717608,0,0,0.2393822393822393,0.0,0.0,0,0.0,0
ENSG00000105696,Q9UK28,TMEM59L,transmembrane protein 59 like,0.2899949188924132,0,0,0.0,0.0,0.0,0.0501542908029587,0.4745119068241863,0.0,0.0,0,0,0.3406508549365692,0.0,0.0,0,0.0,0
ENSG00000117862,O95881,TXNDC12,thioredoxin domain containing 12,0.28987826901307,0,0,0.0,0.0,0.0,0.0355470646936795,0.0,0.0,0.4750503879357179,0,0,0.9353557639271926,0.0,0.0,0,0.0,0
ENSG00000164304,Q8TC20,CAGE1,cancer antigen 1,0.2895609315949723,0,0,0.0,0.0,0.0,0.0,0.4763057452140457,0.0,0.0,0,0,-0.2986210700496414,0.0,0.0,0,0.0,0
ENSG00000168556,Q9H160,ING2,inhibitor of growth family member 2,0.2895571569372902,0,0,0.0,0.0,0.0,0.0364758478566972,0.4744757437959451,0.0,0.0,0,0,-0.7559845559845559,0.0,0.0,0,7.82,5
ENSG00000112294,P51649,ALDH5A1,aldehyde dehydrogenase 5 family member A1,0.2895218591804431,4,3,0.4713574552315104,0.042056078124325,0.0,0.0789887862730099,0.0,0.0,0.0,1,0,-0.1998896856039713,0.0,0.042056078124325,1,6.46,4
ENSG00000147481,Q9NSN8,SNTG1,syntrophin gamma 1,0.2892768768664131,0,0,0.0,0.0,0.0,0.0243172319044648,0.0,0.0,0.4746226351594991,0,0,-0.5212355212355213,0.0,0.0,0,0.0,0
ENSG00000168461,Q13636,RAB31,"RAB31, member RAS oncogene family",0.2892650014602839,0,0,0.0,0.0382821600053973,0.0,0.1235501137379417,0.0,0.0,0.4687907422596925,0,0,0.6937672366243794,0.0,0.0382821600053973,0,0.0,0
ENSG00000189139,Q5H9T9,FSCB,fibrous sheath CABYR binding protein,0.2892385859797283,0,0,0.0,0.0,0.0,0.0,0.4757755111536717,0.0,0.0,0,0,0.8575841147269718,0.0,0.0,0,0.0,0
ENSG00000124067,Q9UP95,SLC12A4,solute carrier family 12 member 4,0.2892178708902012,0,0,0.0,0.0,0.0,0.0379956748507263,0.0,0.0,0.4738416526618242,0,0,-0.2379481522338665,0.0,0.0,0,0.0,0
ENSG00000173868,Q8TCT1,PHOSPHO1,phosphoethanolamine/phosphocholine phosphatase 1,0.2887415570339621,0,0,0.0,0.0,0.0,0.0121586159522324,0.4743500054812241,0.0,0.0,0,0,0.5231108659680088,0.0,0.0,0,7.63,91
ENSG00000185344,Q9Y487,ATP6V0A2,ATPase H+ transporting V0 subunit a2,0.288501156843142,0,0,0.0,0.0,0.0,0.0212775779164067,0.4734986173234484,0.0,0.0,0,0,-0.5644787644787645,0.0,0.0,0,0.0,0
ENSG00000161813,Q71RC2,LARP4,La ribonucleoprotein 4,0.2881755116846988,0,0,0.0,0.0,0.0,0.0334361938686391,0.4723550249674447,0.0,0.0,0,0,-0.8253723110865968,0.0,0.0,0,0.0,0
ENSG00000110066,Q4FZB7,KMT5B,lysine methyltransferase 5B,0.2878543920974437,0,0,0.0,0.0,0.0,0.0,0.4734986173234484,0.0,0.0,0,0,-0.9624931053502482,1.0,0.0,0,7.6,6
ENSG00000104892,Q6P597,KLC3,kinesin light chain 3,0.2877771479284059,0,0,0.0,0.0,0.0,0.0547137717850459,0.4706358679415183,0.0,0.0,0,0,0.7506894649751792,0.0,0.0,0,0.0,0
ENSG00000218305,A4D256,CDC14C,cell division cycle 14C,0.2877022042360267,0,0,0.0,0.0,0.0,0.0,0.4732482798475138,0.0,0.0,0,0,0.6340871483728627,0.0,0.0,0,0.0,0
ENSG00000165702,Q5VTD9,GFI1B,growth factor independent 1B transcriptional repressor,0.2876997634874069,0,0,0.0,0.0,0.0,0.0121586159522324,0.0,0.0,0.4726363342037561,0,0,-0.3499172642029785,0.0,0.0,0,0.0,0
ENSG00000138795,Q9UJU2,LEF1,lymphoid enhancer binding factor 1,0.2873531730768677,0,0,0.0,0.0658055640041042,0.0,0.0614431245856831,0.4680184691249399,0.0,0.0,0,0,-0.7309431880860453,0.0,0.0658055640041042,0,6.82,3
ENSG00000168769,Q6N021,TET2,tet methylcytosine dioxygenase 2,0.2873467057160254,0,0,0.0,0.0548980597544487,0.0,0.3905947198383307,0.4519138189008682,0.0,0.0,0,0,0.9997793712079426,0.0,0.0548980597544487,0,6.91,90
ENSG00000130414,O95299,NDUFA10,NADH:ubiquinone oxidoreductase subunit A10,0.2872301200116593,4,3,0.0,0.0692222569298718,0.0,0.2855863653167577,0.1120188299988531,0.0,0.4372553877602064,1,0,0.2662989520132377,0.0,0.0692222569298718,1,7.95,2
ENSG00000156011,Q9NYI0,PSD3,pleckstrin and Sec7 domain containing 3,0.2871641541807416,0,0,0.0,0.0,0.0,0.0439061131608393,0.4701679227043373,0.0,0.0,0,0,-0.6063982349696635,0.0,0.0,0,0.0,0
ENSG00000102189,Q15075,EEA1,early endosome antigen 1,0.2868138597110723,0,0,0.0,0.0,0.0,0.504356581784061,0.4465691914695159,0.0,0.0,0,0,-0.4873690016547159,0.0,0.0,0,4.59,2
ENSG00000267508,Q96NJ3,ZNF285,zinc finger protein 285,0.2867862342202705,0,0,0.0,0.0150765569880944,0.0,0.0,0.4709877508746346,0.0,0.0,0,0,0.5949255377826805,0.0,0.0150765569880944,0,0.0,0
ENSG00000150672,Q15700,DLG2,discs large MAGUK scaffold protein 2,0.2866801696273941,0,0,0.0,0.0,0.0,0.3034351509348028,0.4563953529758309,0.0,0.0,0,0,-0.7470490899062328,0.0,0.0,0,0.0,0
ENSG00000163681,Q14BN4,SLMAP,sarcolemma associated protein,0.2866218215917548,0,0,0.0,0.0,0.0,0.0,0.4714711324344917,0.0,0.0,0,0,-0.6532818532818533,0.0,0.0,0,0.0,0
ENSG00000143891,Q96C23,GALM,galactose mutarotase,0.2864953355778644,0,0,0.0,0.0,0.0,0.0911896196417431,0.4667035915640303,0.0,0.0,0,0,0.6231660231660232,0.0,0.0,0,0.0,0
ENSG00000168310,P14316,IRF2,interferon regulatory factor 2,0.2863829628955643,0,0,0.0,0.0,0.0,0.4101488527023889,0.0,0.0,0.4505707853814206,0,0,-0.7051296194153337,0.0,0.0,0,0.0,0
ENSG00000139174,Q96MT3,PRICKLE1,prickle planar cell polarity protein 1,0.2863399694411094,0,0,0.0,0.0,0.0,0.0121586159522324,0.4703995762509764,0.0,0.0,0,0,-0.9027027027027028,0.0,0.0,0,0.0,0
ENSG00000179088,Q96LP6,C12ORF42,chromosome 12 open reading frame 42,0.2861747936706076,0,0,0.0,0.0,0.0,0.0,0.4707358054484213,0.0,0.0,0,0,0.0,0.0,0.0,0,0.0,0
ENSG00000113494,P16471,PRLR,prolactin receptor,0.2860958373742356,0,0,0.0,0.0,0.0,0.036306978190694,0.0,0.0,0.468790579426751,0,0,-0.7537782680639824,0.0,0.0,0,5.7,2
ENSG00000108599,O43572,AKAP10,A-kinase anchoring protein 10,0.2858995201454832,0,0,0.0,0.0666485735023278,0.0,0.0,0.4669505727268478,0.0,0.0,0,0,-0.8130170987313845,0.0,0.0666485735023278,0,0.0,0
ENSG00000131115,Q86WZ6,ZNF227,zinc finger protein 227,0.2858731645765167,0,0,0.0,0.0,0.0,0.0,0.189572554779897,0.0,0.4228465097973002,0,0,0.3291781577495862,0.0,0.0,0,0.0,0
ENSG00000274391,P56180,TPTE,transmembrane phosphatase with tensin homology,0.2857502046465254,0,0,0.0,0.0,0.0,0.0,0.3189209488779941,0.0,0.3903071515246691,0,0,0.5939327082184225,0.0,0.0,0,0.0,0
ENSG00000134363,P19883,FST,follistatin,0.2854952701103729,0,0,0.0,0.0,0.0,0.0165492272683163,0.0,0.0,0.468790579426751,0,0,-0.9169332597904026,0.0,0.0,0,0.0,0
ENSG00000101276,Q9NQ40,SLC52A3,solute carrier family 52 member 3,0.2854877589191996,0,0,0.0,0.0,0.0,0.0379956748507263,0.4677059017084986,0.0,0.0,0,0,0.0783232211803639,0.0,0.0,0,0.0,0
ENSG00000171812,P25067,COL8A2,collagen type VIII alpha 2 chain,0.2853123191955383,0,0,0.0,0.0,0.0,0.0364758478566972,0.4674933080344595,0.0,0.0,0,0,0.2982901268615554,0.0,0.0,0,0.0,0
ENSG00000130985,P22314,UBA1,ubiquitin like modifier activating enzyme 1,0.2852756576874469,0,0,0.0,0.0291598581380126,0.0,0.1123876679409031,0.0,0.0,0.4629894147857494,0,0,0.0,1.0,0.0291598581380126,0,7.26,37
ENSG00000111424,P11473,VDR,vitamin D receptor,0.285269821580167,4,17,0.4255515583281347,0.0,0.0,0.8739127349769926,0.0,0.0,0.0,1,0,-0.4177606177606178,0.0,0.0,1,11.0,847
ENSG00000188452,Q49MI3,CERKL,CERK like autophagy regulator,0.2849922308637188,0,0,0.0,0.0,0.0,0.0,0.0,0.0,0.468790579426751,0,0,0.6300055157198015,0.0,0.0,0,0.0,0
ENSG00000048405,Q2TB10,ZNF800,zinc finger protein 800,0.2847110075627911,0,0,0.0,0.0408206845921711,0.0,0.0,0.0,0.0,0.4662869542212741,0,0,-0.8399338113623828,0.0,0.0408206845921711,0,0.0,0
ENSG00000110203,P41439,FOLR3,folate receptor gamma,0.2846556259487722,0,0,0.0,0.0,0.0,0.3352137827617865,0.0,0.0,0.4514762007630298,0,0,-0.3573083287369002,0.0,0.0,0,0.0,0
ENSG00000203972,Q5SZD4,GLYATL3,glycine-N-acyltransferase like 3,0.2845054608801925,0,0,0.0,0.0,0.0,0.0,0.1116224317549208,0.0,0.4400842718270749,0,0,0.83011583011583,0.0,0.0,0,0.0,0
ENSG00000139631,Q9Y600,CSAD,cysteine sulfinic acid decarboxylase,0.2844740661112339,0,0,0.0,0.0,0.0,0.0410353288387844,0.0,0.0,0.465886471312831,0,0,0.0060672917815773,0.0,0.0,0,0.0,0
ENSG00000162490,Q8NBI3,DRAXIN,dorsal inhibitory axon guidance protein,0.2843207122695642,0,0,0.0,0.0,0.0,0.0227974049104357,0.4665461120843348,0.0,0.0,0,0,0.2051847766133481,0.0,0.0,0,0.0,0
ENSG00000030419,Q9UKS7,IKZF2,IKAROS family zinc finger 2,0.2843205588773774,0,0,0.0,0.0,0.0,0.0659436045742605,0.037560044884711,0.0,0.4568303053551955,0,0,-0.6881412024269167,1.0,0.0,0,8.22,49
ENSG00000136444,Q9HA92,RSAD1,radical S-adenosyl methionine domain containing 1,0.2840547461016903,0,0,0.0,0.0,0.0,0.2006171632118349,0.0,0.0,0.4572176300187482,0,0,0.1505791505791505,0.0,0.0,0,0.0,0
ENSG00000197111,Q15366,PCBP2,poly(rC) binding protein 2,0.2839883865718342,0,0,0.0,0.0,0.0,0.2559219788278921,0.0,0.0,0.454343232850217,0,0,-0.984445670159956,0.0,0.0,0,0.0,0
ENSG00000197165,P50226,SULT1A2,sulfotransferase family 1A member 2,0.2838199630635307,0,0,0.0,0.0,0.0,0.0,0.0385786315624939,0.0,0.4572176300187482,0,0,0.4375068946497518,0.0,0.0,0,0.0,0
ENSG00000131697,O75161,NPHP4,nephrocystin 4,0.2838102537452674,0,0,0.0,0.0,0.0,0.0182379239283486,0.46593442062167,0.0,0.0,0,0,0.367457253171539,0.0,0.0,0,0.0,0
ENSG00000170689,P17482,HOXB9,homeobox B9,0.2834701999956326,0,0,0.0,0.0,0.0,0.0,0.0,0.0,0.4662869542212741,0,0,-0.0109211252068395,0.0,0.0,0,0.0,0
ENSG00000036257,Q13618,CUL3,cullin 3,0.283355254560291,0,0,0.0,0.0699449361869686,0.0,0.1475565220673692,0.4571657196896661,0.0,0.0,0,0,-0.8326530612244898,0.0,0.0699449361869686,0,0.0,0
ENSG00000162368,P30085,CMPK1,cytidine/uridine monophosphate kinase 1,0.283232301924059,0,0,0.0,0.034333693818666,0.0,0.4442364802633771,0.0,0.0,0.4429208349709572,0,0,-0.1151682294539437,0.0,0.034333693818666,0,8.52,3
ENSG00000114739,Q13705,ACVR2B,activin A receptor type 2B,0.2832264283006788,4,2,0.0,0.0,0.0,0.0,0.0,0.0,0.4658859682934161,1,0,-0.7868725868725869,0.0,0.0,1,8.52,38
ENSG00000114805,Q4KWH8,PLCH1,phospholipase C eta 1,0.2831499929990735,0,0,0.0,0.0,0.0,0.030396539880581,0.4642404110322159,0.0,0.0,0,0,-0.4989520132377275,0.0,0.0,0,0.0,0
ENSG00000142949,P10586,PTPRF,protein tyrosine phosphatase receptor type F,0.2831232013458752,0,0,0.0,0.0,0.0,0.0545449021190426,0.0,0.0,0.4629889226851549,0,0,-0.8468836183121897,0.0,0.0,0,7.18,108
ENSG00000162599,Q12857,NFIA,nuclear factor I A,0.2827191402584282,0,0,0.0,0.0745582367768378,0.0,0.3824177395707056,0.4442737812991812,0.0,0.0,0,0,-0.9696635410921124,0.0,0.0745582367768378,0,0.0,0
ENSG00000197119,Q8N8R3,SLC25A29,solute carrier family 25 member 29,0.2825581193340463,0,0,0.0,0.0339379607243563,0.0,0.0,0.4630897527538605,0.0,0.0,0,0,0.90126861555433,0.0,0.0339379607243563,0,0.0,0
ENSG00000044115,P35221,CTNNA1,catenin alpha 1,0.2823632791743076,0,0,0.0,0.0,0.0,0.0287078432205487,0.4630307613610983,0.0,0.0,0,0,-0.6992829564258136,0.0,0.0,0,7.28,2
ENSG00000156925,O60481,ZIC3,Zic family zinc finger 3,0.2819179902639153,0,0,0.0,0.0,0.0,0.0121586159522324,0.0,0.0,0.463125756279087,0,0,0.0,0.0,0.0,0,0.0,0
ENSG00000178445,P23378,GLDC,glycine decarboxylase,0.2818772136784414,0,0,0.0,0.0,0.0,0.047452376146907,0.4612939938825414,0.0,0.0,0,0,0.2168781025923882,0.0,0.0,0,0.0,0
ENSG00000113569,O75694,NUP155,nucleoporin 155,0.2818417700070261,0,0,0.0,0.0,0.0,0.0,0.2715604085440233,0.0,0.3957182084057506,0,0,-0.71715388858246,0.0,0.0,0,6.71,5
ENSG00000109452,O15327,INPP4B,inositol polyphosphate-4-phosphatase type II B,0.2818348049080161,0,0,0.0,0.0,0.0,0.0121586159522324,0.0,0.0,0.4629889226851549,0,0,-0.519249862107005,0.0,0.0,0,0.0,0
ENSG00000259571,Q8IZY5,BLID,"BH3-like motif containing, cell death inducer",0.2817961096937554,0,0,0.0,0.0,0.0,0.0,0.4635332027935555,0.0,0.0,0,0,0.915830115830116,0.0,0.0,0,0.0,0
ENSG00000069956,Q16659,MAPK6,mitogen-activated protein kinase 6,0.2816579534616645,0,0,0.0,0.0209693664858769,0.0,0.1116650666446345,0.4572567070282569,0.0,0.0,0,0,-0.7254274682846111,0.0,0.0209693664858769,0,10.7,245
ENSG00000112242,O00716,E2F3,E2F transcription factor 3,0.2815484104092306,3,1,0.0,0.0,0.0,0.0,0.0,0.0,0.463125756279087,1,0,-0.8031991174848317,0.0,0.0,1,0.0,0
ENSG00000166272,Q9NX94,WBP1L,WW domain binding protein 1 like,0.2812015566108872,0,0,0.0,0.0,0.0,0.030396539880581,0.4610353811244679,0.0,0.0,0,0,-0.3152785438499724,0.0,0.0,0,0.0,0
ENSG00000110079,Q96JQ5,MS4A4A,membrane spanning 4-domains A4A,0.2809662449977248,0,0,0.0,0.0,0.0,0.7048088943897136,0.4269276936632997,0.0,0.0,0,0,0.5665747380033095,0.0,0.0,0,0.0,0
ENSG00000198561,O60716,CTNND1,catenin delta 1,0.2809446241777136,0,0,0.0,0.0,0.0,0.4961404385325044,0.4373255518489778,0.0,0.0,0,0,-0.9638168781025924,0.0,0.0,0,7.23,2
ENSG00000161082,Q8N6W0,CELF5,CUGBP Elav-like family member 5,0.280871037475717,0,0,0.0,0.0,0.0,0.0,0.4620115292384851,0.0,0.0,0,0,-0.9255377826806398,0.0,0.0,0,0.0,0
ENSG00000126214,Q07866,KLC1,kinesin light chain 1,0.2808692052387921,0,0,0.0,0.137968138975634,0.0,0.7705819978548261,0.4143238729351283,0.3343923352262721,0.0,0,0,-0.6820739106453393,0.0,0.137968138975634,0,0.0,0
ENSG00000111206,Q08050,FOXM1,forkhead box M1,0.2806415639469622,0,0,0.0,0.0,0.0,0.2212655465379925,0.0,0.0,0.4505707853814206,0,0,-0.6377275234418092,0.0,0.0,0,7.96,27
ENSG00000163466,O15144,ARPC2,actin related protein 2/3 complex subunit 2,0.2806328595117948,0,0,0.0,0.0,0.0,0.030396539880581,0.0,0.0,0.4600999175793955,0,0,-0.8725868725868726,0.0,0.0,0,7.32,2
ENSG00000067704,Q9NSE4,IARS2,"isoleucyl-tRNA synthetase 2, mitochondrial",0.2806011718228092,0,0,0.0,0.0384907529567642,0.0,0.0182379239283486,0.0360323834133913,0.0,0.4514762007630298,0,0,-0.4597904026475455,0.0,0.0384907529567642,0,7.96,3
ENSG00000185278,Q5TC79,ZBTB37,zinc finger and BTB domain containing 37,0.280556031918761,0,0,0.0,0.0,0.0,0.030396539880581,0.0,0.0,0.4599735420226125,0,0,-0.5905129619415334,0.0,0.0,0,0.0,0
ENSG00000129355,P55273,CDKN2D,cyclin dependent kinase inhibitor 2D,0.28049828835642,0,0,0.0,0.0,0.0,0.0836182447768969,0.0,0.0,0.4572174730023934,0,0,0.6276889134031991,0.0,0.0,0,0.0,0
ENSG00000118596,O60669,SLC16A7,solute carrier family 16 member 7,0.2804592958625891,0,0,0.0,0.0,0.0,0.1398236339471715,0.0,0.0,0.454343063852349,0,0,0.4302261445118587,0.0,0.0,0,7.7,2
ENSG00000142208,P31749,AKT1,AKT serine/threonine kinase 1,0.2799402645639449,3,14,0.0,0.0,0.0,0.9117707988080858,0.0,0.0,0.4148919385346899,1,0,-0.7152785438499725,1.0,0.0,1,10.7,6359
ENSG00000282608,P0DMS8,ADORA3,adenosine A3 receptor,0.279909425546324,4,8,0.4475046149085543,0.0092262659653117,0.0,0.254402151833863,0.0,0.0,0.0,1,0,0.3943739658025371,0.0,0.0092262659653117,1,11.0,7590
ENSG00000204304,P40425,PBX2,PBX homeobox 2,0.2796320822820493,0,0,0.0,0.0,0.0,0.0,0.0,0.0,0.4599735420226125,0,0,-0.7955874241588528,0.0,0.0,0,0.0,0
ENSG00000100106,Q9H2D6,TRIOBP,TRIO and F-actin binding protein,0.2790902136682338,0,0,0.0,0.0812699556884137,0.0,0.030396539880581,0.0,0.0,0.454343232850217,0,0,-0.1799227799227799,0.0,0.0812699556884137,0,0.0,0
ENSG00000198300,Q9GZU2,PEG3,paternally expressed 3,0.2790789731809067,0,0,0.0,0.0,0.0,0.2556686743288873,0.4462802858340782,0.0,0.0,0,0,-0.1745173745173744,0.0,0.0,0,0.0,0
ENSG00000138101,O60941,DTNB,dystrobrevin beta,0.2790312599640904,0,0,0.0,0.0626492436196993,0.0,0.1699267901124082,0.4490966900124807,0.0,0.0,0,0,-0.0560397131825702,0.0,0.0626492436196993,0,0.0,0
ENSG00000165280,P55072,VCP,valosin containing protein,0.2789187420447917,0,0,0.0,0.0,0.0,0.4217995443618667,0.4377101742803672,0.0,0.0,0,0,-0.9857694429123,1.0,0.0,0,9.46,723
ENSG00000165238,Q9Y3S1,WNK2,WNK lysine deficient protein kinase 2,0.2788787374852374,0,0,0.0,0.0,0.0,0.3078740462580516,0.4433406447227614,0.0,0.0,0,0,-0.6793160507446221,0.0,0.0,0,6.03,7
ENSG00000049245,Q15836,VAMP3,vesicle associated membrane protein 3,0.2788344306542689,0,0,0.0,0.0,0.0,0.028876712886552,0.0,0.0,0.4572176300187482,0,0,0.0099282956425814,0.0,0.0,0,0.0,0
ENSG00000119787,Q8NHH9,ATL2,atlastin GTPase 2,0.2785637495019181,0,0,0.0,0.0,0.0,0.5319394479101685,0.0,0.0,0.43161924332561,0,0,-0.5089906232763375,0.0,0.0,0,0.0,0
ENSG00000072571,O75330,HMMR,hyaluronan mediated motility receptor,0.2785110482814197,0,0,0.0,0.0,0.0,0.0182379239283486,0.0,0.0,0.4572176300187482,0,0,0.2268063982349697,0.0,0.0,0,7.68,12
ENSG00000125337,Q9UIL4,KIF25,kinesin family member 25,0.2780571432094984,0,0,0.0,0.0,0.0,0.0607930797611621,0.0,0.0,0.454343232850217,0,0,0.027688913403199,0.0,0.0,0,0.0,0
ENSG00000185420,Q9H7B4,SMYD3,SET and MYND domain containing 3,0.2780243724019255,0,0,0.0,0.0528603950796507,0.0,0.3445059395232054,0.438929008925832,0.0,0.0,0,0,-0.1233314947600662,1.0,0.0528603950796507,0,9.4,1440
ENSG00000255526,E9PL57,NEDD8-MDP1,NEDD8-MDP1 readthrough,0.2779565830443148,0,0,0.0,0.0,0.0,0.0,0.0,0.0,0.4572174730023934,0,0,-0.4456701599558742,0.0,0.0,0,0.0,0
ENSG00000066827,Q9P243,ZFAT,zinc finger and AT-hook domain containing,0.2778784418472816,0,0,0.0,0.0,0.0,0.0,0.4570889366667773,0.0,0.0,0,0,-0.4665195808052951,0.0,0.0,0,0.0,0
ENSG00000096968,O60674,JAK2,Janus kinase 2,0.27786025335178,4,28,0.0,0.0,0.0,0.2827540788220248,0.0,0.0,0.4429213140316846,1,0,-0.2090457804743518,1.0,0.0,1,10.97,18004
ENSG00000115694,O00506,STK25,serine/threonine kinase 25,0.2777209799952056,0,0,0.0,0.0,0.0,0.0607930797611621,0.0711200937732925,0.0,0.4376989431053301,0,0,-0.4305570876999448,0.0,0.0,0,8.72,48
ENSG00000168539,P11229,CHRM1,cholinergic receptor muscarinic 1,0.2773789978341416,4,42,0.1772118275037875,0.1649267788822375,0.0,0.7602097437600994,0.0,0.0,0.3930092977161846,1,0,-0.8674020959735246,1.0,0.1649267788822375,1,10.89,4078
ENSG00000127603,Q9UPN3,MACF1,microtubule actin crosslinking factor 1,0.2773737964516082,0,0,0.0,0.0309652393674632,0.0,0.1921230190118725,0.445964565929203,0.0,0.0,0,0,-0.932046332046332,0.0,0.0309652393674632,0,7.63,4
ENSG00000115423,Q9C0G6,DNAH6,dynein axonemal heavy chain 6,0.2771331935727866,0,0,0.0,0.0,0.0,0.030396539880581,0.0,0.0,0.454343232850217,0,0,-0.3672366243794815,0.0,0.0,0,0.0,0
ENSG00000151067,Q13936,CACNA1C,calcium voltage-gated channel subunit alpha1 C,0.2770210136084005,4,35,0.4255515583281347,0.0,0.0,0.6025394798573731,0.0,0.0,0.0,1,0,-0.9643684500827358,0.0,0.0,1,9.6,289
ENSG00000067141,Q92859,NEO1,neogenin 1,0.2769843990851256,0,0,0.0,0.0,0.0,0.0934271427162859,0.4509469470746563,0.0,0.0,0,0,-0.6947600661886376,0.0,0.0,0,0.0,0
ENSG00000106852,Q9UPM6,LHX6,LIM homeobox 6,0.2769245435267956,0,0,0.0,0.0,0.0,0.0364758478566972,0.0,0.0,0.4536960539692011,0,0,-0.5770546056260342,0.0,0.0,0,0.0,0
ENSG00000023572,Q9NS18,GLRX2,glutaredoxin 2,0.2768559059427644,0,0,0.0,0.0,0.0,0.0212775779164067,0.0,0.0,0.454343063852349,0,0,0.8092664092664092,0.0,0.0,0,0.0,0
ENSG00000108018,Q8WY21,SORCS1,sortilin related VPS10 domain containing receptor 1,0.2767997093402167,0,0,0.0,0.0,0.0,0.3520865864758684,0.4377101742803672,0.0,0.0,0,0,-0.6811913954771098,0.0,0.0,0,0.0,0
ENSG00000064651,P55011,SLC12A2,solute carrier family 12 member 2,0.2766678606636164,0,0,0.0,0.0,0.0,0.2563988810070222,0.0598664981865548,0.0,0.4344332450849263,0,0,-0.4090457804743519,0.0,0.0,0,6.62,4
ENSG00000116679,Q9Y6Y0,IVNS1ABP,influenza virus NS1A binding protein,0.2765648177635446,0,0,0.0,0.0,0.0,0.3487641744610422,0.4374899160735289,0.0,0.0,0,0,-0.7374517374517375,0.0,0.0,0,0.0,0
ENSG00000177706,Q8IXL6,FAM20C,FAM20C golgi associated secretory pathway kinase,0.2765624535039465,0,0,0.0,0.0,0.0,0.0121586159522324,0.4543163049714562,0.0,0.0,0,0,0.4237175951461664,0.0,0.0,0,5.21,1
ENSG00000198176,Q14186,TFDP1,transcription factor Dp-1,0.2763222755124557,0,0,0.0,0.0,0.0,0.3273964574153095,0.0,0.0,0.4381593383397598,0,0,-0.92719249862107,0.0,0.0,0,0.0,0
ENSG00000176986,P53992,SEC24C,"SEC24 homolog C, COPII component",0.2763142866378405,0,0,0.0,0.0,0.0,0.0607930797611621,0.0,0.0,0.4514763661303452,0,0,-0.9064533921676778,0.0,0.0,0,7.94,4
ENSG00000197635,P27487,DPP4,dipeptidyl peptidase 4,0.276258698871117,4,22,0.0,0.0,0.0,0.8393940068649753,0.4124548821198459,0.0,0.0,1,0,-0.11715388858246,1.0,0.0,1,10.52,5321
ENSG00000163485,P30542,ADORA1,adenosine A1 receptor,0.2760353228639402,4,17,0.4475046149085543,0.0,0.0,0.1310506196873519,0.0,0.0,0.0,1,0,-0.5710976282404854,1.0,0.0,1,10.53,6604
ENSG00000279782,P0DN26,PPIAL4F,peptidylprolyl isomerase A like 4F,0.2758955746385782,0,0,0.0,0.0,0.0,0.0,0.4538272706737177,0.0,0.0,0,0,0.0,0.0,0.0,0,0.0,0
ENSG00000177873,Q8N2I2,ZNF619,zinc finger protein 619,0.2758158039627415,0,0,0.0,0.0,0.0,0.0,0.0,0.0,0.4536960539692011,0,0,0.3812465526751241,0.0,0.0,0,0.0,0
ENSG00000144891,P30556,AGTR1,angiotensin II receptor type 1,0.2757434956885778,4,20,0.1367844294626147,0.0,0.0,0.326279650755427,0.0,0.0,0.4121303460774634,1,0,0.2520683949255378,0.0,0.0,1,10.9,1396
ENSG00000169919,P08236,GUSB,glucuronidase beta,0.2756296204203828,0,0,0.0,0.0,0.0,0.097652815085463,0.4485071554252418,0.0,0.0,0,0,-0.1692222835079978,0.0,0.0,0,9.01,416
ENSG00000102763,A3KMH1,VWA8,von Willebrand factor A domain containing 8,0.2756146506121631,0,0,0.0,0.0267494631392824,0.0,0.0364758478566972,0.4509469470746563,0.0,0.0,0,0,0.0419194704908991,0.0,0.0267494631392824,0,0.0,0
ENSG00000266173,Q7RTN6,STRADA,STE20 related adaptor alpha,0.2753905289259841,0,0,0.0,0.0,0.0,0.030396539880581,0.0,0.0,0.4514766818321589,0,0,-0.5055708769994485,0.0,0.0,0,7.7,10
ENSG00000169629,O14715,RGPD8,RANBP2 like and GRIP domain containing 8,0.2753903370011287,0,0,0.0,0.0,0.0,0.030396539880581,0.0,0.0,0.4514763661303452,0,0,-0.7758411472697186,0.0,0.0,0,0.0,0
ENSG00000173281,Q86XI6,PPP1R3B,protein phosphatase 1 regulatory subunit 3B,0.2750333025482809,0,0,0.0,0.0,0.0,0.1897612717843141,0.0,0.0,0.4429208349709572,0,0,-0.1038058466629895,0.0,0.0,0,0.0,0
ENSG00000072135,Q99952,PTPN18,protein tyrosine phosphatase non-receptor type 18,0.2748358666872178,0,0,0.0,0.0,0.0,0.0121586159522324,0.0,0.0,0.4514762007630298,0,0,0.4006618863761721,0.0,0.0,0,4.58,2
ENSG00000173041,Q8NEM1,ZNF680,zinc finger protein 680,0.2748195407853698,0,0,0.0,0.0,0.0,0.030396539880581,0.4505374496977489,0.0,0.0,0,0,0.0313292884721456,0.0,0.0,0,0.0,0
ENSG00000082068,Q9NW82,WDR70,WD repeat domain 70,0.2746936357886808,0,0,0.0,0.0704545186691862,0.0,0.0,0.448327446599122,0.0,0.0,0,0,-0.3953667953667954,0.0,0.0704545186691862,0,0.0,0
ENSG00000165389,Q969W0,SPTSSA,serine palmitoyltransferase small subunit A,0.2745478304609046,0,0,0.0,0.0,0.0,0.0364758478566972,0.4497865414470054,0.0,0.0,0,0,0.9815774958632102,0.0,0.0,0,0.0,0
ENSG00000129354,Q9Y6Q5,AP1M2,adaptor related protein complex 1 subunit mu 2,0.274466387364417,0,0,0.0,0.0,0.0,0.0,0.0,0.0,0.4514763661303452,0,0,0.1888582460011032,0.0,0.0,0,0.0,0
ENSG00000160447,Q6P5Z2,PKN3,protein kinase N3,0.2744662868325331,0,0,0.0,0.0,0.0,0.0,0.0,0.0,0.4514762007630298,0,0,0.031549917264203,1.0,0.0,0,8.11,13
ENSG00000173846,Q9H4B4,PLK3,polo like kinase 3,0.2744662868325331,0,0,0.0,0.0,0.0,0.0,0.0,0.0,0.4514762007630298,0,0,-0.339658025372311,1.0,0.0,0,8.79,440
ENSG00000119121,Q9BX84,TRPM6,transient receptor potential cation channel subfamily M member 6,0.2743999614756092,0,0,0.0,0.0,0.0,0.0607930797611621,0.448327446599122,0.0,0.0,0,0,-0.6963044677330392,0.0,0.0,0,8.1,2
ENSG00000063761,Q86TW2,ADCK1,aarF domain containing kinase 1,0.2740552358572341,0,0,0.0,0.0,0.0,0.1223652020083754,0.4446817930206198,0.0,0.0,0,0,-0.0897959183673469,0.0,0.0,0,7.64,24
ENSG00000059377,P24557,TBXAS1,thromboxane A synthase 1,0.2740252369219088,4,3,0.0,0.0,0.0,0.3761638472381823,0.4319425147884315,0.0,0.0,1,0,-0.0360728075013789,0.0,0.0,1,9.05,964
ENSG00000099875,Q9HBH9,MKNK2,MAPK interacting serine/threonine kinase 2,0.2739974407223386,2,1,0.0,0.0852786228188908,0.0,0.030396539880581,0.0,0.0,0.4457655747077419,1,0,0.6587975730832873,1.0,0.0852786228188908,1,9.89,2179
ENSG00000151657,O60870,KIN,Kin17 DNA and RNA binding protein,0.2739158569374216,0,0,0.0,0.0,0.0,0.0,0.0,0.0,0.4505707853814206,0,0,-0.3145063430777717,0.0,0.0,0,0.0,0
ENSG00000112964,P10912,GHR,growth hormone receptor,0.2739105155809251,4,5,0.0,0.0,0.0,0.0820926107341492,0.4464573687188624,0.0,0.0,1,0,-0.5031439602868174,0.0,0.0,1,0.0,0
ENSG00000031691,Q7L2Z9,CENPQ,centromere protein Q,0.273890766868624,0,0,0.0,0.0,0.0,0.0,0.4505295141234154,0.0,0.0,0,0,0.1329288472145615,0.0,0.0,0,0.0,0
ENSG00000119888,P16422,EPCAM,epithelial cell adhesion molecule,0.2738355065836185,4,8,0.0,0.0,0.0,0.198869434243937,0.4404951434384694,0.0,0.0,1,0,0.5514616657473801,0.0,0.0,1,9.33,2
ENSG00000164123,Q96LM5,SPMIP2,sperm microtubule inner protein 2,0.273816002423581,0,0,0.0,0.0,0.0,0.030396539880581,0.4488867052943869,0.0,0.0,0,0,0.8441257584114727,0.0,0.0,0,0.0,0
ENSG00000075618,Q16658,FSCN1,fascin actin-bundling protein 1,0.2737840111271729,0,0,0.0,0.0,0.0,0.037826805184723,0.4484625687757867,0.0,0.0,0,0,-0.6767788196359625,0.0,0.0,0,7.73,105
ENSG00000198010,Q9P1A6,DLGAP2,DLG associated protein 2,0.2737557477081063,0,0,0.0,0.0,0.0,0.8093385401416592,0.4098404908497044,0.0,0.0,0,0,-0.7670159955874242,0.0,0.0,0,0.0,0
ENSG00000150594,P08913,ADRA2A,adrenoceptor alpha 2A,0.2737421289681218,4,51,0.4460270053310262,0.0,0.0,0.0851602146519989,0.0,0.0,0.0,1,0,0.8382790954219526,0.0,0.0,1,10.55,1969
ENSG00000155511,P42261,GRIA1,glutamate ionotropic receptor AMPA type subunit 1,0.2737040538022814,4,11,0.1519826994029052,0.0471266571892693,0.0,0.711356802318693,0.3914157948452523,0.3700778730460743,0.0,1,0,-0.7425261996690569,0.0,0.0471266571892693,1,10.3,413
ENSG00000113575,P67775,PPP2CA,protein phosphatase 2 catalytic subunit alpha,0.2736966021649795,2,1,0.0,0.0477240148933431,0.0,0.4627251315400041,0.0,0.0,0.4260133376881517,1,0,-0.8749034749034749,0.0,0.0477240148933431,1,9.6,15
ENSG00000101236,Q9Y225,RNF24,ring finger protein 24,0.2735998341452914,0,0,0.0,0.0,0.0,0.0,0.4500509518849572,0.0,0.0,0,0,0.4180915609487037,0.0,0.0,0,0.0,0
ENSG00000100478,Q9Y587,AP4S1,adaptor related protein complex 4 subunit sigma 1,0.2733766176062514,0,0,0.0,0.0783703930380866,0.0,0.0,0.0,0.0,0.4457652579758564,0,0,0.7801434087148373,0.0,0.0783703930380866,0,0.0,0
ENSG00000100350,Q8IWF2,FOXRED2,FAD dependent oxidoreductase domain containing 2,0.2732824846982775,0,0,0.0,0.0,0.0,0.0182379239283486,0.0,0.0,0.44861703994553,0,0,-0.2894649751792608,0.0,0.0,0,0.0,0
ENSG00000121741,Q9UBW7,ZMYM2,zinc finger MYM-type containing 2,0.2731358517215236,0,0,0.0,0.0,0.0,0.0334361938686391,0.4476159263360521,0.0,0.0,0,0,-0.7062327633756205,0.0,0.0,0,0.0,0
ENSG00000156110,P55263,ADK,adenosine kinase,0.2730989790052806,0,0,0.0,0.0,0.0,0.0717863916283808,0.3927479522098618,0.0,0.2195355114158591,0,0,-0.1320463320463321,0.0,0.0,0,10.22,621
ENSG00000164405,O14949,UQCRQ,ubiquinol-cytochrome c reductase complex III subunit VII,0.2728456174113142,0,0,0.0,0.0421691887666428,0.0,0.0421329816678054,0.0,0.0,0.4457655747077419,0,0,0.8087148372862658,0.0,0.0421691887666428,0,0.0,0
ENSG00000183571,A6NFU8,PGPEP1L,pyroglutamyl-peptidase I like,0.2724890869758254,0,0,0.0,0.0,0.0,0.0121586159522324,0.4476159263360521,0.0,0.0,0,0,0.8645339216767789,0.0,0.0,0,0.0,0
ENSG00000217236,P0CG40,SP9,Sp9 transcription factor,0.2721195071211407,0,0,0.0,0.0,0.0,0.0,0.4476159263360521,0.0,0.0,0,0,-0.3950358521787093,0.0,0.0,0,0.0,0
ENSG00000184302,O95475,SIX6,SIX homeobox 6,0.2720213505445408,0,0,0.0,0.0,0.0,0.0,0.0,0.0,0.4474544662208786,0,0,-0.080750137892995,0.0,0.0,0,0.0,0
ENSG00000132359,Q684P5,RAP1GAP2,RAP1 GTPase activating protein 2,0.2717585232082723,0,0,0.0,0.0,0.0,0.0,0.4470221352100117,0.0,0.0,0,0,-0.7592939878654165,0.0,0.0,0,0.0,0
ENSG00000138735,O76074,PDE5A,phosphodiesterase 5A,0.2717489621224088,4,13,0.4255515583281347,0.0,0.0,0.4290969924326859,0.0,0.0,0.0,1,0,-0.4304467733039161,0.0,0.0,1,11.0,2550
ENSG00000075884,Q53QZ3,ARHGAP15,Rho GTPase activating protein 15,0.2717332557686832,0,0,0.0,0.0,0.0,0.0697431720593332,0.4434934135875559,0.0,0.0,0,0,0.2894649751792608,0.0,0.0,0,0.0,0
ENSG00000269699,Q9NZV7,ZIM2,zinc finger imprinted 2,0.2713075301254534,0,0,0.0,0.0,0.0,0.0,0.4462802858340782,0.0,0.0,0,0,-0.6680639823496967,0.0,0.0,0,0.0,0
ENSG00000112210,Q9ULC3,RAB23,"RAB23, member RAS oncogene family",0.2711580435304253,0,0,0.0,0.0,0.0,0.0,0.4460343917362378,0.0,0.0,0,0,-0.2247104247104246,0.0,0.0,0,0.0,0
ENSG00000290292,Q8IX15,HOMEZ,homeobox and leucine zipper encoding,0.2710762784021515,0,0,0.0,0.0,0.0,0.0,0.0,0.0,0.4458998943089073,0,0,0.0,0.0,0.0,0,0.0,0
ENSG00000171132,Q02156,PRKCE,protein kinase C epsilon,0.2706762489801176,4,5,0.0,0.0409374563614573,0.0,0.7112218577007247,0.0475069091037119,0.0,0.4038905197396138,1,0,-0.9030336458907888,0.0,0.0409374563614573,1,9.85,581
ENSG00000138696,O00238,BMPR1B,bone morphogenetic protein receptor type 1B,0.2706632268246642,4,2,0.0,0.1027269897332934,0.0,0.0,0.0,0.0,0.4400841063415635,1,0,-0.8612244897959184,0.0,0.1027269897332934,1,9.52,451
ENSG00000113108,O95704,APBB3,amyloid beta precursor protein binding family B member 3,0.2705115903966384,0,0,0.0,0.0,0.0,0.1272787409148406,0.0308368741202851,0.0,0.4344333904235044,0,0,0.0084942084942085,0.0,0.0,0,0.0,0
ENSG00000130720,Q8N539,FIBCD1,fibrinogen C domain containing 1,0.2704793620529394,0,0,0.0,0.0,0.0,0.0,0.4449180122401631,0.0,0.0,0,0,0.7049089906232764,0.0,0.0,0,0.0,0
ENSG00000164588,O60741,HCN1,hyperpolarization activated cyclic nucleotide gated potassium channel 1,0.2703283692343709,0,0,0.0,0.0103393638673084,0.0,0.3543772258795927,0.4267210155834957,0.0,0.0,0,0,-0.863430777716492,1.0,0.0103393638673084,0,7.8,29
ENSG00000185008,Q9HCK4,ROBO2,roundabout guidance receptor 2,0.2702526984126968,0,0,0.0,0.0,0.0,0.065183691077246,0.441285983209375,0.0,0.0,0,0,-0.7808052950910094,0.0,0.0,0,0.0,0
ENSG00000126091,Q11203,ST3GAL3,"ST3 beta-galactoside alpha-2,3-sialyltransferase 3",0.2701728013057374,0,0,0.0,0.0,0.0,0.0455948098208715,0.4421340025980808,0.0,0.0,0,0,-0.6047435190292333,0.0,0.0,0,6.06,4
ENSG00000165156,Q9UKY1,ZHX1,zinc fingers and homeoboxes 1,0.2701323085259693,0,0,0.0,0.0,0.0,0.0,0.0,0.0,0.4443471355411483,0,0,-0.7430777716492003,0.0,0.0,0,0.0,0
ENSG00000129173,A0AVK6,E2F8,E2F transcription factor 8,0.2699824065783145,3,1,0.0,0.0,0.0,0.0151982699402905,0.4433406447227614,0.0,0.0,1,0,-0.6448979591836734,0.0,0.0,1,0.0,0
ENSG00000159111,Q7Z7H8,MRPL10,mitochondrial ribosomal protein L10,0.2696607334990628,0,0,0.0,0.0,0.0,0.0697431720593332,0.0,0.0,0.4400842718270749,0,0,0.2521787093215664,0.0,0.0,0,0.0,0
ENSG00000143954,Q6UW15,REG3G,regenerating family member 3 gamma,0.2695204317599587,0,0,0.0,0.0,0.0,0.0,0.4433406447227614,0.0,0.0,0,0,0.6158852730281301,0.0,0.0,0,0.0,0
ENSG00000095319,Q5SRE5,NUP188,nucleoporin 188,0.2693886816615866,0,0,0.0,0.0,0.0,0.0607930797611621,0.0,0.0,0.4400842718270749,0,0,-0.6446773303916161,0.0,0.0,0,6.66,2
ENSG00000133606,Q9UHC7,MKRN1,makorin ring finger protein 1,0.2693837943257066,0,0,0.0,0.0524148616050296,0.0,0.0,0.4404951434384694,0.0,0.0,0,0,-0.8810810810810811,0.0,0.0524148616050296,0,0.0,0
ENSG00000092148,Q9ULT8,HECTD1,HECT domain E3 ubiquitin protein ligase 1,0.2693807047495256,0,0,0.0,0.0,0.0,0.030396539880581,0.4415909774064752,0.0,0.0,0,0,-0.912630998345284,0.0,0.0,0,0.0,0
ENSG00000066032,P26232,CTNNA2,catenin alpha 2,0.2690774056324109,0,0,0.0,0.0189139230843469,0.0,0.1337193416350647,0.4355056238996658,0.0,0.0,0,0,-0.7000551571980144,0.0,0.0189139230843469,0,0.0,0
ENSG00000089169,Q9Y2J0,RPH3A,rabphilin 3A,0.2688629128403455,0,0,0.0,0.0931456723499769,0.0,0.4500514492376405,0.4176865997355673,0.0,0.0,0,0,-0.5194704908990624,0.0,0.0931456723499769,0,0.0,0
ENSG00000160145,O60229,KALRN,kalirin RhoGEF kinase,0.2685824893728415,0,0,0.0,0.0,0.0,0.1548413569647833,0.4340557328685893,0.0,0.0,0,0,-0.936569222283508,0.0,0.0,0,0.0,0
ENSG00000144331,Q569K4,ZNF385B,zinc finger protein 385B,0.2685135312791432,0,0,0.0,0.0089098443836287,0.0,0.0121586159522324,0.4408784425494265,0.0,0.0,0,0,-0.3661334804191947,0.0,0.0089098443836287,0,0.0,0
ENSG00000164318,Q63HQ2,EGFLAM,"EGF like, fibronectin type III and laminin G domains",0.2684899082701255,0,0,0.0,0.0,0.0,0.0,0.4416455118328309,0.0,0.0,0,0,-0.2381687810259238,0.0,0.0,0,0.0,0
ENSG00000137288,Q9BRT2,UQCC2,ubiquinol-cytochrome c reductase complex assembly factor 2,0.2684647320248748,0,0,0.0,0.0,0.0,0.030396539880581,0.0,0.0,0.4400842718270749,0,0,0.6031991174848317,0.0,0.0,0,0.0,0
ENSG00000148090,Q13825,AUH,AU RNA binding methylglutaconyl-CoA hydratase,0.2683863792619711,0,0,0.0,0.0278188529724151,0.0,0.0,0.0,0.0,0.4400842718270749,0,0,0.0443463872035301,0.0,0.0278188529724151,0,0.0,0
ENSG00000156381,Q96BM1,ANKRD9,ankyrin repeat domain 9,0.2683710206747404,0,0,0.0,0.0621605879755043,0.0,0.0,0.438341921367151,0.0,0.0,0,0,0.9921676778819636,0.0,0.0621605879755043,0,0.0,0
ENSG00000167964,Q9ULW5,RAB26,"RAB26, member RAS oncogene family",0.2682799420975325,0,0,0.0,0.0,0.0,0.0243172319044648,0.0,0.0,0.4400842718270749,0,0,0.7436293436293435,0.0,0.0,0,0.0,0
ENSG00000106246,O75127,PTCD1,pentatricopeptide repeat domain 1,0.2681659118714961,0,0,0.0,0.0503346212390377,0.0,0.1112124959397459,0.0,0.0,0.4344333904235044,0,0,0.2360728075013789,0.0,0.0503346212390377,0,0.0,0
ENSG00000002549,P28838,LAP3,leucine aminopeptidase 3,0.2678889376005732,2,1,0.0,0.0444490164823962,0.0,0.1597604085047649,0.4316811843679151,0.0,0.0,1,0,0.0077220077220077,0.0,0.0444490164823962,1,9.3,73
ENSG00000145934,Q9NT68,TENM2,teneurin transmembrane protein 2,0.2678196424761044,0,0,0.0,0.0274671784074037,0.0,0.0717696080513719,0.4363441133520716,0.0,0.0,0,0,-0.9184776613348042,0.0,0.0274671784074037,0,0.0,0
ENSG00000130164,P01130,LDLR,low density lipoprotein receptor,0.267774740136777,0,0,0.0,0.0,0.0,0.5810400709694613,0.4114171110099342,0.0,0.0,0,0,0.2180915609487037,0.0,0.0,0,6.22,17
ENSG00000145715,P20936,RASA1,RAS p21 protein activator 1,0.2676224646278172,0,0,0.0,0.0,0.0,0.2128877249841123,0.4295742466597145,0.0,0.0,0,0,-0.8858246001103144,0.0,0.0,0,0.0,0
ENSG00000197323,Q9UPN9,TRIM33,tripartite motif containing 33,0.2676224312264255,0,0,0.0,0.0,0.0,0.059273252767133,0.0,0.0,0.4372549153278103,0,0,-0.936900165471594,0.0,0.0,0,8.5,96
ENSG00000211455,Q9Y2H1,STK38L,serine/threonine kinase 38 like,0.2675406817844241,0,0,0.0,0.0,0.0,0.0,0.0,0.0,0.4400841063415635,0,0,-0.4607832322118036,0.0,0.0,0,9.08,24
ENSG00000082684,Q9P283,SEMA5B,semaphorin 5B,0.2673535935423892,0,0,0.0,0.0,0.0,0.1206573763593064,0.4337434915716411,0.0,0.0,0,0,-0.5124103695532267,0.0,0.0,0,0.0,0
ENSG00000204842,Q99700,ATXN2,ataxin 2,0.2670614004291836,0,0,0.0,0.0,0.0,0.2279180835194208,0.0994179713737603,0.0,0.4093763857616411,0,0,-0.8718146718146718,0.0,0.0,0,9.0,183
ENSG00000151292,Q9Y6M4,CSNK1G3,casein kinase 1 gamma 3,0.266997462374912,0,0,0.0,0.0,0.0,0.0731847358524789,0.4355313148686268,0.0,0.0,0,0,-0.5496966354109212,0.0,0.0,0,8.1,202
ENSG00000149346,Q5VYV7,SLX4IP,SLX4 interacting protein,0.2666811557161674,0,0,0.0,0.0,0.0,0.0,0.4386702512257616,0.0,0.0,0,0,0.2816326530612245,0.0,0.0,0,0.0,0
ENSG00000151726,P33121,ACSL1,acyl-CoA synthetase long chain family member 1,0.2664415933783881,0,0,0.0,0.0,0.0,0.1331327126129314,0.0,0.0,0.4316195537401793,0,0,-0.6262548262548262,0.0,0.0,0,8.52,32
ENSG00000197619,Q8N8J6,ZNF615,zinc finger protein 615,0.2663705560378703,0,0,0.0,0.0,0.0,0.0,0.0,0.0,0.4381593383397598,0,0,0.577164920022063,0.0,0.0,0,0.0,0
ENSG00000174640,Q92959,SLCO2A1,solute carrier organic anion transporter family member 2A1,0.2660457317863765,0,0,0.0,0.0,0.0,0.0638327337492202,0.0,0.0,0.4344333904235044,0,0,0.1265306122448979,0.0,0.0,0,7.64,3
ENSG00000100997,Q8N2K0,ABHD12,"abhydrolase domain containing 12, lysophospholipase",0.2659979812699338,0,0,0.0,0.0,0.0,0.030396539880581,0.4360266541432329,0.0,0.0,0,0,-0.0009928295642581,1.0,0.0,0,7.1,14
ENSG00000129910,P55291,CDH15,cadherin 15,0.265995447091052,0,0,0.0,0.0,0.0,0.0,0.4375423126054295,0.0,0.0,0,0,0.6142305570877,0.0,0.0,0,0.0,0
ENSG00000006576,Q8N3S3,PHTF2,putative homeodomain transcription factor 2,0.2658148010293492,0,0,0.0,0.0,0.0,0.0,0.0,0.0,0.4372451635509441,0,0,0.2563706563706565,0.0,0.0,0,0.0,0
ENSG00000079841,Q86UR5,RIMS1,regulating synaptic membrane exocytosis 1,0.2657562371292102,0,0,0.0,0.0552460152235059,0.0,0.0960495335449289,0.4311186644777186,0.0,0.0,0,0,-0.6940981798124655,0.0,0.0552460152235059,0,0.0,0
ENSG00000112297,Q9Y4K1,CRYBG1,crystallin beta-gamma domain containing 1,0.2655339260634207,0,0,0.0,0.0,0.0,0.0607930797611621,0.4337434915716411,0.0,0.0,0,0,-0.1950358521787093,0.0,0.0,0,0.0,0
ENSG00000198589,P50851,LRBA,LPS responsive beige-like anchor protein,0.2655268980346442,0,0,0.0,0.0,0.0,0.030396539880581,0.4352517579919928,0.0,0.0,0,0,-0.6719249862107005,0.0,0.0,0,6.78,3
ENSG00000107968,P41279,MAP3K8,mitogen-activated protein kinase kinase kinase 8,0.2653978498674473,2,1,0.0,0.0,0.0,0.2667515905086792,0.0,0.0,0.4232217310245766,1,0,-0.5941533370104799,0.0,0.0,1,8.8,268
ENSG00000169855,Q9Y6N7,ROBO1,roundabout guidance receptor 1,0.2653591382123382,0,0,0.0,0.0,0.0,0.0151982699402905,0.4357357193198377,0.0,0.0,0,0,-0.1931605074462217,0.0,0.0,0,0.0,0
ENSG00000133636,P30990,NTS,neurotensin,0.2651226615645604,0,0,0.0,0.0,0.0,0.313377341202426,0.0,0.0,0.4204377796275418,0,0,0.8531715388858245,0.0,0.0,0,0.0,0
ENSG00000091436,Q9NYL2,MAP3K20,mitogen-activated protein kinase kinase kinase 20,0.2647051664257784,0,0,0.0,0.0,0.0,0.2756660722776802,0.4216365952721835,0.0,0.0,0,0,-0.6092664092664093,0.0,0.0,0,8.72,355
ENSG00000152475,Q96EG3,ZNF837,zinc finger protein 837,0.2644978519431452,0,0,0.0,0.0,0.0,0.0,0.0,0.0,0.4350788823041675,0,0,0.0,0.0,0.0,0,0.0,0
ENSG00000169504,Q9Y696,CLIC4,chloride intracellular channel 4,0.2643431546298255,0,0,0.0,0.0263588662883994,0.0,0.2336823042359014,0.4225545491744218,0.0,0.0,0,0,-0.1170435741864313,0.0,0.0263588662883994,0,7.27,4
ENSG00000115977,Q2M2I8,AAK1,AP2 associated kinase 1,0.2642944055238074,0,0,0.0,0.0638614907831879,0.0,0.1462349292979317,0.0,0.0,0.4260133376881517,0,0,-0.7884169884169885,1.0,0.0638614907831879,0,10.15,2432
ENSG00000115825,O94806,PRKD3,protein kinase D3,0.2641846018520403,4,4,0.0,0.0,0.0,0.0425129384163126,0.4324379627695354,0.0,0.0,1,0,-0.4625482625482625,0.0,0.0,1,9.0,558
ENSG00000006634,Q9UBU7,DBF4,DBF4-CDC7 kinase regulatory subunit,0.2641056303259054,0,0,0.0,0.0,0.0,0.0,0.0,0.0,0.4344337075264121,0,0,-0.714396028681743,0.0,0.0,0,0.0,0
ENSG00000171100,Q13496,MTM1,myotubularin 1,0.2636367354603641,0,0,0.0,0.0,0.0,0.0408664591727811,0.0,0.0,0.431619088118599,0,0,0.0,0.0,0.0,0,0.0,0
ENSG00000116685,Q8IYS2,KIAA2013,KIAA2013,0.2636061411183684,0,0,0.0,0.0,0.0,0.0455948098208715,0.4313323452167349,0.0,0.0,0,0,-0.1580805295091009,0.0,0.0,0,0.0,0
ENSG00000171103,Q9BVS5,TRMT61B,tRNA methyltransferase 61B,0.2633153980029811,0,0,0.0,0.0,0.0,0.030291840687659,0.0,0.0,0.43161924332561,0,0,0.5476006618863762,0.0,0.0,0,0.0,0
ENSG00000143515,P98198,ATP8B2,ATPase phospholipid transporting 8B2,0.2623946308594624,0,0,0.0,0.0,0.0,0.0,0.0,0.0,0.43161924332561,0,0,-0.5396580253723111,0.0,0.0,0,0.0,0
